faostat_country_code,m49_code,country,year,production_tonnes,production_flag,area_harvested_ha,area_harvested_flag,yield_kg_ha,yield_flag
2,004,Afghanistan,1961,1000.0,E,600.0,E,1666.7,E
2,004,Afghanistan,1962,1100.0,E,600.0,E,1833.3,E
2,004,Afghanistan,1963,1000.0,E,600.0,E,1666.7,E
2,004,Afghanistan,1964,1100.0,E,600.0,E,1833.3,E
2,004,Afghanistan,1965,1000.0,E,600.0,E,1666.7,E
2,004,Afghanistan,1966,1100.0,E,600.0,E,1833.3,E
2,004,Afghanistan,1967,1000.0,E,600.0,E,1666.7,E
2,004,Afghanistan,1968,1200.0,E,600.0,E,2000.0,E
2,004,Afghanistan,1969,1000.0,E,600.0,E,1666.7,E
2,004,Afghanistan,1970,1200.0,E,600.0,E,2000.0,E
2,004,Afghanistan,1971,1000.0,E,600.0,E,1666.7,E
2,004,Afghanistan,1972,1200.0,E,600.0,E,2000.0,E
2,004,Afghanistan,1973,1000.0,E,600.0,E,1666.7,E
2,004,Afghanistan,1974,1300.0,E,600.0,E,2166.7,E
2,004,Afghanistan,1975,1000.0,E,600.0,E,1666.7,E
2,004,Afghanistan,1976,1336.0,A,600.0,E,2226.7,E
2,004,Afghanistan,1977,1375.0,A,600.0,E,2291.7,E
2,004,Afghanistan,1978,1319.0,A,623.0,A,2117.2,A
2,004,Afghanistan,1979,900.0,E,800.0,E,1125.0,E
2,004,Afghanistan,1980,1170.0,A,1000.0,E,1170.0,E
2,004,Afghanistan,1981,1000.0,E,1200.0,E,833.3,E
2,004,Afghanistan,1982,800.0,E,1250.0,E,640.0,E
2,004,Afghanistan,1983,500.0,E,1300.0,E,384.6,E
2,004,Afghanistan,1984,194.0,A,1385.0,A,140.1,A
2,004,Afghanistan,1985,803.0,A,1385.0,A,579.8,A
2,004,Afghanistan,1986,2001.0,A,1385.0,A,1444.8,A
2,004,Afghanistan,1987,900.0,E,1300.0,E,692.3,E
2,004,Afghanistan,1988,1070.0,A,1300.0,E,823.1,E
2,004,Afghanistan,1989,800.0,E,1300.0,E,615.4,E
2,004,Afghanistan,1990,1100.0,E,1420.0,E,774.6,E
2,004,Afghanistan,1991,900.0,A,1300.0,A,692.3,A
2,004,Afghanistan,1992,1100.0,A,1300.0,A,846.2,A
2,004,Afghanistan,1993,900.0,A,1300.0,A,692.3,A
2,004,Afghanistan,1994,1100.0,A,1300.0,A,846.2,A
2,004,Afghanistan,1995,900.0,A,1300.0,A,692.3,A
2,004,Afghanistan,1996,1100.0,A,1300.0,A,846.2,A
2,004,Afghanistan,1997,900.0,A,1300.0,A,692.3,A
2,004,Afghanistan,1998,1100.0,A,1300.0,A,846.2,A
2,004,Afghanistan,1999,900.0,A,1300.0,A,692.3,A
2,004,Afghanistan,2000,1100.0,A,1300.0,A,846.2,A
2,004,Afghanistan,2001,900.0,A,1300.0,A,692.3,A
2,004,Afghanistan,2002,1100.0,A,1300.0,A,846.2,A
2,004,Afghanistan,2003,2400.0,A,2400.0,A,1000.0,A
2,004,Afghanistan,2004,2550.0,A,1000.0,A,2550.0,A
2,004,Afghanistan,2005,2712.0,A,1105.0,A,2454.3,A
2,004,Afghanistan,2006,1592.0,A,2300.0,A,692.2,A
2,004,Afghanistan,2007,1592.0,A,2300.0,A,692.2,A
2,004,Afghanistan,2008,5800.0,E,2300.0,A,2521.7,E
2,004,Afghanistan,2009,9000.0,A,2000.0,A,4500.0,A
2,004,Afghanistan,2010,7300.0,A,2200.0,A,3318.2,A
2,004,Afghanistan,2011,6600.0,A,2200.0,A,3000.0,A
2,004,Afghanistan,2012,6600.0,A,2200.0,A,3000.0,A
2,004,Afghanistan,2013,6684.79,I,2200.0,A,3038.5,E
2,004,Afghanistan,2014,6916.19,I,2200.0,A,3143.7,E
2,004,Afghanistan,2015,7472.33,I,2200.0,A,3396.5,E
2,004,Afghanistan,2016,8000.6,I,2200.0,A,3636.6,E
2,004,Afghanistan,2017,7463.04,E,2209.0,I,3377.9,E
2,004,Afghanistan,2018,7645.32,E,2208.0,I,3462.2,E
2,004,Afghanistan,2019,7926.57,I,2206.0,I,3593.7,E
2,004,Afghanistan,2020,7678.31,E,2163.0,I,3549.1,E
2,004,Afghanistan,2021,7750.07,E,2192.0,E,3534.9,E
2,004,Afghanistan,2022,7954.92,I,2187.0,E,3637.0,E
2,004,Afghanistan,2023,8031.1,I,2181.0,E,3682.2,E
2,004,Afghanistan,2024,7912.03,E,2187.0,E,3617.9,E
3,008,Albania,1961,17800.0,E,18600.0,A,957.0,E
3,008,Albania,1962,27000.0,E,19400.0,A,1391.8,E
3,008,Albania,1963,27200.0,E,21000.0,A,1295.2,E
3,008,Albania,1964,48000.0,E,22900.0,A,2096.1,E
3,008,Albania,1965,30000.0,E,25100.0,A,1195.2,E
3,008,Albania,1966,32000.0,E,26400.0,A,1212.1,E
3,008,Albania,1967,33000.0,E,29800.0,A,1107.4,E
3,008,Albania,1968,34000.0,E,31400.0,A,1082.8,E
3,008,Albania,1969,31000.0,E,32800.0,A,945.1,E
3,008,Albania,1970,20000.0,E,36400.0,A,549.5,E
3,008,Albania,1971,38000.0,E,36900.0,A,1029.8,E
3,008,Albania,1972,40000.0,E,37000.0,E,1081.1,E
3,008,Albania,1973,53000.0,E,39800.0,A,1331.7,E
3,008,Albania,1974,47000.0,E,40000.0,E,1175.0,E
3,008,Albania,1975,52000.0,E,40000.0,E,1300.0,E
3,008,Albania,1976,42000.0,E,42000.0,E,1000.0,E
3,008,Albania,1977,52000.0,E,44000.0,E,1181.8,E
3,008,Albania,1978,38000.0,E,43000.0,E,883.7,E
3,008,Albania,1979,32000.0,E,42800.0,A,747.7,E
3,008,Albania,1980,26900.0,A,43400.0,A,619.8,A
3,008,Albania,1981,24000.0,A,43400.0,A,553.0,A
3,008,Albania,1982,17700.0,A,43600.0,A,406.0,A
3,008,Albania,1983,45000.0,A,43700.0,A,1029.7,A
3,008,Albania,1984,25000.0,E,30000.0,E,833.3,E
3,008,Albania,1985,33400.0,A,44000.0,A,759.1,A
3,008,Albania,1986,17900.0,A,44000.0,A,406.8,A
3,008,Albania,1987,37700.0,A,44300.0,A,851.0,A
3,008,Albania,1988,23400.0,A,44500.0,A,525.8,A
3,008,Albania,1989,31100.0,A,44600.0,A,697.3,A
3,008,Albania,1990,10000.0,A,45000.0,A,222.2,A
3,008,Albania,1991,35300.0,A,45000.0,A,784.4,A
3,008,Albania,1992,20200.0,A,45000.0,A,448.9,A
3,008,Albania,1993,25300.0,A,45000.0,A,562.2,A
3,008,Albania,1994,30000.0,A,45000.0,A,666.7,A
3,008,Albania,1995,38763.0,A,45000.0,A,861.4,A
3,008,Albania,1996,27660.0,A,44000.0,A,628.6,A
3,008,Albania,1997,33347.0,A,44000.0,A,757.9,A
3,008,Albania,1998,46876.0,A,44011.0,A,1065.1,A
3,008,Albania,1999,42012.0,A,43679.0,A,961.8,A
3,008,Albania,2000,36200.0,A,32600.0,A,1110.4,A
3,008,Albania,2001,39600.0,A,26396.0,A,1500.2,A
3,008,Albania,2002,27300.0,A,28000.0,A,975.0,A
3,008,Albania,2003,27933.0,A,33600.0,A,831.3,A
3,008,Albania,2004,58700.0,A,33500.0,E,1752.2,E
3,008,Albania,2005,30200.0,A,28500.0,E,1059.6,E
3,008,Albania,2006,40200.0,A,35000.0,E,1148.6,E
3,008,Albania,2007,27600.0,A,25000.0,E,1104.0,E
3,008,Albania,2008,56200.0,A,45000.0,E,1248.9,E
3,008,Albania,2009,78000.0,A,40000.0,E,1950.0,E
3,008,Albania,2010,70000.0,A,34242.0,I,2044.3,E
3,008,Albania,2011,65400.0,A,29355.0,I,2227.9,E
3,008,Albania,2012,108000.0,A,36259.0,A,2978.6,A
3,008,Albania,2013,92000.0,A,37941.0,A,2424.8,A
3,008,Albania,2014,98000.0,A,39964.0,A,2452.2,A
3,008,Albania,2015,96000.05,A,41504.0,A,2313.0,A
3,008,Albania,2016,99075.0,A,38889.0,A,2547.6,A
3,008,Albania,2017,107830.0,A,45426.0,A,2373.8,A
3,008,Albania,2018,117573.0,A,46378.0,A,2535.1,A
3,008,Albania,2019,98313.0,A,47136.0,A,2085.7,A
3,008,Albania,2020,131971.0,A,48102.0,A,2743.6,A
3,008,Albania,2021,110164.5,A,48723.0,A,2261.0,A
3,008,Albania,2022,157710.0,A,49476.0,A,3187.6,A
3,008,Albania,2023,117618.05,A,50404.0,A,2333.5,A
3,008,Albania,2024,146726.0,A,51115.0,A,2870.5,A
4,012,Algeria,1961,160000.0,A,,A,,
4,012,Algeria,1962,143000.0,A,,A,,
4,012,Algeria,1963,148300.0,A,,A,,
4,012,Algeria,1964,148559.0,A,,A,,
4,012,Algeria,1965,153169.0,A,,A,,
4,012,Algeria,1966,143030.0,A,,A,,
4,012,Algeria,1967,138189.0,A,,A,,
4,012,Algeria,1968,171639.0,A,,A,,
4,012,Algeria,1969,118902.0,A,97260.0,A,1222.5,A
4,012,Algeria,1970,137571.0,A,98840.0,A,1391.9,A
4,012,Algeria,1971,167836.0,A,125090.0,A,1341.7,A
4,012,Algeria,1972,171550.0,A,146300.0,A,1172.6,A
4,012,Algeria,1973,119061.0,A,151130.0,A,787.8,A
4,012,Algeria,1974,172896.0,A,166220.0,A,1040.2,A
4,012,Algeria,1975,197267.0,A,175910.0,A,1121.4,A
4,012,Algeria,1976,221015.0,A,184080.0,A,1200.6,A
4,012,Algeria,1977,116363.0,A,167020.0,A,696.7,A
4,012,Algeria,1978,88414.0,A,171220.0,A,516.4,A
4,012,Algeria,1979,156920.0,A,182180.0,A,861.3,A
4,012,Algeria,1980,103431.0,A,179540.0,A,576.1,A
4,012,Algeria,1981,213812.0,A,176370.0,A,1212.3,A
4,012,Algeria,1982,143265.0,A,176880.0,A,810.0,A
4,012,Algeria,1983,135317.0,A,184260.0,A,734.4,A
4,012,Algeria,1984,102031.0,A,161260.0,A,632.7,A
4,012,Algeria,1985,159155.0,A,162740.0,A,978.0,A
4,012,Algeria,1986,201625.0,A,164630.0,A,1224.7,A
4,012,Algeria,1987,168172.0,A,161680.0,A,1040.2,A
4,012,Algeria,1988,142892.0,A,161150.0,A,886.7,A
4,012,Algeria,1989,92453.0,A,161500.0,A,572.5,A
4,012,Algeria,1990,177907.0,A,170170.0,A,1045.5,A
4,012,Algeria,1991,87736.0,A,164520.0,A,533.3,A
4,012,Algeria,1992,265520.0,A,164290.0,A,1616.2,A
4,012,Algeria,1993,206073.0,A,161380.0,A,1276.9,A
4,012,Algeria,1994,170360.0,A,161260.0,A,1056.4,A
4,012,Algeria,1995,130964.0,A,160780.0,A,814.6,A
4,012,Algeria,1996,313334.0,A,165040.0,A,1898.5,A
4,012,Algeria,1997,319474.0,A,162840.0,A,1961.9,A
4,012,Algeria,1998,124060.0,A,165260.0,A,750.7,A
4,012,Algeria,1999,363381.0,A,165600.0,A,2194.3,A
4,012,Algeria,2000,217112.0,A,168080.0,A,1291.7,A
4,012,Algeria,2001,200339.0,A,177220.0,A,1130.5,A
4,012,Algeria,2002,191926.0,A,190550.0,A,1007.2,A
4,012,Algeria,2003,167627.0,A,209730.0,A,799.3,A
4,012,Algeria,2004,468800.0,A,226337.0,A,2071.2,A
4,012,Algeria,2005,316489.0,A,239352.0,A,1322.3,A
4,012,Algeria,2006,264733.0,A,263352.0,A,1005.2,A
4,012,Algeria,2007,208952.0,A,276253.0,A,756.4,A
4,012,Algeria,2008,254067.0,A,282460.0,A,899.5,A
4,012,Algeria,2009,475182.0,A,288442.0,A,1647.4,A
4,012,Algeria,2010,311252.0,A,294200.0,A,1058.0,A
4,012,Algeria,2011,610776.0,A,311930.0,A,1958.1,A
4,012,Algeria,2012,393840.0,A,328884.0,A,1197.5,A
4,012,Algeria,2013,578740.0,A,348196.0,A,1662.1,A
4,012,Algeria,2014,482860.0,A,383443.0,A,1259.3,A
4,012,Algeria,2015,653725.0,A,406571.0,A,1607.9,A
4,012,Algeria,2016,696431.48,A,423683.0,A,1643.8,A
4,012,Algeria,2017,684460.56,A,432959.0,A,1580.9,A
4,012,Algeria,2018,860784.44,A,431009.0,A,1997.1,A
4,012,Algeria,2019,868754.0,A,431506.0,A,2013.3,A
4,012,Algeria,2020,1079508.0,A,438828.0,A,2460.0,A
4,012,Algeria,2021,704619.0,A,440008.0,A,1601.4,A
4,012,Algeria,2022,850868.13,I,470759.0,I,1807.4,E
4,012,Algeria,2023,913339.99,I,486141.0,I,1878.8,E
4,012,Algeria,2024,913242.78,I,474116.0,I,1926.2,E
9,032,Argentina,1961,36000.0,A,,M,,
9,032,Argentina,1962,45000.0,A,,M,,
9,032,Argentina,1963,54000.0,A,,M,,
9,032,Argentina,1964,55600.0,A,,M,,
9,032,Argentina,1965,65200.0,A,,M,,
9,032,Argentina,1966,49000.0,A,,M,,
9,032,Argentina,1967,78077.0,A,,M,,
9,032,Argentina,1968,45647.0,A,,M,,
9,032,Argentina,1969,75981.0,A,,M,,
9,032,Argentina,1970,48992.0,A,,M,,
9,032,Argentina,1971,86262.0,A,,M,,
9,032,Argentina,1972,59034.0,A,,M,,
9,032,Argentina,1973,128000.0,A,,M,,
9,032,Argentina,1974,92200.0,A,,M,,
9,032,Argentina,1975,89000.0,A,,M,,
9,032,Argentina,1976,79300.0,A,,M,,
9,032,Argentina,1977,94000.0,A,,M,,
9,032,Argentina,1978,75000.0,A,,M,,
9,032,Argentina,1979,95000.0,A,,M,,
9,032,Argentina,1980,82000.0,A,,M,,
9,032,Argentina,1981,99000.0,A,,M,,
9,032,Argentina,1982,88400.0,A,,M,,
9,032,Argentina,1983,108000.0,A,,M,,
9,032,Argentina,1984,81500.0,A,,M,,
9,032,Argentina,1985,64800.0,A,23000.0,E,2817.4,E
9,032,Argentina,1986,75600.0,A,25000.0,E,3024.0,E
9,032,Argentina,1987,73700.0,A,24000.0,E,3070.8,E
9,032,Argentina,1988,111200.0,A,37000.0,E,3005.4,E
9,032,Argentina,1989,79000.0,E,24000.0,E,3291.7,E
9,032,Argentina,1990,88000.0,E,29000.0,E,3034.5,E
9,032,Argentina,1991,121000.0,E,40000.0,E,3025.0,E
9,032,Argentina,1992,68000.0,E,23000.0,E,2956.5,E
9,032,Argentina,1993,80000.0,A,26000.0,E,3076.9,E
9,032,Argentina,1994,77452.0,A,27903.0,A,2775.8,A
9,032,Argentina,1995,88683.0,A,28465.0,A,3115.5,A
9,032,Argentina,1996,91940.0,A,27703.0,A,3318.8,A
9,032,Argentina,1997,91940.0,E,27700.0,E,3319.1,E
9,032,Argentina,1998,88000.0,E,27000.0,E,3259.3,E
9,032,Argentina,1999,90000.0,E,29000.0,E,3103.4,E
9,032,Argentina,2000,110000.0,E,35000.0,E,3142.9,E
9,032,Argentina,2001,90000.0,E,29000.0,E,3103.4,E
9,032,Argentina,2002,93000.0,E,30000.0,E,3100.0,E
9,032,Argentina,2003,99000.0,E,33000.0,E,3000.0,E
9,032,Argentina,2004,147600.0,E,45000.0,E,3280.0,E
9,032,Argentina,2005,155000.0,E,50000.0,E,3100.0,E
9,032,Argentina,2006,170000.0,E,55000.0,E,3090.9,E
9,032,Argentina,2007,176000.0,E,58500.0,E,3008.5,E
9,032,Argentina,2008,183000.0,E,61000.0,E,3000.0,E
9,032,Argentina,2009,169000.0,E,56000.0,E,3017.9,E
9,032,Argentina,2010,353842.0,E,126400.0,E,2799.4,E
9,032,Argentina,2011,248261.0,E,88700.0,E,2798.9,E
9,032,Argentina,2012,360922.0,E,128900.0,E,2800.0,E
9,032,Argentina,2013,216609.0,E,77400.0,E,2798.6,E
9,032,Argentina,2014,341865.0,E,122410.0,I,2792.8,E
9,032,Argentina,2015,334848.0,E,118548.0,I,2824.6,E
9,032,Argentina,2016,247555.0,E,87295.0,I,2835.8,E
9,032,Argentina,2017,400000.0,X,141571.0,I,2825.4,E
9,032,Argentina,2018,303989.13,E,108213.0,I,2809.2,E
9,032,Argentina,2019,321000.0,E,114945.0,I,2792.6,E
9,032,Argentina,2020,321000.0,E,115467.0,I,2780.0,E
9,032,Argentina,2021,339371.71,I,122291.0,I,2775.1,E
9,032,Argentina,2022,353955.6,I,128115.0,I,2762.8,E
9,032,Argentina,2023,342363.8,I,124403.0,I,2752.1,E
9,032,Argentina,2024,347381.23,I,126720.0,I,2741.3,E
10,036,Australia,1961,1080.0,A,1088.0,A,992.6,A
10,036,Australia,1962,958.0,A,1018.0,A,941.1,A
10,036,Australia,1963,1056.0,A,1045.0,A,1010.5,A
10,036,Australia,1964,1627.0,A,1088.0,A,1495.4,A
10,036,Australia,1965,1058.0,A,1109.0,A,954.0,A
10,036,Australia,1966,1762.0,A,1108.0,A,1590.3,A
10,036,Australia,1967,1314.0,A,862.0,A,1524.4,A
10,036,Australia,1968,2189.0,A,1293.0,A,1693.0,A
10,036,Australia,1969,2243.0,A,1264.0,A,1774.5,A
10,036,Australia,1970,1939.0,A,1296.0,A,1496.1,A
10,036,Australia,1971,2256.0,A,1300.0,E,1735.4,E
10,036,Australia,1972,2283.0,A,1300.0,E,1756.2,E
10,036,Australia,1973,2503.0,A,1300.0,E,1925.4,E
10,036,Australia,1974,2521.0,A,1300.0,E,1939.2,E
10,036,Australia,1975,1979.0,A,1200.0,E,1649.2,E
10,036,Australia,1976,3144.0,A,1300.0,E,2418.5,E
10,036,Australia,1977,1981.0,A,1500.0,E,1320.7,E
10,036,Australia,1978,2724.0,A,1300.0,E,2095.4,E
10,036,Australia,1979,3000.0,E,1400.0,E,2142.9,E
10,036,Australia,1980,1537.0,A,1000.0,E,1537.0,E
10,036,Australia,1981,1537.0,A,1500.0,E,1024.7,E
10,036,Australia,1982,2788.0,A,1500.0,E,1858.7,E
10,036,Australia,1983,868.0,A,1000.0,E,868.0,E
10,036,Australia,1984,1475.0,A,800.0,E,1843.8,E
10,036,Australia,1985,1520.0,A,800.0,E,1900.0,E
10,036,Australia,1986,1284.0,A,800.0,E,1605.0,E
10,036,Australia,1987,486.0,A,500.0,E,972.0,E
10,036,Australia,1988,597.0,A,400.0,E,1492.5,E
10,036,Australia,1989,523.0,A,400.0,E,1307.5,E
10,036,Australia,1990,534.0,A,300.0,E,1780.0,E
10,036,Australia,1991,684.0,A,400.0,E,1710.0,E
10,036,Australia,1992,933.0,A,600.0,E,1555.0,E
10,036,Australia,1993,801.0,A,513.0,I,1562.1,E
10,036,Australia,1994,936.0,A,595.0,I,1573.5,E
10,036,Australia,1995,900.0,E,571.0,I,1575.4,E
10,036,Australia,1996,800.0,E,550.0,E,1454.5,E
10,036,Australia,1997,642.0,A,450.0,E,1426.7,E
10,036,Australia,1998,763.0,A,500.0,E,1526.0,E
10,036,Australia,1999,2404.0,A,1200.0,E,2003.3,E
10,036,Australia,2000,1397.0,A,763.0,I,1831.3,E
10,036,Australia,2001,2370.0,A,1454.0,X,1630.0,E
10,036,Australia,2002,1428.0,A,1000.0,E,1428.0,E
10,036,Australia,2003,3191.0,A,1500.0,E,2127.3,E
10,036,Australia,2004,6540.0,A,3150.0,E,2076.2,E
10,036,Australia,2005,23041.0,A,11000.0,E,2094.6,E
10,036,Australia,2006,42177.0,A,20000.0,E,2108.8,E
10,036,Australia,2007,57123.0,A,27000.0,E,2115.7,E
10,036,Australia,2008,60000.0,E,28600.0,E,2097.9,E
10,036,Australia,2009,62655.0,A,30000.0,E,2088.5,E
10,036,Australia,2010,90000.0,E,41000.0,E,2195.1,E
10,036,Australia,2011,91067.0,A,42010.0,I,2167.7,E
10,036,Australia,2012,99483.3,I,45228.0,I,2199.6,E
10,036,Australia,2013,93516.0,A,41949.0,I,2229.3,E
10,036,Australia,2014,65851.0,A,29245.0,I,2251.7,E
10,036,Australia,2015,84500.0,E,36726.0,I,2300.8,E
10,036,Australia,2016,86800.0,E,37508.0,I,2314.2,E
10,036,Australia,2017,122570.0,A,52586.0,I,2330.8,E
10,036,Australia,2018,89700.0,E,38213.0,I,2347.4,E
10,036,Australia,2019,86192.0,A,36314.0,I,2373.5,E
10,036,Australia,2020,48204.03,A,20143.0,I,2393.1,E
10,036,Australia,2021,130000.0,A,53095.0,I,2448.4,E
10,036,Australia,2022,77000.0,A,31482.0,I,2445.9,E
10,036,Australia,2023,100536.0,A,40758.0,I,2466.7,E
10,036,Australia,2024,81809.0,A,32889.0,I,2487.5,E
11,040,Austria,2018,,A,,A,,
11,040,Austria,2019,,A,,A,,
11,040,Austria,2020,,A,,A,,
11,040,Austria,2021,,A,,A,,
11,040,Austria,2022,,A,,A,,
11,040,Austria,2023,,A,,A,,
11,040,Austria,2024,,A,,A,,
52,031,Azerbaijan,1992,112.0,A,1953.0,A,57.3,A
52,031,Azerbaijan,1993,97.0,A,1912.0,A,50.7,A
52,031,Azerbaijan,1994,91.0,A,1898.0,A,47.9,A
52,031,Azerbaijan,1995,91.0,A,1862.0,A,48.9,A
52,031,Azerbaijan,1996,90.0,A,1495.0,A,60.2,A
52,031,Azerbaijan,1997,86.0,A,1409.0,A,61.0,A
52,031,Azerbaijan,1998,109.0,A,1276.0,A,85.4,A
52,031,Azerbaijan,1999,345.0,A,1470.0,A,234.7,A
52,031,Azerbaijan,2000,952.0,A,1468.0,A,648.5,A
52,031,Azerbaijan,2001,1083.0,A,1483.0,A,730.3,A
52,031,Azerbaijan,2002,656.0,A,1551.0,A,423.0,A
52,031,Azerbaijan,2003,1325.0,A,1524.0,A,869.4,A
52,031,Azerbaijan,2004,1857.0,A,1508.0,A,1231.4,A
52,031,Azerbaijan,2005,984.0,A,1518.0,A,648.2,A
52,031,Azerbaijan,2006,1148.0,A,1542.0,A,744.5,A
52,031,Azerbaijan,2007,836.0,A,1768.0,A,472.9,A
52,031,Azerbaijan,2008,1517.0,A,1775.0,A,854.6,A
52,031,Azerbaijan,2009,1498.0,A,1857.0,A,806.7,A
52,031,Azerbaijan,2010,1863.0,A,1856.0,A,1003.8,A
52,031,Azerbaijan,2011,1659.0,A,1856.0,A,893.9,A
52,031,Azerbaijan,2012,1335.0,A,1817.0,A,734.7,A
52,031,Azerbaijan,2013,840.0,A,1692.0,A,496.5,A
52,031,Azerbaijan,2014,847.0,A,1725.0,A,491.0,A
52,031,Azerbaijan,2015,1066.0,A,1724.0,A,618.3,A
52,031,Azerbaijan,2016,1586.2,A,2979.0,A,532.5,A
52,031,Azerbaijan,2017,1679.5,A,2777.0,A,604.8,A
52,031,Azerbaijan,2018,1073.0,A,3259.0,A,329.2,A
52,031,Azerbaijan,2019,1162.6,A,2741.0,A,424.2,A
52,031,Azerbaijan,2020,968.6,A,4164.0,A,232.6,A
52,031,Azerbaijan,2021,1510.5,A,4365.0,A,346.1,A
52,031,Azerbaijan,2022,3171.7,A,6014.0,A,527.4,A
52,031,Azerbaijan,2023,5691.4,A,6320.0,A,900.6,A
52,031,Azerbaijan,2024,4385.77,E,8742.0,I,501.7,E
255,056,Belgium,2018,,A,,A,,
255,056,Belgium,2019,,A,,A,,
255,056,Belgium,2020,,A,,A,,
255,056,Belgium,2021,,A,,A,,
255,056,Belgium,2022,,A,,A,,
255,056,Belgium,2023,,A,,A,,
255,056,Belgium,2024,,A,,A,,
80,070,Bosnia and Herzegovina,1992,,M,,M,,
80,070,Bosnia and Herzegovina,1993,,M,,M,,
80,070,Bosnia and Herzegovina,1994,,M,,M,,
80,070,Bosnia and Herzegovina,1995,,M,,M,,
80,070,Bosnia and Herzegovina,1996,,M,,M,,
80,070,Bosnia and Herzegovina,1997,,M,,M,,
80,070,Bosnia and Herzegovina,1998,,M,,M,,
80,070,Bosnia and Herzegovina,1999,,M,,M,,
80,070,Bosnia and Herzegovina,2000,,M,,M,,
80,070,Bosnia and Herzegovina,2001,,M,,M,,
80,070,Bosnia and Herzegovina,2002,,M,,M,,
80,070,Bosnia and Herzegovina,2003,,M,,M,,
80,070,Bosnia and Herzegovina,2004,49.0,A,50.0,E,980.0,E
80,070,Bosnia and Herzegovina,2005,44.0,A,47.0,I,928.6,E
80,070,Bosnia and Herzegovina,2006,41.0,A,45.0,I,906.4,E
80,070,Bosnia and Herzegovina,2007,66.0,A,80.0,E,825.0,E
80,070,Bosnia and Herzegovina,2008,101.0,A,110.0,E,918.2,E
80,070,Bosnia and Herzegovina,2009,97.0,A,100.0,E,970.0,E
80,070,Bosnia and Herzegovina,2010,123.0,A,114.0,I,1079.1,E
80,070,Bosnia and Herzegovina,2011,153.0,A,129.0,I,1187.9,E
80,070,Bosnia and Herzegovina,2012,153.0,A,110.0,E,1390.9,E
80,070,Bosnia and Herzegovina,2013,153.0,A,110.0,E,1390.9,E
80,070,Bosnia and Herzegovina,2014,190.0,A,135.0,E,1407.4,E
80,070,Bosnia and Herzegovina,2015,303.0,A,209.0,I,1450.8,E
80,070,Bosnia and Herzegovina,2016,359.0,A,241.0,I,1486.8,E
80,070,Bosnia and Herzegovina,2017,281.4,A,184.0,I,1526.0,E
80,070,Bosnia and Herzegovina,2018,610.0,A,322.0,I,1892.5,E
80,070,Bosnia and Herzegovina,2019,776.0,A,325.0,I,2388.9,E
80,070,Bosnia and Herzegovina,2020,985.0,A,459.0,I,2145.8,E
80,070,Bosnia and Herzegovina,2021,839.0,A,414.0,I,2026.8,E
80,070,Bosnia and Herzegovina,2022,576.0,A,310.0,A,1858.1,A
80,070,Bosnia and Herzegovina,2023,504.0,A,310.0,A,1625.8,A
80,070,Bosnia and Herzegovina,2024,564.0,A,347.0,A,1625.4,A
21,076,Brazil,1961,442.0,A,,M,,
21,076,Brazil,1962,575.0,A,,M,,
21,076,Brazil,1963,718.0,A,,M,,
21,076,Brazil,1964,865.0,A,,M,,
21,076,Brazil,1965,871.0,A,,M,,
21,076,Brazil,1966,889.0,A,,M,,
21,076,Brazil,1967,1042.0,A,,M,,
21,076,Brazil,1968,1044.0,A,,M,,
21,076,Brazil,1969,1042.0,A,,M,,
21,076,Brazil,1970,1086.0,A,,M,,
21,076,Brazil,1971,1000.0,A,,M,,
21,076,Brazil,1972,832.0,A,,M,,
21,076,Brazil,1973,834.0,A,,M,,
21,076,Brazil,1974,1027.0,A,,M,,
21,076,Brazil,1975,1059.0,A,,M,,
21,076,Brazil,1976,1190.0,A,,M,,
21,076,Brazil,1977,977.0,A,,M,,
21,076,Brazil,1978,973.0,A,,M,,
21,076,Brazil,1979,975.0,A,,M,,
21,076,Brazil,1980,956.0,A,,M,,
21,076,Brazil,1981,248.0,A,,M,,
21,076,Brazil,1982,207.0,A,,M,,
21,076,Brazil,1983,171.0,A,,M,,
21,076,Brazil,1984,95.0,A,,M,,
21,076,Brazil,1985,61.0,A,40.0,E,1525.0,E
21,076,Brazil,1986,35.0,A,40.0,E,875.0,E
21,076,Brazil,1987,24.0,A,40.0,E,600.0,E
21,076,Brazil,1988,11.0,A,40.0,E,275.0,E
21,076,Brazil,1989,29.0,A,40.0,E,725.0,E
21,076,Brazil,1990,52.0,A,39.0,A,1333.3,A
21,076,Brazil,1991,10.0,A,10.0,A,1000.0,A
21,076,Brazil,1992,7.0,A,7.0,A,1000.0,A
21,076,Brazil,1993,21.0,A,16.0,A,1312.5,A
21,076,Brazil,1994,4.0,A,4.0,A,1000.0,A
21,076,Brazil,1995,3.0,A,3.0,A,1000.0,A
21,076,Brazil,1996,63.0,A,43.0,A,1465.1,A
21,076,Brazil,1997,64.0,A,45.0,A,1422.2,A
21,076,Brazil,1998,62.0,A,46.0,A,1347.8,A
21,076,Brazil,1999,1.0,A,5.0,A,200.0,A
21,076,Brazil,2000,4.0,A,11.0,A,363.6,A
21,076,Brazil,2001,2.0,A,6.0,A,333.3,A
21,076,Brazil,2002,2.0,E,6.0,E,333.3,E
21,076,Brazil,2003,2.0,E,6.0,E,333.3,E
21,076,Brazil,2004,3.0,E,9.0,E,333.3,E
21,076,Brazil,2005,2.0,E,6.0,E,333.3,E
21,076,Brazil,2006,2.0,E,6.0,E,333.3,E
21,076,Brazil,2007,1.0,A,6.0,A,166.7,A
21,076,Brazil,2008,1.0,A,6.0,A,166.7,A
21,076,Brazil,2009,1.0,E,6.0,E,166.7,E
21,076,Brazil,2010,39.16,I,43.0,I,905.1,E
21,076,Brazil,2011,77.0,A,43.0,A,1790.7,A
21,076,Brazil,2012,291.0,A,96.0,A,3031.3,A
21,076,Brazil,2013,265.0,A,146.0,A,1815.1,A
21,076,Brazil,2014,512.0,A,241.0,A,2124.5,A
21,076,Brazil,2015,435.0,A,366.0,A,1188.5,A
21,076,Brazil,2016,647.0,A,574.0,A,1127.2,A
21,076,Brazil,2017,1250.0,A,946.0,A,1321.4,A
21,076,Brazil,2018,1620.0,A,1116.0,A,1451.6,A
21,076,Brazil,2019,2496.0,A,1418.0,A,1760.2,A
21,076,Brazil,2020,2651.0,A,1894.0,A,1399.7,A
21,076,Brazil,2021,3417.0,A,2121.0,A,1611.0,A
21,076,Brazil,2022,4588.0,A,3103.0,A,1478.6,A
21,076,Brazil,2023,6862.0,A,3856.0,A,1779.6,A
21,076,Brazil,2024,4499.0,A,4266.0,A,1054.6,A
27,100,Bulgaria,2018,,A,,A,,
27,100,Bulgaria,2019,,A,,A,,
27,100,Bulgaria,2020,,A,,A,,
27,100,Bulgaria,2021,,A,,A,,
27,100,Bulgaria,2022,,A,,A,,
27,100,Bulgaria,2023,,A,,A,,
27,100,Bulgaria,2024,,A,,A,,
40,152,Chile,1961,20000.0,E,,M,,
40,152,Chile,1962,20000.0,E,,M,,
40,152,Chile,1963,20000.0,E,,M,,
40,152,Chile,1964,20000.0,E,,M,,
40,152,Chile,1965,20000.0,E,,M,,
40,152,Chile,1966,20000.0,E,,M,,
40,152,Chile,1967,20000.0,E,,M,,
40,152,Chile,1968,20000.0,E,,M,,
40,152,Chile,1969,15000.0,E,,M,,
40,152,Chile,1970,11000.0,X,,M,,
40,152,Chile,1971,11000.0,X,,M,,
40,152,Chile,1972,11000.0,X,,M,,
40,152,Chile,1973,8000.0,X,,M,,
40,152,Chile,1974,9350.0,A,,M,,
40,152,Chile,1975,11420.0,A,,M,,
40,152,Chile,1976,7410.0,A,,M,,
40,152,Chile,1977,10300.0,A,,M,,
40,152,Chile,1978,7200.0,X,,M,,
40,152,Chile,1979,11225.0,A,,M,,
40,152,Chile,1980,10200.0,X,,M,,
40,152,Chile,1981,8525.0,A,,M,,
40,152,Chile,1982,9165.0,A,,M,,
40,152,Chile,1983,7150.0,A,,M,,
40,152,Chile,1984,6000.0,A,,M,,
40,152,Chile,1985,6440.0,A,3400.0,E,1894.1,E
40,152,Chile,1986,5900.0,A,3400.0,E,1735.3,E
40,152,Chile,1987,8400.0,A,3400.0,E,2470.6,E
40,152,Chile,1988,5200.0,A,3400.0,E,1529.4,E
40,152,Chile,1989,11200.0,A,3400.0,E,3294.1,E
40,152,Chile,1990,6500.0,A,3115.0,E,2086.7,E
40,152,Chile,1991,10000.0,A,4383.0,I,2281.6,E
40,152,Chile,1992,7000.0,A,3055.0,I,2291.4,E
40,152,Chile,1993,11000.0,A,4472.0,I,2459.9,E
40,152,Chile,1994,7000.0,A,2895.0,A,2418.0,A
40,152,Chile,1995,9000.0,A,2916.0,A,3086.4,A
40,152,Chile,1996,8000.0,A,3035.0,A,2635.9,A
40,152,Chile,1997,12000.0,A,4507.0,A,2662.5,A
40,152,Chile,1998,7000.0,A,2800.0,E,2500.0,E
40,152,Chile,1999,12000.0,A,4481.0,A,2678.0,A
40,152,Chile,2000,11500.0,E,5051.0,A,2276.8,E
40,152,Chile,2001,14500.0,A,5306.0,A,2732.8,A
40,152,Chile,2002,18000.0,A,5624.0,A,3200.6,A
40,152,Chile,2003,22000.0,A,5850.0,A,3760.7,A
40,152,Chile,2004,26000.0,A,6000.0,A,4333.3,A
40,152,Chile,2005,26000.0,A,5700.0,A,4561.4,A
40,152,Chile,2006,30000.0,A,5800.0,A,5172.4,A
40,152,Chile,2007,36000.0,A,8000.0,A,4500.0,A
40,152,Chile,2008,38700.0,E,8600.0,A,4500.0,E
40,152,Chile,2009,54000.0,E,12000.0,A,4500.0,E
40,152,Chile,2010,59932.37,I,12874.0,A,4655.3,E
40,152,Chile,2011,73854.65,I,15091.0,A,4894.0,E
40,152,Chile,2012,73613.39,I,15110.0,A,4871.8,E
40,152,Chile,2013,90779.65,I,18307.0,A,4958.7,E
40,152,Chile,2014,103470.0,E,19737.0,A,5242.4,E
40,152,Chile,2015,120075.0,E,20221.0,A,5938.2,E
40,152,Chile,2016,114225.0,E,20343.0,A,5614.8,E
40,152,Chile,2017,129570.0,E,21904.0,A,5915.3,E
40,152,Chile,2018,126000.0,E,22210.0,A,5673.0,E
40,152,Chile,2019,126800.0,E,21951.0,A,5776.5,E
40,152,Chile,2020,137646.33,I,22152.0,A,6213.7,E
40,152,Chile,2021,146700.0,E,21364.0,A,6866.7,E
40,152,Chile,2022,126500.0,E,21141.0,A,5983.6,E
40,152,Chile,2023,137500.0,E,20956.0,A,6561.4,E
40,152,Chile,2024,131656.75,I,19906.0,A,6613.9,E
214,158,"China, Taiwan Province of",1961,1276.0,A,186.0,A,6860.2,A
214,158,"China, Taiwan Province of",1962,1864.0,A,178.0,A,10471.9,A
214,158,"China, Taiwan Province of",1963,1868.0,A,191.0,A,9780.1,A
214,158,"China, Taiwan Province of",1964,2643.0,A,191.0,A,13837.7,A
214,158,"China, Taiwan Province of",1965,1766.0,A,207.0,A,8531.4,A
214,158,"China, Taiwan Province of",1966,1680.0,A,202.0,A,8316.8,A
214,158,"China, Taiwan Province of",1967,1799.0,A,199.0,A,9040.2,A
214,158,"China, Taiwan Province of",1968,3064.0,A,204.0,A,15019.6,A
214,158,"China, Taiwan Province of",1969,2164.0,A,175.0,A,12365.7,A
214,158,"China, Taiwan Province of",1970,1321.0,A,168.0,A,7863.1,A
214,158,"China, Taiwan Province of",1971,1250.0,A,148.0,A,8445.9,A
214,158,"China, Taiwan Province of",1972,910.0,A,134.0,A,6791.0,A
214,158,"China, Taiwan Province of",1973,1125.0,A,114.0,A,9868.4,A
214,158,"China, Taiwan Province of",1974,957.0,A,109.0,A,8779.8,A
214,158,"China, Taiwan Province of",1975,758.0,A,105.0,A,7219.0,A
214,158,"China, Taiwan Province of",1976,1236.0,A,139.0,A,8892.1,A
214,158,"China, Taiwan Province of",1977,855.0,A,77.0,A,11103.9,A
214,158,"China, Taiwan Province of",1978,570.0,A,65.0,A,8769.2,A
214,158,"China, Taiwan Province of",1979,509.0,A,55.0,A,9254.5,A
214,158,"China, Taiwan Province of",1980,522.0,A,64.0,A,8156.3,A
214,158,"China, Taiwan Province of",1981,648.0,A,122.0,A,5311.5,A
214,158,"China, Taiwan Province of",1982,503.0,A,47.0,A,10702.1,A
214,158,"China, Taiwan Province of",1983,639.0,A,47.0,A,13595.7,A
214,158,"China, Taiwan Province of",1984,756.0,A,56.0,A,13500.0,A
214,158,"China, Taiwan Province of",1985,876.0,A,95.0,A,9221.1,A
214,158,"China, Taiwan Province of",1986,1060.0,A,144.0,A,7361.1,A
214,158,"China, Taiwan Province of",1987,1506.0,A,194.0,A,7762.9,A
214,158,"China, Taiwan Province of",1988,1900.0,A,290.0,A,6551.7,A
214,158,"China, Taiwan Province of",1989,3421.0,A,294.0,A,11636.1,A
214,158,"China, Taiwan Province of",1990,3501.0,A,346.0,A,10118.5,A
214,158,"China, Taiwan Province of",1991,3121.0,A,306.0,A,10199.3,A
214,158,"China, Taiwan Province of",1992,2296.0,A,303.0,A,7577.6,A
214,158,"China, Taiwan Province of",1993,2661.0,A,326.0,A,8162.6,A
214,158,"China, Taiwan Province of",1994,2503.0,A,303.0,A,8260.7,A
214,158,"China, Taiwan Province of",1995,2521.0,A,277.0,A,9101.1,A
214,158,"China, Taiwan Province of",1996,2890.0,A,390.0,A,7410.3,A
214,158,"China, Taiwan Province of",1997,3506.0,A,434.0,A,8078.3,A
214,158,"China, Taiwan Province of",1998,2813.0,A,406.0,A,6928.6,A
214,158,"China, Taiwan Province of",1999,4038.0,A,512.0,A,7886.7,A
214,158,"China, Taiwan Province of",2000,2604.0,A,314.0,A,8293.0,A
214,158,"China, Taiwan Province of",2001,2691.0,A,327.0,A,8229.4,A
214,158,"China, Taiwan Province of",2002,2565.0,A,311.0,A,8247.6,A
214,158,"China, Taiwan Province of",2003,2481.0,A,303.0,A,8188.1,A
214,158,"China, Taiwan Province of",2004,2584.0,A,300.0,E,8613.3,E
214,158,"China, Taiwan Province of",2005,2400.0,A,290.0,I,8284.2,E
214,158,"China, Taiwan Province of",2006,2499.0,A,300.0,E,8330.0,E
214,158,"China, Taiwan Province of",2007,2579.0,A,314.0,I,8225.3,E
214,158,"China, Taiwan Province of",2008,2452.0,A,300.0,E,8173.3,E
214,158,"China, Taiwan Province of",2009,2583.0,A,295.0,E,8755.9,E
214,158,"China, Taiwan Province of",2010,2587.72,I,311.0,I,8322.1,E
214,158,"China, Taiwan Province of",2011,2614.2,I,317.0,I,8256.7,E
214,158,"China, Taiwan Province of",2012,2649.24,I,318.0,I,8329.0,E
214,158,"China, Taiwan Province of",2013,2643.87,I,317.0,I,8342.7,E
214,158,"China, Taiwan Province of",2014,2611.15,I,315.0,I,8297.2,E
214,158,"China, Taiwan Province of",2015,2617.05,I,315.0,I,8301.9,E
214,158,"China, Taiwan Province of",2016,2603.15,I,313.0,I,8307.4,E
214,158,"China, Taiwan Province of",2017,2599.55,I,313.0,I,8300.5,E
214,158,"China, Taiwan Province of",2018,2598.49,I,313.0,I,8301.5,E
214,158,"China, Taiwan Province of",2019,2599.51,I,313.0,I,8298.6,E
214,158,"China, Taiwan Province of",2020,2594.21,I,312.0,I,8308.8,E
214,158,"China, Taiwan Province of",2021,2604.32,I,313.0,I,8312.4,E
214,158,"China, Taiwan Province of",2022,2620.45,I,315.0,I,8316.8,E
214,158,"China, Taiwan Province of",2023,2620.11,I,315.0,I,8319.2,E
214,158,"China, Taiwan Province of",2024,2619.78,I,315.0,I,8321.6,E
98,191,Croatia,1992,20181.0,A,15000.0,A,1345.4,A
98,191,Croatia,1993,8940.0,A,15000.0,A,596.0,A
98,191,Croatia,1994,16742.0,A,15000.0,A,1116.1,A
98,191,Croatia,1995,34107.0,A,15000.0,A,2273.8,A
98,191,Croatia,1996,16071.0,A,15000.0,A,1071.4,A
98,191,Croatia,1997,10405.0,A,15000.0,A,693.7,A
98,191,Croatia,1998,20558.0,A,15000.0,A,1370.5,A
98,191,Croatia,1999,35200.0,A,15000.0,A,2346.7,A
98,191,Croatia,2000,16215.0,A,11398.0,A,1422.6,A
98,191,Croatia,2001,19413.0,A,11412.0,A,1701.1,A
98,191,Croatia,2002,32955.0,A,11480.0,A,2870.6,A
98,191,Croatia,2003,9482.0,A,11275.0,A,841.0,A
98,191,Croatia,2004,20613.0,A,12391.0,A,1663.5,A
98,191,Croatia,2005,36602.0,A,12357.0,A,2962.0,A
98,191,Croatia,2006,27530.0,A,13363.0,A,2060.2,A
98,191,Croatia,2007,34527.0,A,14346.0,A,2406.7,A
98,191,Croatia,2008,35955.0,A,14971.0,A,2401.6,A
98,191,Croatia,2009,32592.0,A,15304.0,A,2129.6,A
98,191,Croatia,2010,38001.0,A,17096.0,A,2222.8,A
98,191,Croatia,2011,31423.0,A,17200.0,A,1826.9,A
98,191,Croatia,2012,50945.0,A,18100.0,A,2814.6,A
98,191,Croatia,2013,34269.0,A,18590.0,A,1843.4,A
98,191,Croatia,2014,8840.0,A,19082.0,A,463.3,A
98,191,Croatia,2015,28267.0,A,19100.0,A,1479.9,A
98,191,Croatia,2016,31183.0,A,18184.0,A,1714.9,A
98,191,Croatia,2017,28947.0,A,18683.0,A,1549.4,A
98,191,Croatia,2018,28420.0,A,18700.0,A,1519.8,A
98,191,Croatia,2019,33220.0,A,18610.0,A,1785.1,A
98,191,Croatia,2020,33230.0,A,20280.0,A,1638.6,A
98,191,Croatia,2021,23870.0,A,19940.0,A,1197.1,A
98,191,Croatia,2022,40130.0,A,19900.0,A,2016.6,A
98,191,Croatia,2023,29850.0,A,20790.0,A,1435.8,A
98,191,Croatia,2024,54410.0,A,20110.0,A,2705.6,A
50,196,Cyprus,1961,27940.0,A,20350.0,X,1373.0,E
50,196,Cyprus,1962,6299.0,A,20480.0,X,307.6,E
50,196,Cyprus,1963,12192.0,A,20610.0,X,591.6,E
50,196,Cyprus,1964,6604.0,A,20700.0,X,319.0,E
50,196,Cyprus,1965,23673.0,A,20830.0,X,1136.5,E
50,196,Cyprus,1966,17272.0,A,21010.0,X,822.1,E
50,196,Cyprus,1967,30480.0,A,21140.0,X,1441.8,E
50,196,Cyprus,1968,15240.0,A,21320.0,X,714.8,E
50,196,Cyprus,1969,19304.0,A,21360.0,X,903.7,E
50,196,Cyprus,1970,7620.0,A,21405.0,A,356.0,A
50,196,Cyprus,1971,15240.0,A,21405.0,A,712.0,A
50,196,Cyprus,1972,20320.0,A,21405.0,A,949.3,A
50,196,Cyprus,1973,1524.0,A,20067.0,A,75.9,A
50,196,Cyprus,1974,8128.0,A,10702.0,A,759.5,A
50,196,Cyprus,1975,13208.0,A,10702.0,A,1234.2,A
50,196,Cyprus,1976,10160.0,A,10769.0,A,943.4,A
50,196,Cyprus,1977,8636.0,A,10836.0,A,797.0,A
50,196,Cyprus,1978,10363.0,A,5351.0,A,1936.6,A
50,196,Cyprus,1979,10668.0,A,5485.0,A,1944.9,A
50,196,Cyprus,1980,15240.0,A,5753.0,A,2649.1,A
50,196,Cyprus,1981,10668.0,A,5819.0,A,1833.3,A
50,196,Cyprus,1982,13208.0,A,6020.0,A,2194.0,A
50,196,Cyprus,1983,3000.0,A,6087.0,A,492.9,A
50,196,Cyprus,1984,12000.0,A,6288.0,A,1908.4,A
50,196,Cyprus,1985,11500.0,A,6288.0,A,1828.9,A
50,196,Cyprus,1986,12000.0,A,6288.0,A,1908.4,A
50,196,Cyprus,1987,8000.0,A,6287.0,A,1272.5,A
50,196,Cyprus,1988,18000.0,A,6300.0,A,2857.1,A
50,196,Cyprus,1989,9000.0,A,6300.0,A,1428.6,A
50,196,Cyprus,1990,10500.0,A,6300.0,A,1666.7,A
50,196,Cyprus,1991,7000.0,A,6300.0,A,1111.1,A
50,196,Cyprus,1992,19000.0,A,6100.0,A,3114.8,A
50,196,Cyprus,1993,11500.0,A,6050.0,A,1900.8,A
50,196,Cyprus,1994,12000.0,A,5700.0,A,2105.3,A
50,196,Cyprus,1995,13500.0,A,5750.0,A,2347.8,A
50,196,Cyprus,1996,12500.0,A,5770.0,A,2166.4,A
50,196,Cyprus,1997,9000.0,A,6100.0,A,1475.4,A
50,196,Cyprus,1998,10700.0,A,6600.0,A,1621.2,A
50,196,Cyprus,1999,14000.0,A,6700.0,A,2089.6,A
50,196,Cyprus,2000,21000.0,A,7200.0,A,2916.7,A
50,196,Cyprus,2001,17500.0,A,7800.0,A,2243.6,A
50,196,Cyprus,2002,27500.0,A,8600.0,A,3197.7,A
50,196,Cyprus,2003,17765.0,A,12611.0,A,1408.7,A
50,196,Cyprus,2004,22633.0,A,12935.0,A,1749.7,A
50,196,Cyprus,2005,16415.0,A,13740.0,A,1194.7,A
50,196,Cyprus,2006,23400.0,A,14867.0,A,1574.0,A
50,196,Cyprus,2007,13705.0,A,11639.0,A,1177.5,A
50,196,Cyprus,2008,15573.0,A,10475.0,A,1486.7,A
50,196,Cyprus,2009,13329.0,A,12019.0,A,1109.0,A
50,196,Cyprus,2010,14873.0,A,11645.0,A,1277.2,A
50,196,Cyprus,2011,10650.0,A,10762.0,A,989.6,A
50,196,Cyprus,2012,12640.0,A,10465.0,A,1207.8,A
50,196,Cyprus,2013,12728.0,A,10653.0,A,1194.8,A
50,196,Cyprus,2014,17266.0,A,10889.0,A,1585.6,A
50,196,Cyprus,2015,13416.0,A,10012.0,A,1340.0,A
50,196,Cyprus,2016,10061.0,A,10612.0,A,948.1,A
50,196,Cyprus,2017,19495.0,A,10830.0,A,1800.1,A
50,196,Cyprus,2018,20030.0,A,10760.0,A,1861.5,A
50,196,Cyprus,2019,25520.0,A,11060.0,A,2307.4,A
50,196,Cyprus,2020,22010.0,A,9690.0,A,2271.4,A
50,196,Cyprus,2021,18240.0,A,9980.0,A,1827.7,A
50,196,Cyprus,2022,24770.0,A,10590.0,A,2339.0,A
50,196,Cyprus,2023,21290.0,A,11220.0,A,1897.5,A
50,196,Cyprus,2024,20870.0,A,11450.0,A,1822.7,A
167,203,Czechia,2018,,A,,A,,
167,203,Czechia,2019,,A,,A,,
167,203,Czechia,2020,,A,,A,,
167,203,Czechia,2021,,A,,A,,
167,203,Czechia,2022,,A,,A,,
167,203,Czechia,2023,,A,,A,,
167,203,Czechia,2024,,A,,A,,
54,208,Denmark,2018,,A,,A,,
54,208,Denmark,2019,,A,,A,,
54,208,Denmark,2020,,A,,A,,
54,208,Denmark,2021,,A,,A,,
54,208,Denmark,2022,,A,,A,,
54,208,Denmark,2023,,A,,A,,
54,208,Denmark,2024,,A,,A,,
59,818,Egypt,1961,8564.0,A,2800.0,E,3058.6,E
59,818,Egypt,1962,11725.0,A,4000.0,E,2931.3,E
59,818,Egypt,1963,7805.0,A,2700.0,E,2890.7,E
59,818,Egypt,1964,10329.0,A,3500.0,E,2951.1,E
59,818,Egypt,1965,10370.0,A,3500.0,E,2962.9,E
59,818,Egypt,1966,6952.0,A,2300.0,E,3022.6,E
59,818,Egypt,1967,11000.0,A,3700.0,E,2973.0,E
59,818,Egypt,1968,8000.0,A,2500.0,E,3200.0,E
59,818,Egypt,1969,8000.0,A,2500.0,E,3200.0,E
59,818,Egypt,1970,7000.0,A,2300.0,E,3043.5,E
59,818,Egypt,1971,5875.0,A,2000.0,E,2937.5,E
59,818,Egypt,1972,8000.0,A,2500.0,E,3200.0,E
59,818,Egypt,1973,8000.0,A,2500.0,E,3200.0,E
59,818,Egypt,1974,8000.0,A,2500.0,E,3200.0,E
59,818,Egypt,1975,8000.0,A,2500.0,E,3200.0,E
59,818,Egypt,1976,7617.0,A,2700.0,E,2821.1,E
59,818,Egypt,1977,5498.0,A,1680.0,X,3272.6,E
59,818,Egypt,1978,5590.0,A,1660.0,E,3367.5,E
59,818,Egypt,1979,6108.0,A,1699.0,A,3595.1,A
59,818,Egypt,1980,4191.0,A,2152.0,A,1947.5,A
59,818,Egypt,1981,5396.0,A,2226.0,A,2424.1,A
59,818,Egypt,1982,7600.0,A,2300.0,A,3304.3,A
59,818,Egypt,1983,9000.0,A,2500.0,A,3600.0,A
59,818,Egypt,1984,8000.0,A,2520.0,A,3174.6,A
59,818,Egypt,1985,9000.0,A,2520.0,A,3571.4,A
59,818,Egypt,1986,27000.0,A,7980.0,A,3383.5,A
59,818,Egypt,1987,29000.0,A,9660.0,A,3002.1,A
59,818,Egypt,1988,30609.0,A,9240.0,A,3312.7,A
59,818,Egypt,1989,32297.0,A,9660.0,A,3343.4,A
59,818,Egypt,1990,41962.0,A,9050.0,A,4636.7,A
59,818,Egypt,1991,48725.0,A,10700.0,A,4553.7,A
59,818,Egypt,1992,94991.0,A,22683.0,A,4187.8,A
59,818,Egypt,1993,111687.0,A,26805.0,A,4166.6,A
59,818,Egypt,1994,130287.0,A,20121.0,A,6475.2,A
59,818,Egypt,1995,207982.0,A,22076.0,A,9421.2,A
59,818,Egypt,1996,208133.0,A,23445.0,A,8877.5,A
59,818,Egypt,1997,200000.0,E,24000.0,E,8333.3,E
59,818,Egypt,1998,200000.0,A,25000.0,A,8000.0,A
59,818,Egypt,1999,287080.0,A,43669.0,A,6574.0,A
59,818,Egypt,2000,281745.0,A,45513.0,A,6190.4,A
59,818,Egypt,2001,293903.0,A,47519.0,A,6185.0,A
59,818,Egypt,2002,336442.0,A,49532.0,A,6792.4,A
59,818,Egypt,2003,204722.0,A,49873.0,A,4104.9,A
59,818,Egypt,2004,315193.0,A,49086.0,A,6421.2,A
59,818,Egypt,2005,310000.0,E,49000.0,E,6326.5,E
59,818,Egypt,2006,500000.0,A,49000.0,A,10204.1,A
59,818,Egypt,2007,507053.0,A,46540.0,A,10895.0,A
59,818,Egypt,2008,480071.0,A,46200.0,A,10391.1,A
59,818,Egypt,2009,449009.0,A,46274.0,A,9703.3,A
59,818,Egypt,2010,390932.0,A,50161.0,A,7793.5,A
59,818,Egypt,2011,459650.0,A,52668.0,A,8727.3,A
59,818,Egypt,2012,563070.0,A,57551.0,A,9783.8,A
59,818,Egypt,2013,541790.0,A,61711.0,A,8779.5,A
59,818,Egypt,2014,565669.0,A,60837.0,A,9298.1,A
59,818,Egypt,2015,698927.0,A,69707.0,A,10026.6,A
59,818,Egypt,2016,874748.0,A,78968.0,A,11077.2,A
59,818,Egypt,2017,1094724.0,A,91826.0,A,11921.7,A
59,818,Egypt,2018,1083771.0,A,89955.0,A,12047.9,A
59,818,Egypt,2019,981000.0,A,103000.0,A,9524.3,A
59,818,Egypt,2020,968400.0,A,101000.0,A,9588.1,A
59,818,Egypt,2021,1056548.0,A,108360.0,A,9750.4,A
59,818,Egypt,2022,1011444.0,A,112657.0,A,8978.1,A
59,818,Egypt,2023,1185196.0,A,116687.0,A,10157.1,A
59,818,Egypt,2024,1269795.45,I,117744.0,I,10784.4,E
60,222,El Salvador,1961,1500.0,A,2300.0,A,652.2,A
60,222,El Salvador,1962,1500.0,A,2300.0,A,652.2,A
60,222,El Salvador,1963,1500.0,A,2300.0,A,652.2,A
60,222,El Salvador,1964,1500.0,A,2300.0,A,652.2,A
60,222,El Salvador,1965,1500.0,A,2300.0,A,652.2,A
60,222,El Salvador,1966,1500.0,A,2300.0,A,652.2,A
60,222,El Salvador,1967,1500.0,A,2300.0,A,652.2,A
60,222,El Salvador,1968,1500.0,A,2300.0,A,652.2,A
60,222,El Salvador,1969,1500.0,A,2300.0,A,652.2,A
60,222,El Salvador,1970,1500.0,A,2300.0,A,652.2,A
60,222,El Salvador,1971,1800.0,E,2700.0,E,666.7,E
60,222,El Salvador,1972,2000.0,E,3000.0,E,666.7,E
60,222,El Salvador,1973,2200.0,E,3400.0,E,647.1,E
60,222,El Salvador,1974,2400.0,E,3650.0,E,657.5,E
60,222,El Salvador,1975,2600.0,E,4000.0,E,650.0,E
60,222,El Salvador,1976,2800.0,E,4300.0,E,651.2,E
60,222,El Salvador,1977,3000.0,E,4600.0,E,652.2,E
60,222,El Salvador,1978,3000.0,E,4600.0,E,652.2,E
60,222,El Salvador,1979,3000.0,E,4500.0,E,666.7,E
60,222,El Salvador,1980,3000.0,E,4500.0,E,666.7,E
60,222,El Salvador,1981,3100.0,E,4600.0,E,673.9,E
60,222,El Salvador,1982,3150.0,E,4700.0,E,670.2,E
60,222,El Salvador,1983,3200.0,E,4800.0,E,666.7,E
60,222,El Salvador,1984,3300.0,E,4900.0,E,673.5,E
60,222,El Salvador,1985,3400.0,E,5000.0,E,680.0,E
60,222,El Salvador,1986,3400.0,E,5000.0,E,680.0,E
60,222,El Salvador,1987,3400.0,E,5000.0,E,680.0,E
60,222,El Salvador,1988,3400.0,E,5000.0,E,680.0,E
60,222,El Salvador,1989,3400.0,E,5000.0,E,680.0,E
60,222,El Salvador,1990,3142.0,E,5676.0,E,553.6,E
60,222,El Salvador,1991,3374.48,I,2365.0,I,1427.0,E
60,222,El Salvador,1992,3500.0,E,2411.0,I,1451.7,E
60,222,El Salvador,1993,3758.48,I,2546.0,I,1476.3,E
60,222,El Salvador,1994,3964.64,I,2641.0,I,1501.0,E
60,222,El Salvador,1995,4180.61,I,2740.0,I,1525.7,E
60,222,El Salvador,1996,4406.84,I,2842.0,I,1550.4,E
60,222,El Salvador,1997,4643.84,I,2948.0,I,1575.0,E
60,222,El Salvador,1998,4892.13,I,3058.0,I,1599.7,E
60,222,El Salvador,1999,5152.27,I,3172.0,I,1624.4,E
60,222,El Salvador,2000,5424.88,I,3290.0,I,1649.1,E
60,222,El Salvador,2001,5710.63,I,3412.0,I,1673.7,E
60,222,El Salvador,2002,6010.24,I,3539.0,I,1698.4,E
60,222,El Salvador,2003,6324.48,I,3670.0,I,1723.1,E
60,222,El Salvador,2004,6654.19,I,3802.0,I,1750.3,E
60,222,El Salvador,2005,7000.24,I,3933.0,I,1780.0,E
60,222,El Salvador,2006,7363.57,I,4069.0,I,1809.7,E
60,222,El Salvador,2007,7745.17,I,4211.0,I,1839.4,E
60,222,El Salvador,2008,8146.06,I,4416.0,I,1844.6,E
60,222,El Salvador,2009,8567.33,I,5605.0,I,1528.6,E
60,222,El Salvador,2010,9000.0,E,4800.0,E,1875.0,E
60,222,El Salvador,2011,9475.7,I,4798.0,I,1975.1,E
60,222,El Salvador,2012,10250.0,E,5000.0,E,2050.0,E
60,222,El Salvador,2013,10250.0,E,5000.0,E,2050.0,E
60,222,El Salvador,2014,10887.27,I,5421.0,I,2008.3,E
60,222,El Salvador,2015,11449.29,I,5655.0,I,2024.5,E
60,222,El Salvador,2016,10862.19,E,5359.0,E,2027.0,E
60,222,El Salvador,2017,11409.14,I,5557.0,I,2053.2,E
60,222,El Salvador,2018,11240.2,E,5677.0,I,1979.8,E
60,222,El Salvador,2019,11629.14,I,5668.0,I,2051.6,E
60,222,El Salvador,2020,11426.16,E,5678.0,I,2012.2,E
60,222,El Salvador,2021,11431.84,E,5844.0,I,1956.1,E
60,222,El Salvador,2022,11495.71,E,5730.0,E,2006.1,E
60,222,El Salvador,2023,11451.24,E,5751.0,E,1991.2,E
60,222,El Salvador,2024,11459.6,E,5775.0,E,1984.3,E
63,233,Estonia,2018,,A,,A,,
63,233,Estonia,2019,,A,,A,,
63,233,Estonia,2020,,A,,A,,
63,233,Estonia,2021,,A,,A,,
63,233,Estonia,2022,,A,,A,,
63,233,Estonia,2023,,A,,A,,
63,233,Estonia,2024,,A,,A,,
67,246,Finland,2018,,A,,A,,
67,246,Finland,2019,,A,,A,,
67,246,Finland,2020,,A,,A,,
67,246,Finland,2021,,A,,A,,
67,246,Finland,2022,,A,,A,,
67,246,Finland,2023,,A,,A,,
67,246,Finland,2024,,A,,A,,
68,250,France,1961,2009.0,A,44756.0,A,44.9,A
68,250,France,1962,9424.0,A,42191.0,A,223.4,A
68,250,France,1963,10384.0,A,40753.0,A,254.8,A
68,250,France,1964,4826.0,A,36348.0,A,132.8,A
68,250,France,1965,7034.0,A,34482.0,A,204.0,A
68,250,France,1966,7800.0,A,34400.0,A,226.7,A
68,250,France,1967,7566.0,A,29405.0,A,257.3,A
68,250,France,1968,11123.0,A,30855.0,A,360.5,A
68,250,France,1969,20257.0,A,31139.0,A,650.5,A
68,250,France,1970,5583.0,A,31000.0,E,180.1,E
68,250,France,1971,17562.0,A,31317.0,A,560.8,A
68,250,France,1972,6680.0,A,29890.0,A,223.5,A
68,250,France,1973,14668.0,A,29315.0,A,500.4,A
68,250,France,1974,11570.0,A,29590.0,A,391.0,A
68,250,France,1975,15534.0,A,29715.0,A,522.8,A
68,250,France,1976,16212.0,A,29890.0,A,542.4,A
68,250,France,1977,10304.0,A,29710.0,A,346.8,A
68,250,France,1978,14707.0,A,29843.0,A,492.8,A
68,250,France,1979,13000.0,A,26000.0,E,500.0,E
68,250,France,1980,15100.0,A,25000.0,E,604.0,E
68,250,France,1981,10500.0,A,23565.0,A,445.6,A
68,250,France,1982,13900.0,A,20000.0,E,695.0,E
68,250,France,1983,15500.0,A,19000.0,E,815.8,E
68,250,France,1984,13570.0,A,18318.0,A,740.8,A
68,250,France,1985,8500.0,A,17813.0,A,477.2,A
68,250,France,1986,8100.0,A,17542.0,A,461.7,A
68,250,France,1987,13300.0,A,17388.0,A,764.9,A
68,250,France,1988,7400.0,A,15915.0,A,465.0,A
68,250,France,1989,11000.0,A,15600.0,A,705.1,A
68,250,France,1990,8450.0,A,15412.0,A,548.3,A
68,250,France,1991,14139.5,A,15216.0,A,929.3,A
68,250,France,1992,12197.9,A,14977.0,A,814.4,A
68,250,France,1993,11350.8,A,13514.0,A,839.9,A
68,250,France,1994,15342.6,A,14911.0,A,1028.9,A
68,250,France,1995,11631.5,A,15090.0,A,770.8,A
68,250,France,1996,15616.1,A,14992.0,A,1041.6,A
68,250,France,1997,13587.8,A,14020.0,A,969.2,A
68,250,France,1998,20244.1,A,14263.0,A,1419.3,A
68,250,France,1999,16448.5,A,15313.0,A,1074.2,A
68,250,France,2000,16541.5,A,15558.0,A,1063.2,A
68,250,France,2001,16787.5,A,15889.0,A,1056.5,A
68,250,France,2002,20611.0,A,17037.0,A,1209.8,A
68,250,France,2003,22558.2,A,17353.0,A,1300.0,A
68,250,France,2004,19962.2,A,17813.0,A,1120.7,A
68,250,France,2005,21861.0,A,18339.0,A,1192.0,A
68,250,France,2006,18382.0,A,18805.0,A,977.5,A
68,250,France,2007,22668.0,A,18853.0,A,1202.4,A
68,250,France,2008,32116.0,A,18851.0,A,1703.7,A
68,250,France,2009,31255.2,A,18961.0,A,1648.4,A
68,250,France,2010,31706.0,A,16875.0,A,1878.9,A
68,250,France,2011,23319.6,A,16945.0,A,1376.2,A
68,250,France,2012,29561.3,A,17055.0,A,1733.3,A
68,250,France,2013,29403.0,A,17174.0,A,1712.1,A
68,250,France,2014,13006.0,A,17214.0,A,755.5,A
68,250,France,2015,34675.0,A,17326.0,A,2001.3,A
68,250,France,2016,18333.0,A,17379.0,A,1054.9,A
68,250,France,2017,18332.5,A,17379.0,A,1054.9,A
68,250,France,2018,26040.0,A,17400.0,A,1496.6,A
68,250,France,2019,23520.0,A,17720.0,A,1327.3,A
68,250,France,2020,27690.0,A,16700.0,A,1658.1,A
68,250,France,2021,27560.0,A,17010.0,A,1620.2,A
68,250,France,2022,21930.0,A,17180.0,A,1276.5,A
68,250,France,2023,29740.0,A,16790.0,A,1771.3,A
68,250,France,2024,28200.0,A,16310.0,A,1729.0,A
79,276,Germany,2018,,A,,A,,
79,276,Germany,2019,,A,,A,,
79,276,Germany,2020,,A,,A,,
79,276,Germany,2021,,A,,A,,
79,276,Germany,2022,,A,,A,,
79,276,Germany,2023,,A,,A,,
79,276,Germany,2024,,A,,A,,
84,300,Greece,1961,1502500.0,A,,M,,
84,300,Greece,1962,469700.0,A,,M,,
84,300,Greece,1963,1254000.0,A,,M,,
84,300,Greece,1964,711900.0,A,,M,,
84,300,Greece,1965,969640.0,A,,M,,
84,300,Greece,1966,983080.0,A,,M,,
84,300,Greece,1967,1088490.0,A,,M,,
84,300,Greece,1968,830920.0,A,,M,,
84,300,Greece,1969,718900.0,A,,M,,
84,300,Greece,1970,992170.0,A,,M,,
84,300,Greece,1971,915450.0,A,,M,,
84,300,Greece,1972,1235320.0,A,,M,,
84,300,Greece,1973,1078660.0,A,,M,,
84,300,Greece,1974,1234960.0,A,,M,,
84,300,Greece,1975,1364880.0,A,,M,,
84,300,Greece,1976,1099240.0,A,,M,,
84,300,Greece,1977,1304120.0,A,,M,,
84,300,Greece,1978,1283250.0,A,,M,,
84,300,Greece,1979,1182380.0,A,,M,,
84,300,Greece,1980,1746370.0,A,,M,,
84,300,Greece,1981,1466990.0,A,,M,,
84,300,Greece,1982,1783230.0,A,,M,,
84,300,Greece,1983,1430530.0,A,,M,,
84,300,Greece,1984,1306623.0,A,,M,,
84,300,Greece,1985,1907000.0,A,718000.0,E,2656.0,E
84,300,Greece,1986,1336761.0,A,721000.0,E,1854.0,E
84,300,Greece,1987,1372315.0,A,726000.0,E,1890.2,E
84,300,Greece,1988,1603430.0,A,678000.0,A,2364.9,A
84,300,Greece,1989,1646725.0,A,684000.0,A,2407.5,A
84,300,Greece,1990,1003724.0,A,691000.0,A,1452.6,A
84,300,Greece,1991,2031000.0,A,705000.0,A,2880.9,A
84,300,Greece,1992,1847000.0,A,713000.0,A,2590.5,A
84,300,Greece,1993,1681065.92,A,718514.0,A,2339.6,A
84,300,Greece,1994,2001782.49,A,725718.0,A,2758.3,A
84,300,Greece,1995,2161730.87,A,729344.0,A,2963.9,A
84,300,Greece,1996,2131711.22,A,741568.0,A,2874.6,A
84,300,Greece,1997,2087160.79,A,749090.0,A,2786.3,A
84,300,Greece,1998,2427612.57,A,758138.0,A,3202.1,A
84,300,Greece,1999,2415049.29,A,771980.0,A,3128.4,A
84,300,Greece,2000,2501916.4,A,780357.0,A,3206.1,A
84,300,Greece,2001,2349933.77,A,787500.0,A,2984.0,A
84,300,Greece,2002,2862958.42,A,793449.0,A,3608.2,A
84,300,Greece,2003,2202856.49,A,790840.0,A,2785.5,A
84,300,Greece,2004,2204020.0,A,794160.0,A,2775.3,A
84,300,Greece,2005,2628910.54,A,797321.0,A,3297.2,A
84,300,Greece,2006,2425149.0,A,796972.0,A,3043.0,A
84,300,Greece,2007,2313016.63,A,795724.0,A,2906.8,A
84,300,Greece,2008,2291979.69,A,797906.0,A,2872.5,A
84,300,Greece,2009,2400580.2,A,801533.0,A,2995.0,A
84,300,Greece,2010,2559567.11,A,806451.0,A,3173.9,A
84,300,Greece,2011,2491025.8,A,807567.0,A,3084.6,A
84,300,Greece,2012,2764017.32,A,807696.0,A,3422.1,A
84,300,Greece,2013,1752074.83,A,796674.0,A,2199.2,A
84,300,Greece,2014,2592375.17,A,818285.0,A,3168.1,A
84,300,Greece,2015,2907865.78,A,821206.0,A,3541.0,A
84,300,Greece,2016,2755431.0,A,797820.0,A,3453.7,A
84,300,Greece,2017,2837778.0,A,792643.0,A,3580.1,A
84,300,Greece,2018,2764628.38,A,963120.0,A,2870.5,A
84,300,Greece,2019,3240063.0,A,903080.0,A,3587.8,A
84,300,Greece,2020,3051400.0,A,906020.0,A,3367.9,A
84,300,Greece,2021,3045100.0,A,826390.0,A,3684.8,A
84,300,Greece,2022,3208908.0,A,846660.0,A,3790.1,A
84,300,Greece,2023,2498942.0,A,840620.0,A,2972.7,A
84,300,Greece,2024,,,848400.0,A,,
97,348,Hungary,2018,,A,,A,,
97,348,Hungary,2019,,A,,A,,
97,348,Hungary,2020,,A,,A,,
97,348,Hungary,2021,,A,,A,,
97,348,Hungary,2022,,A,,A,,
97,348,Hungary,2023,,A,,A,,
97,348,Hungary,2024,,A,,A,,
102,364,Iran (Islamic Republic of),1961,15000.0,X,5000.0,E,3000.0,E
102,364,Iran (Islamic Republic of),1962,15000.0,X,5000.0,E,3000.0,E
102,364,Iran (Islamic Republic of),1963,15000.0,X,5000.0,E,3000.0,E
102,364,Iran (Islamic Republic of),1964,15000.0,X,5000.0,E,3000.0,E
102,364,Iran (Islamic Republic of),1965,15000.0,X,5000.0,E,3000.0,E
102,364,Iran (Islamic Republic of),1966,15000.0,X,5000.0,E,3000.0,E
102,364,Iran (Islamic Republic of),1967,15000.0,X,5000.0,E,3000.0,E
102,364,Iran (Islamic Republic of),1968,15000.0,X,5000.0,E,3000.0,E
102,364,Iran (Islamic Republic of),1969,12000.0,X,5000.0,E,2400.0,E
102,364,Iran (Islamic Republic of),1970,15000.0,X,5000.0,E,3000.0,E
102,364,Iran (Islamic Republic of),1971,2950.0,A,2000.0,E,1475.0,E
102,364,Iran (Islamic Republic of),1972,13500.0,A,5000.0,E,2700.0,E
102,364,Iran (Islamic Republic of),1973,13000.0,X,5000.0,E,2600.0,E
102,364,Iran (Islamic Republic of),1974,16000.0,X,5000.0,E,3200.0,E
102,364,Iran (Islamic Republic of),1975,13000.0,X,5000.0,E,2600.0,E
102,364,Iran (Islamic Republic of),1976,9000.0,A,4800.0,E,1875.0,E
102,364,Iran (Islamic Republic of),1977,11000.0,E,4800.0,E,2291.7,E
102,364,Iran (Islamic Republic of),1978,9000.0,E,4500.0,E,2000.0,E
102,364,Iran (Islamic Republic of),1979,7000.0,E,4500.0,E,1555.6,E
102,364,Iran (Islamic Republic of),1980,10000.0,E,4500.0,E,2222.2,E
102,364,Iran (Islamic Republic of),1981,9000.0,E,2600.0,E,3461.5,E
102,364,Iran (Islamic Republic of),1982,9848.0,A,2598.0,A,3790.6,A
102,364,Iran (Islamic Republic of),1983,7541.0,A,3467.0,A,2175.1,A
102,364,Iran (Islamic Republic of),1984,10302.0,A,4104.0,A,2510.2,A
102,364,Iran (Islamic Republic of),1985,8278.0,A,4425.0,A,1870.7,A
102,364,Iran (Islamic Republic of),1986,13972.0,A,4494.0,A,3109.0,A
102,364,Iran (Islamic Republic of),1987,8382.0,A,5162.0,A,1623.8,A
102,364,Iran (Islamic Republic of),1988,14312.0,A,5871.0,A,2437.7,A
102,364,Iran (Islamic Republic of),1989,12637.0,A,6350.0,A,1990.1,A
102,364,Iran (Islamic Republic of),1990,16153.0,A,6935.0,A,2329.2,A
102,364,Iran (Islamic Republic of),1991,8322.3,A,3708.0,A,2244.4,A
102,364,Iran (Islamic Republic of),1992,11366.0,A,3732.0,A,3046.0,A
102,364,Iran (Islamic Republic of),1993,7555.0,A,4081.0,A,1851.3,A
102,364,Iran (Islamic Republic of),1994,17562.0,A,4411.0,A,3981.4,A
102,364,Iran (Islamic Republic of),1995,19310.0,A,4844.0,A,3986.4,A
102,364,Iran (Islamic Republic of),1996,24781.0,A,5161.0,A,4801.6,A
102,364,Iran (Islamic Republic of),1997,23349.1,A,6130.0,A,3809.0,A
102,364,Iran (Islamic Republic of),1998,25819.0,A,7056.0,A,3659.2,A
102,364,Iran (Islamic Republic of),1999,23392.0,A,8035.0,A,2911.3,A
102,364,Iran (Islamic Republic of),2000,34649.4,A,9787.0,A,3540.3,A
102,364,Iran (Islamic Republic of),2001,38040.0,A,12132.0,A,3135.5,A
102,364,Iran (Islamic Republic of),2002,47252.1,A,18539.0,A,2548.8,A
102,364,Iran (Islamic Republic of),2003,45420.0,A,15491.0,A,2932.0,A
102,364,Iran (Islamic Republic of),2004,38397.0,A,20641.0,A,1860.2,A
102,364,Iran (Islamic Republic of),2005,61339.0,A,23780.0,A,2579.5,A
102,364,Iran (Islamic Republic of),2006,54713.0,A,19562.0,A,2796.9,A
102,364,Iran (Islamic Republic of),2007,62411.3,A,29590.0,A,2109.2,A
102,364,Iran (Islamic Republic of),2008,27777.1,A,29683.0,A,935.8,A
102,364,Iran (Islamic Republic of),2009,78450.2,A,53587.0,A,1464.0,A
102,364,Iran (Islamic Republic of),2010,58900.2,A,53129.0,A,1108.6,A
102,364,Iran (Islamic Republic of),2011,102980.0,A,50731.0,A,2029.9,A
102,364,Iran (Islamic Republic of),2012,69480.0,A,48909.0,A,1420.6,A
102,364,Iran (Islamic Republic of),2013,98810.0,A,51255.0,A,1927.8,A
102,364,Iran (Islamic Republic of),2014,43797.0,A,44803.0,A,977.5,A
102,364,Iran (Islamic Republic of),2015,85498.51,I,38756.0,I,2206.1,E
102,364,Iran (Islamic Republic of),2016,93995.91,I,33214.0,I,2830.0,E
102,364,Iran (Islamic Republic of),2017,137869.0,A,24562.0,A,5613.1,A
102,364,Iran (Islamic Republic of),2018,85913.18,A,25468.0,I,3373.4,E
102,364,Iran (Islamic Republic of),2019,101355.11,A,33922.0,A,2987.9,A
102,364,Iran (Islamic Republic of),2020,101176.88,I,38351.0,I,2638.2,E
102,364,Iran (Islamic Republic of),2021,78235.06,A,24995.0,I,3130.0,E
102,364,Iran (Islamic Republic of),2022,114599.87,A,36301.0,I,3156.9,E
102,364,Iran (Islamic Republic of),2023,112637.16,I,33080.0,I,3405.0,E
102,364,Iran (Islamic Republic of),2024,115860.51,I,34142.0,I,3393.5,E
103,368,Iraq,1961,8000.0,X,,M,,
103,368,Iraq,1962,8000.0,X,,M,,
103,368,Iraq,1963,8000.0,X,,M,,
103,368,Iraq,1964,9000.0,X,,M,,
103,368,Iraq,1965,9000.0,X,,M,,
103,368,Iraq,1966,9000.0,X,,M,,
103,368,Iraq,1967,9000.0,X,,M,,
103,368,Iraq,1968,9000.0,X,,M,,
103,368,Iraq,1969,7000.0,X,,M,,
103,368,Iraq,1970,10000.0,X,,M,,
103,368,Iraq,1971,10000.0,E,,M,,
103,368,Iraq,1972,10000.0,E,,M,,
103,368,Iraq,1973,9000.0,E,,M,,
103,368,Iraq,1974,8500.0,E,,M,,
103,368,Iraq,1975,8000.0,E,,M,,
103,368,Iraq,1976,7000.0,E,,M,,
103,368,Iraq,1977,6500.0,E,,M,,
103,368,Iraq,1978,5000.0,E,,M,,
103,368,Iraq,1979,3500.0,E,,M,,
103,368,Iraq,1980,2100.0,A,,M,,
103,368,Iraq,1981,2000.0,A,,M,,
103,368,Iraq,1982,2500.0,A,,M,,
103,368,Iraq,1983,3000.0,A,,M,,
103,368,Iraq,1984,5000.0,A,,M,,
103,368,Iraq,1985,6000.0,E,3500.0,E,1714.3,E
103,368,Iraq,1986,7000.0,E,3500.0,E,2000.0,E
103,368,Iraq,1987,9000.0,E,3500.0,E,2571.4,E
103,368,Iraq,1988,11000.0,X,3500.0,E,3142.9,E
103,368,Iraq,1989,12000.0,X,3500.0,E,3428.6,E
103,368,Iraq,1990,12000.0,X,3631.0,E,3304.9,E
103,368,Iraq,1991,7000.0,E,2026.0,I,3454.7,E
103,368,Iraq,1992,14000.0,X,4052.0,I,3454.8,E
103,368,Iraq,1993,15000.0,X,4342.0,I,3454.9,E
103,368,Iraq,1994,14000.0,E,4087.0,I,3425.9,E
103,368,Iraq,1995,13000.0,E,3800.0,I,3421.4,E
103,368,Iraq,1996,12500.0,E,3550.0,E,3521.1,E
103,368,Iraq,1997,13000.0,E,3600.0,E,3611.1,E
103,368,Iraq,1998,13500.0,E,3650.0,E,3698.6,E
103,368,Iraq,1999,11500.0,E,3000.0,E,3833.3,E
103,368,Iraq,2000,6000.0,A,2000.0,E,3000.0,E
103,368,Iraq,2001,6000.0,A,1700.0,E,3529.4,E
103,368,Iraq,2002,5500.0,A,1620.0,I,3395.7,E
103,368,Iraq,2003,4000.0,A,1250.0,E,3200.0,E
103,368,Iraq,2004,3000.0,A,950.0,E,3157.9,E
103,368,Iraq,2005,3000.0,A,927.0,I,3235.4,E
103,368,Iraq,2006,3000.0,A,921.0,I,3256.6,E
103,368,Iraq,2007,9052.0,A,2800.0,E,3232.9,E
103,368,Iraq,2008,10840.0,A,3400.0,E,3188.2,E
103,368,Iraq,2009,12992.0,A,4050.0,E,3207.9,E
103,368,Iraq,2010,15113.0,A,4700.0,E,3215.5,E
103,368,Iraq,2011,17421.0,A,4543.0,I,3834.6,E
103,368,Iraq,2012,20379.0,A,4500.0,E,4528.7,E
103,368,Iraq,2013,24136.0,A,4650.0,E,5190.5,E
103,368,Iraq,2014,24768.0,A,4530.0,I,5467.8,E
103,368,Iraq,2015,8268.0,A,2001.0,I,4132.5,E
103,368,Iraq,2016,9332.0,A,2319.0,I,4024.5,E
103,368,Iraq,2017,10203.0,A,2663.0,I,3831.0,E
103,368,Iraq,2018,12292.0,A,3246.0,I,3786.8,E
103,368,Iraq,2019,34501.0,A,9720.0,A,3549.5,A
103,368,Iraq,2020,33912.0,A,6640.0,A,5107.2,A
103,368,Iraq,2021,33314.0,A,8170.0,A,4077.6,A
103,368,Iraq,2022,30629.35,I,7479.0,I,4095.4,E
103,368,Iraq,2023,28101.77,I,6748.0,I,4164.7,E
103,368,Iraq,2024,29534.27,I,7115.0,I,4151.0,E
104,372,Ireland,2018,,A,,A,,
104,372,Ireland,2019,,A,,A,,
104,372,Ireland,2020,,A,,A,,
104,372,Ireland,2021,,A,,A,,
104,372,Ireland,2022,,A,,A,,
104,372,Ireland,2023,,A,,A,,
104,372,Ireland,2024,,A,,A,,
105,376,Israel,1961,20800.0,A,10000.0,E,2080.0,E
105,376,Israel,1962,4800.0,A,5000.0,E,960.0,E
105,376,Israel,1963,13000.0,A,10000.0,E,1300.0,E
105,376,Israel,1964,21000.0,A,11000.0,E,1909.1,E
105,376,Israel,1965,10500.0,A,11000.0,E,954.5,E
105,376,Israel,1966,10900.0,A,11400.0,A,956.1,A
105,376,Israel,1967,24500.0,A,11000.0,A,2227.3,A
105,376,Israel,1968,9500.0,A,10900.0,A,871.6,A
105,376,Israel,1969,21100.0,A,10700.0,A,1972.0,A
105,376,Israel,1970,6600.0,A,10600.0,A,622.6,A
105,376,Israel,1971,12500.0,A,10300.0,A,1213.6,A
105,376,Israel,1972,27000.0,A,10300.0,A,2621.4,A
105,376,Israel,1973,4000.0,A,10000.0,A,400.0,A
105,376,Israel,1974,30200.0,A,9900.0,A,3050.5,A
105,376,Israel,1975,4900.0,A,10000.0,A,490.0,A
105,376,Israel,1976,19500.0,A,10070.0,A,1936.4,A
105,376,Israel,1977,8100.0,A,10430.0,A,776.6,A
105,376,Israel,1978,35000.0,A,11350.0,A,3083.7,A
105,376,Israel,1979,8200.0,A,12240.0,A,669.9,A
105,376,Israel,1980,45000.0,A,9500.0,A,4736.8,A
105,376,Israel,1981,19700.0,A,9890.0,A,1991.9,A
105,376,Israel,1982,37200.0,A,11260.0,A,3303.7,A
105,376,Israel,1983,37200.0,A,12860.0,A,2892.7,A
105,376,Israel,1984,17300.0,A,11780.0,A,1468.6,A
105,376,Israel,1985,39000.0,A,11390.0,A,3424.1,A
105,376,Israel,1986,38000.0,A,12250.0,A,3102.0,A
105,376,Israel,1987,25000.0,A,12480.0,A,2003.2,A
105,376,Israel,1988,39000.0,A,12470.0,A,3127.5,A
105,376,Israel,1989,19500.0,A,12400.0,A,1572.6,A
105,376,Israel,1990,41500.0,A,12650.0,A,3280.6,A
105,376,Israel,1991,17000.0,A,12989.0,A,1308.8,A
105,376,Israel,1992,48000.0,A,13130.0,A,3655.8,A
105,376,Israel,1993,9500.0,A,12970.0,A,732.5,A
105,376,Israel,1994,26500.0,A,13920.0,A,1903.7,A
105,376,Israel,1995,36500.0,A,14310.0,A,2550.7,A
105,376,Israel,1996,41000.0,A,15420.0,A,2658.9,A
105,376,Israel,1997,18700.0,A,15730.0,A,1188.8,A
105,376,Israel,1998,32000.0,A,15830.0,A,2021.5,A
105,376,Israel,1999,23200.0,A,17490.0,A,1326.5,A
105,376,Israel,2000,56000.0,A,18740.0,A,2988.3,A
105,376,Israel,2001,26000.0,A,19450.0,A,1336.8,A
105,376,Israel,2002,56000.0,A,20060.0,A,2791.6,A
105,376,Israel,2003,21500.0,A,20700.0,E,1038.6,E
105,376,Israel,2004,62000.0,A,21300.0,E,2910.8,E
105,376,Israel,2005,29000.0,A,22000.0,E,1318.2,E
105,376,Israel,2006,60000.0,A,20000.0,E,3000.0,E
105,376,Israel,2007,29500.0,A,16000.0,E,1843.8,E
105,376,Israel,2008,48750.0,A,20000.0,E,2437.5,E
105,376,Israel,2009,30500.0,A,19000.0,E,1605.3,E
105,376,Israel,2010,73500.0,A,33001.0,I,2227.2,E
105,376,Israel,2011,66000.0,A,22000.0,A,3000.0,A
105,376,Israel,2012,63000.0,A,33700.0,A,1869.4,A
105,376,Israel,2013,77000.0,A,33700.0,A,2284.9,A
105,376,Israel,2014,90000.0,A,33700.0,A,2670.6,A
105,376,Israel,2015,98000.0,A,33700.0,A,2908.0,A
105,376,Israel,2016,91000.0,A,33700.0,A,2700.3,A
105,376,Israel,2017,87000.0,A,33700.0,A,2581.6,A
105,376,Israel,2018,54500.0,A,33700.0,A,1617.2,A
105,376,Israel,2019,108000.0,A,33700.0,A,3204.7,A
105,376,Israel,2020,83000.0,A,33700.0,A,2462.9,A
105,376,Israel,2021,70000.0,A,33700.0,A,2077.2,A
105,376,Israel,2022,138000.0,A,33700.0,A,4095.0,A
105,376,Israel,2023,46000.0,A,33700.0,A,1365.0,A
105,376,Israel,2024,29000.0,A,33700.0,A,860.5,A
106,380,Italy,1961,2250000.0,A,1228800.0,X,1831.1,E
106,380,Italy,1962,1741000.0,A,1248300.0,X,1394.7,E
106,380,Italy,1963,2861000.0,A,1225300.0,X,2334.9,E
106,380,Italy,1964,1878000.0,A,1234200.0,X,1521.6,E
106,380,Italy,1965,2232000.0,A,1242700.0,X,1796.1,E
106,380,Italy,1966,1808400.0,A,1262800.0,X,1432.1,E
106,380,Italy,1967,2712200.0,A,1266100.0,X,2142.2,E
106,380,Italy,1968,1932900.0,A,1269600.0,X,1522.4,E
106,380,Italy,1969,2412800.0,A,1272200.0,X,1896.6,E
106,380,Italy,1970,2120500.0,A,1305900.0,X,1623.8,E
106,380,Italy,1971,3055900.0,A,1352700.0,X,2259.1,E
106,380,Italy,1972,1779200.0,A,1345400.0,X,1322.4,E
106,380,Italy,1973,2695800.0,A,1349400.0,X,1997.8,E
106,380,Italy,1974,2237000.0,A,1389200.0,X,1610.3,E
106,380,Italy,1975,3228000.0,A,1386800.0,X,2327.7,E
106,380,Italy,1976,1668100.0,A,1385700.0,X,1203.8,E
106,380,Italy,1977,3459500.0,A,1386300.0,X,2495.5,E
106,380,Italy,1978,2308100.0,A,1385100.0,X,1666.4,E
106,380,Italy,1979,2370000.0,A,1248200.0,X,1898.7,E
106,380,Italy,1980,3490800.0,A,1246900.0,X,2799.6,E
106,380,Italy,1981,3024000.0,A,1245000.0,X,2428.9,E
106,380,Italy,1982,2131700.0,A,1242800.0,X,1715.2,E
106,380,Italy,1983,4206000.0,A,1241126.0,A,3388.9,A
106,380,Italy,1984,1844500.0,A,1242704.0,A,1484.3,A
106,380,Italy,1985,3387900.0,A,1183467.0,A,2862.7,A
106,380,Italy,1986,1820400.0,A,1150949.0,A,1581.7,A
106,380,Italy,1987,3457400.0,A,1149676.0,A,3007.3,A
106,380,Italy,1988,2218130.0,A,1141145.0,A,1943.8,A
106,380,Italy,1989,3055810.0,A,1137672.0,A,2686.0,A
106,380,Italy,1990,912540.0,A,1134133.0,A,804.6,A
106,380,Italy,1991,3945830.0,A,1115322.0,A,3537.8,A
106,380,Italy,1992,2366366.0,A,1125435.0,A,2102.6,A
106,380,Italy,1993,2992866.0,A,1119210.0,A,2674.1,A
106,380,Italy,1994,2640328.0,A,1118740.0,A,2360.1,A
106,380,Italy,1995,3288580.0,A,1106662.0,A,2971.6,A
106,380,Italy,1996,2147340.0,A,1104120.0,A,1944.8,A
106,380,Italy,1997,3591085.0,A,1124320.0,A,3194.0,A
106,380,Italy,1998,2548510.0,A,1115100.0,A,2285.5,A
106,380,Italy,1999,3765100.0,A,1128266.0,A,3337.1,A
106,380,Italy,2000,2821000.0,A,1161600.0,A,2428.5,A
106,380,Italy,2001,3016200.0,A,1164558.0,A,2590.0,A
106,380,Italy,2002,3231300.0,A,1170362.0,A,2760.9,A
106,380,Italy,2003,3546130.0,A,1162713.0,A,3049.9,A
106,380,Italy,2004,4534231.0,A,1166000.0,A,3888.7,A
106,380,Italy,2005,3774812.0,A,1168600.0,A,3230.2,A
106,380,Italy,2006,3415683.0,A,1167862.0,A,2924.7,A
106,380,Italy,2007,3249800.0,A,1161311.0,A,2798.4,A
106,380,Italy,2008,3473600.0,A,1180500.0,A,2942.5,A
106,380,Italy,2009,3286600.0,A,1190000.0,A,2761.8,A
106,380,Italy,2010,3170700.0,A,1190800.0,A,2662.7,A
106,380,Italy,2011,3182204.0,A,1144422.0,A,2780.6,A
106,380,Italy,2012,3017537.1,A,1125382.0,A,2681.3,A
106,380,Italy,2013,2940545.2,A,1146863.0,A,2564.0,A
106,380,Italy,2014,1963676.0,A,1156784.0,A,1697.5,A
106,380,Italy,2015,2732893.9,A,1147877.0,A,2380.8,A
106,380,Italy,2016,2038303.0,A,1144947.0,A,1780.3,A
106,380,Italy,2017,2597974.0,A,1141893.0,A,2275.1,A
106,380,Italy,2018,1953540.0,A,1142120.0,A,1710.5,A
106,380,Italy,2019,2194110.0,A,1139470.0,A,1925.6,A
106,380,Italy,2020,2207150.0,A,1145520.0,A,1926.8,A
106,380,Italy,2021,2270630.0,A,1129000.0,A,2011.2,A
106,380,Italy,2022,2160400.0,A,1076520.0,A,2006.8,A
106,380,Italy,2023,2397880.0,A,1080060.0,A,2220.1,A
106,380,Italy,2024,2299660.0,A,1083010.0,A,2123.4,A
112,400,Jordan,1961,114428.0,A,63500.0,E,1802.0,E
112,400,Jordan,1962,7354.0,A,12800.0,E,574.5,E
112,400,Jordan,1963,38655.0,A,56374.0,A,685.7,A
112,400,Jordan,1964,98312.0,A,58029.0,A,1694.2,A
112,400,Jordan,1965,37417.0,A,65358.0,A,572.5,A
112,400,Jordan,1966,32700.0,A,65358.0,A,500.3,A
112,400,Jordan,1967,106753.0,A,62157.0,A,1717.5,A
112,400,Jordan,1968,16715.0,A,8815.0,A,1896.2,A
112,400,Jordan,1969,23676.0,A,14863.0,A,1592.9,A
112,400,Jordan,1970,10373.0,A,9634.0,A,1076.7,A
112,400,Jordan,1971,18500.0,A,27810.0,A,665.2,A
112,400,Jordan,1972,35000.0,A,31780.0,A,1101.3,A
112,400,Jordan,1973,9489.0,A,32420.0,A,292.7,A
112,400,Jordan,1974,40529.0,A,32106.0,A,1262.3,A
112,400,Jordan,1975,4683.0,A,21519.0,A,217.6,A
112,400,Jordan,1976,22540.0,A,25571.0,A,881.5,A
112,400,Jordan,1977,8320.0,A,18382.0,A,452.6,A
112,400,Jordan,1978,36938.0,A,21569.0,A,1712.6,A
112,400,Jordan,1979,6842.0,A,32471.0,A,210.7,A
112,400,Jordan,1980,44461.0,A,27660.0,A,1607.4,A
112,400,Jordan,1981,18851.0,A,29202.0,A,645.5,A
112,400,Jordan,1982,40366.0,A,30305.0,A,1332.0,A
112,400,Jordan,1983,22200.0,A,27795.0,A,798.7,A
112,400,Jordan,1984,49951.0,A,30620.0,A,1631.3,A
112,400,Jordan,1985,19700.0,A,29775.0,A,661.6,A
112,400,Jordan,1986,31781.0,A,34493.0,A,921.4,A
112,400,Jordan,1987,20474.0,A,38145.0,A,536.7,A
112,400,Jordan,1988,70795.0,A,36276.0,A,1951.6,A
112,400,Jordan,1989,25683.0,A,36397.0,A,705.6,A
112,400,Jordan,1990,63669.0,A,36457.0,A,1746.4,A
112,400,Jordan,1991,40571.0,A,36607.0,A,1108.3,A
112,400,Jordan,1992,81808.0,A,39215.0,A,2086.1,A
112,400,Jordan,1993,31809.0,A,39547.0,A,804.3,A
112,400,Jordan,1994,94071.0,A,53435.0,A,1760.5,A
112,400,Jordan,1995,63151.0,A,54253.0,A,1164.0,A
112,400,Jordan,1996,88590.0,A,54782.0,A,1617.1,A
112,400,Jordan,1997,57145.0,A,61602.0,A,927.6,A
112,400,Jordan,1998,137546.0,A,62604.0,A,2197.1,A
112,400,Jordan,1999,38313.0,A,63260.0,A,605.6,A
112,400,Jordan,2000,134285.0,A,63753.0,A,2106.3,A
112,400,Jordan,2001,65701.0,A,64101.0,A,1025.0,A
112,400,Jordan,2002,180900.0,A,64484.0,A,2805.3,A
112,400,Jordan,2003,117958.0,A,64441.0,A,1830.5,A
112,400,Jordan,2004,160738.0,A,64495.0,A,2492.3,A
112,400,Jordan,2005,113070.0,A,64523.0,A,1752.4,A
112,400,Jordan,2006,146829.0,A,64532.0,A,2275.3,A
112,400,Jordan,2007,125029.0,A,60140.0,A,2079.0,A
112,400,Jordan,2008,94068.0,A,60531.0,A,1554.0,A
112,400,Jordan,2009,140719.0,A,60660.0,A,2319.8,A
112,400,Jordan,2010,171672.0,A,60879.0,A,2819.9,A
112,400,Jordan,2011,131847.0,A,62088.0,A,2123.6,A
112,400,Jordan,2012,155640.0,A,62687.0,A,2482.8,A
112,400,Jordan,2013,128186.0,A,62390.0,A,2054.6,A
112,400,Jordan,2014,155764.0,A,62656.0,A,2486.0,A
112,400,Jordan,2015,200896.0,A,63883.0,A,3144.7,A
112,400,Jordan,2016,115812.0,A,63963.0,A,1810.6,A
112,400,Jordan,2017,145332.0,A,56214.0,A,2585.3,A
112,400,Jordan,2018,125150.0,A,56599.0,A,2211.2,A
112,400,Jordan,2019,214994.0,A,56952.0,A,3775.0,A
112,400,Jordan,2020,169265.0,A,57052.0,A,2966.9,A
112,400,Jordan,2021,151308.0,A,56953.0,A,2656.7,A
112,400,Jordan,2022,162661.2,A,57198.0,A,2843.8,A
112,400,Jordan,2023,169457.6,A,57840.0,A,2929.8,A
112,400,Jordan,2024,220746.36,A,57840.0,A,3816.5,A
118,414,Kuwait,1961,,A,,A,,
118,414,Kuwait,1962,,A,,A,,
118,414,Kuwait,1963,,A,,A,,
118,414,Kuwait,1964,,A,,A,,
118,414,Kuwait,1965,,A,,A,,
118,414,Kuwait,1966,,A,,A,,
118,414,Kuwait,1967,,A,,A,,
118,414,Kuwait,1968,,A,,A,,
118,414,Kuwait,1969,,A,,A,,
118,414,Kuwait,1970,,A,,A,,
118,414,Kuwait,1971,,A,,A,,
118,414,Kuwait,1972,,A,,A,,
118,414,Kuwait,1973,,A,,A,,
118,414,Kuwait,1974,,A,,A,,
118,414,Kuwait,1975,4.0,A,4.0,E,1000.0,E
118,414,Kuwait,1976,4.0,A,4.0,E,1000.0,E
118,414,Kuwait,1977,5.0,A,5.0,E,1000.0,E
118,414,Kuwait,1978,1.0,A,1.0,E,1000.0,E
118,414,Kuwait,1979,5.0,A,5.0,E,1000.0,E
118,414,Kuwait,1980,5.0,A,5.0,E,1000.0,E
118,414,Kuwait,1981,5.0,E,5.0,E,1000.0,E
118,414,Kuwait,1982,5.0,E,5.0,E,1000.0,E
118,414,Kuwait,1983,5.0,E,5.0,E,1000.0,E
118,414,Kuwait,1984,6.0,E,5.0,E,1200.0,E
118,414,Kuwait,1985,7.0,E,6.0,E,1166.7,E
118,414,Kuwait,1986,9.0,A,7.0,E,1285.7,E
118,414,Kuwait,1987,6.0,E,6.0,E,1000.0,E
118,414,Kuwait,1988,10.0,E,8.0,E,1250.0,E
118,414,Kuwait,1989,7.0,E,7.0,E,1000.0,E
118,414,Kuwait,1990,12.0,E,10.0,E,1200.0,E
118,414,Kuwait,1991,8.0,E,9.0,E,888.9,E
118,414,Kuwait,1992,0.04,A,,A,1333.3,A
118,414,Kuwait,1993,0.05,A,,A,1666.7,A
118,414,Kuwait,1994,0.5,A,,A,1666.7,A
118,414,Kuwait,1995,0.6,A,,A,2000.0,A
118,414,Kuwait,1996,0.5,A,,A,1666.7,A
118,414,Kuwait,1997,1.6,A,1.0,A,1600.0,A
118,414,Kuwait,1998,1.0,A,1.0,A,1666.7,A
118,414,Kuwait,1999,1.1,A,1.0,A,1571.4,A
118,414,Kuwait,2000,0.5,A,,A,1666.7,A
118,414,Kuwait,2001,0.9,A,1.0,A,1800.0,A
118,414,Kuwait,2002,3.2,A,2.0,A,1600.0,A
118,414,Kuwait,2003,2.6,A,2.0,A,1625.0,A
118,414,Kuwait,2004,3.6,A,2.0,A,1800.0,A
118,414,Kuwait,2005,15.2,A,9.0,A,1688.9,A
118,414,Kuwait,2006,26.5,A,16.0,A,1656.3,A
118,414,Kuwait,2007,27.6,A,17.0,A,1623.5,A
118,414,Kuwait,2008,24.0,A,15.0,A,1643.8,A
118,414,Kuwait,2009,25.8,A,16.0,A,1612.5,A
118,414,Kuwait,2010,28.9,A,18.0,A,1605.6,A
118,414,Kuwait,2011,137.22,I,82.0,A,1673.5,E
118,414,Kuwait,2012,33.6,A,21.0,A,1600.0,A
118,414,Kuwait,2013,44.1,A,27.0,A,1633.3,A
118,414,Kuwait,2014,62.0,A,38.0,A,1631.6,A
118,414,Kuwait,2015,56.9,A,29.0,A,1962.1,A
118,414,Kuwait,2016,64.0,A,33.0,A,1939.4,A
118,414,Kuwait,2017,68.0,A,30.0,A,2266.7,A
118,414,Kuwait,2018,784.3,A,35.0,A,22408.6,A
118,414,Kuwait,2019,809.0,A,42.0,A,19494.0,A
118,414,Kuwait,2020,740.0,A,70.0,A,10571.4,A
118,414,Kuwait,2021,640.0,A,60.0,A,10666.7,A
118,414,Kuwait,2022,593.89,I,55.0,I,10701.4,E
118,414,Kuwait,2023,708.68,I,57.0,I,12405.3,E
118,414,Kuwait,2024,754.84,I,56.0,I,13466.9,E
119,428,Latvia,2018,,A,,A,,
119,428,Latvia,2019,,A,,A,,
119,428,Latvia,2020,,A,,A,,
119,428,Latvia,2021,,A,,A,,
119,428,Latvia,2022,,A,,A,,
119,428,Latvia,2023,,A,,A,,
119,428,Latvia,2024,,A,,A,,
121,422,Lebanon,1961,65000.0,A,27000.0,E,2407.4,E
121,422,Lebanon,1962,16000.0,A,10000.0,E,1600.0,E
121,422,Lebanon,1963,60000.0,A,27500.0,A,2181.8,A
121,422,Lebanon,1964,30000.0,A,28618.0,A,1048.3,A
121,422,Lebanon,1965,49000.0,A,26618.0,A,1840.9,A
121,422,Lebanon,1966,29376.0,A,26965.0,A,1089.4,A
121,422,Lebanon,1967,67773.0,A,26837.0,A,2525.4,A
121,422,Lebanon,1968,32184.0,A,26863.0,A,1198.1,A
121,422,Lebanon,1969,46268.0,A,27663.0,A,1672.6,A
121,422,Lebanon,1970,44396.0,A,27066.0,A,1640.3,A
121,422,Lebanon,1971,54759.0,A,27518.0,A,1989.9,A
121,422,Lebanon,1972,39603.0,A,28021.0,A,1413.3,A
121,422,Lebanon,1973,30178.0,A,28251.0,A,1068.2,A
121,422,Lebanon,1974,81167.0,A,28337.0,A,2864.3,A
121,422,Lebanon,1975,35000.0,E,28000.0,E,1250.0,E
121,422,Lebanon,1976,51000.0,E,27000.0,E,1888.9,E
121,422,Lebanon,1977,25000.0,X,27000.0,E,925.9,E
121,422,Lebanon,1978,65000.0,X,21000.0,X,3095.2,X
121,422,Lebanon,1979,15000.0,X,23000.0,E,652.2,E
121,422,Lebanon,1980,80000.0,A,31000.0,A,2580.6,A
121,422,Lebanon,1981,15000.0,A,31000.0,A,483.9,A
121,422,Lebanon,1982,75000.0,A,31000.0,A,2419.4,A
121,422,Lebanon,1983,20000.0,A,31000.0,E,645.2,E
121,422,Lebanon,1984,50000.0,A,31000.0,E,1612.9,E
121,422,Lebanon,1985,33000.0,X,33000.0,X,1000.0,X
121,422,Lebanon,1986,50000.0,X,33000.0,X,1515.2,X
121,422,Lebanon,1987,68328.0,A,40789.0,A,1675.2,A
121,422,Lebanon,1988,39420.0,A,40955.0,A,962.5,A
121,422,Lebanon,1989,45906.0,A,42515.0,A,1079.8,A
121,422,Lebanon,1990,62335.0,A,42989.0,A,1450.0,A
121,422,Lebanon,1991,43841.0,A,43031.0,A,1018.8,A
121,422,Lebanon,1992,103119.0,A,43026.0,A,2396.7,A
121,422,Lebanon,1993,50000.0,E,43000.0,E,1162.8,E
121,422,Lebanon,1994,77889.0,A,42765.0,A,1821.3,A
121,422,Lebanon,1995,54000.0,E,43000.0,E,1255.8,E
121,422,Lebanon,1996,96475.0,A,47525.0,A,2030.0,A
121,422,Lebanon,1997,93910.0,A,50789.0,A,1849.0,A
121,422,Lebanon,1998,100000.0,A,51552.0,A,1939.8,A
121,422,Lebanon,1999,66400.0,A,51100.0,A,1299.4,A
121,422,Lebanon,2000,189500.0,A,55646.0,A,3405.5,A
121,422,Lebanon,2001,85800.0,A,56834.0,A,1509.7,A
121,422,Lebanon,2002,184421.0,A,57570.0,A,3203.4,A
121,422,Lebanon,2003,83200.0,A,57564.0,A,1445.3,A
121,422,Lebanon,2004,167300.0,A,58531.0,A,2858.3,A
121,422,Lebanon,2005,76500.0,A,58824.0,A,1300.5,A
121,422,Lebanon,2006,177300.0,A,59100.0,A,3000.0,A
121,422,Lebanon,2007,76200.0,A,58600.0,A,1300.3,A
121,422,Lebanon,2008,85000.0,A,56000.0,A,1517.9,A
121,422,Lebanon,2009,79000.0,A,57800.0,A,1366.8,A
121,422,Lebanon,2010,200000.0,A,53647.0,A,3728.1,A
121,422,Lebanon,2011,88000.0,A,53600.0,X,1641.8,E
121,422,Lebanon,2012,70000.0,A,53600.0,X,1306.0,E
121,422,Lebanon,2013,106200.22,I,53600.0,X,1981.3,E
121,422,Lebanon,2014,113700.0,X,58820.0,X,1933.0,X
121,422,Lebanon,2015,176659.0,X,59628.0,X,2962.7,X
121,422,Lebanon,2016,157646.0,A,59780.0,A,2637.1,A
121,422,Lebanon,2017,157710.0,A,61380.0,A,2569.4,A
121,422,Lebanon,2018,164188.0,X,62233.0,X,2638.3,X
121,422,Lebanon,2019,170127.0,X,63404.0,X,2683.2,X
121,422,Lebanon,2020,183941.0,X,64139.0,X,2867.8,X
121,422,Lebanon,2021,122077.0,X,64074.0,X,1905.3,X
121,422,Lebanon,2022,122323.0,X,64071.0,X,1909.2,X
121,422,Lebanon,2023,121769.0,X,64082.0,X,1900.2,X
121,422,Lebanon,2024,141179.0,X,64600.0,X,2185.4,X
124,434,Libya,1961,35100.0,A,,M,,
124,434,Libya,1962,36700.0,A,,M,,
124,434,Libya,1963,32000.0,A,,M,,
124,434,Libya,1964,18600.0,A,,M,,
124,434,Libya,1965,101372.0,A,,M,,
124,434,Libya,1966,94988.0,A,,M,,
124,434,Libya,1967,134294.0,A,,M,,
124,434,Libya,1968,143109.0,A,,M,,
124,434,Libya,1969,33610.0,A,,M,,
124,434,Libya,1970,73254.0,A,,M,,
124,434,Libya,1971,6000.0,A,,M,,
124,434,Libya,1972,94533.0,A,,M,,
124,434,Libya,1973,149313.0,A,,M,,
124,434,Libya,1974,95000.0,A,,M,,
124,434,Libya,1975,150918.0,A,,M,,
124,434,Libya,1976,155096.0,A,,M,,
124,434,Libya,1977,42028.0,A,,M,,
124,434,Libya,1978,143400.0,A,,M,,
124,434,Libya,1979,100000.0,A,,M,,
124,434,Libya,1980,160983.0,A,,M,,
124,434,Libya,1981,154800.0,A,,M,,
124,434,Libya,1982,143000.0,A,,M,,
124,434,Libya,1983,144000.0,A,,M,,
124,434,Libya,1984,121600.0,A,,M,,
124,434,Libya,1985,128000.0,A,62000.0,E,2064.5,E
124,434,Libya,1986,120000.0,X,62000.0,E,1935.5,E
124,434,Libya,1987,58002.0,A,60000.0,E,966.7,E
124,434,Libya,1988,61958.0,A,60000.0,E,1032.6,E
124,434,Libya,1989,64998.0,A,60000.0,E,1083.3,E
124,434,Libya,1990,67998.0,A,62247.0,E,1092.4,E
124,434,Libya,1991,80000.0,E,65000.0,E,1230.8,E
124,434,Libya,1992,100000.0,E,70000.0,E,1428.6,E
124,434,Libya,1993,120000.0,E,80000.0,E,1500.0,E
124,434,Libya,1994,140000.0,E,85000.0,E,1647.1,E
124,434,Libya,1995,168000.0,X,90000.0,E,1866.7,E
124,434,Libya,1996,185680.0,X,100000.0,E,1856.8,E
124,434,Libya,1997,190000.0,E,105000.0,E,1809.5,E
124,434,Libya,1998,200000.0,E,110000.0,E,1818.2,E
124,434,Libya,1999,275000.0,A,160000.0,E,1718.8,E
124,434,Libya,2000,165000.0,A,130000.0,A,1269.2,A
124,434,Libya,2001,150000.0,A,100000.0,A,1500.0,A
124,434,Libya,2002,150000.0,A,100000.0,A,1500.0,A
124,434,Libya,2003,167375.99,I,135402.0,I,1236.1,E
124,434,Libya,2004,180000.0,E,200000.0,A,900.0,E
124,434,Libya,2005,181118.26,I,195147.0,I,928.1,E
124,434,Libya,2006,180000.0,X,200000.0,X,900.0,X
124,434,Libya,2007,180000.0,X,200000.0,X,900.0,X
124,434,Libya,2008,180000.0,X,200000.0,X,900.0,X
124,434,Libya,2009,170890.0,X,205150.0,X,833.0,X
124,434,Libya,2010,177144.0,I,227602.0,I,778.3,E
124,434,Libya,2011,187310.39,I,234277.0,I,799.5,E
124,434,Libya,2012,184951.46,I,241106.0,I,767.1,E
124,434,Libya,2013,185762.17,I,251558.0,I,738.4,E
124,434,Libya,2014,180668.04,I,253467.0,I,712.8,E
124,434,Libya,2015,162743.91,I,224513.0,I,724.9,E
124,434,Libya,2016,176391.37,E,243179.0,E,725.4,E
124,434,Libya,2017,175437.38,I,245452.0,I,714.8,E
124,434,Libya,2018,141680.0,A,204510.0,A,692.8,A
124,434,Libya,2019,140180.0,A,205940.0,A,680.7,A
124,434,Libya,2020,172520.0,A,238760.0,A,722.6,A
124,434,Libya,2021,173260.0,A,235500.0,A,735.7,A
124,434,Libya,2022,168323.88,I,228473.0,I,736.7,E
124,434,Libya,2023,143083.59,I,207252.0,I,690.4,E
124,434,Libya,2024,128893.28,I,185238.0,I,695.8,E
126,440,Lithuania,2018,,A,,A,,
126,440,Lithuania,2019,,A,,A,,
126,440,Lithuania,2020,,A,,A,,
126,440,Lithuania,2021,,A,,A,,
126,440,Lithuania,2022,,A,,A,,
126,440,Lithuania,2023,,A,,A,,
126,440,Lithuania,2024,,A,,A,,
256,442,Luxembourg,2018,,A,,A,,
256,442,Luxembourg,2019,,A,,A,,
256,442,Luxembourg,2020,,A,,A,,
256,442,Luxembourg,2021,,A,,A,,
256,442,Luxembourg,2022,,A,,A,,
256,442,Luxembourg,2023,,A,,A,,
256,442,Luxembourg,2024,,A,,A,,
134,470,Malta,1961,15.0,E,14.0,E,1071.4,E
134,470,Malta,1962,16.0,E,16.0,E,1000.0,E
134,470,Malta,1963,17.0,E,15.0,E,1133.3,E
134,470,Malta,1964,20.0,E,19.0,E,1052.6,E
134,470,Malta,1965,19.0,E,18.0,E,1055.6,E
134,470,Malta,1966,18.0,E,17.0,E,1058.8,E
134,470,Malta,1967,17.0,E,16.0,E,1062.5,E
134,470,Malta,1968,18.0,A,17.0,A,1058.8,A
134,470,Malta,1969,17.0,A,15.0,A,1133.3,A
134,470,Malta,1970,11.0,A,18.0,A,611.1,A
134,470,Malta,1971,19.0,A,14.0,A,1357.1,A
134,470,Malta,1972,8.0,A,15.0,A,533.3,A
134,470,Malta,1973,11.0,A,14.0,A,785.7,A
134,470,Malta,1974,21.0,A,30.0,A,700.0,A
134,470,Malta,1975,19.0,A,30.0,A,633.3,A
134,470,Malta,1976,18.0,A,28.0,A,642.9,A
134,470,Malta,1977,23.0,A,19.0,A,1210.5,A
134,470,Malta,1978,17.0,A,22.0,A,772.7,A
134,470,Malta,1979,17.0,A,22.0,A,772.7,A
134,470,Malta,1980,15.0,A,14.0,A,1071.4,A
134,470,Malta,1981,14.0,A,13.0,A,1076.9,A
134,470,Malta,1982,20.0,A,12.0,A,1666.7,A
134,470,Malta,1983,21.0,A,12.0,A,1750.0,A
134,470,Malta,1984,20.0,E,12.0,E,1666.7,E
134,470,Malta,1985,20.0,E,12.0,E,1666.7,E
134,470,Malta,1986,20.0,E,12.0,E,1666.7,E
134,470,Malta,1987,21.0,E,12.0,E,1750.0,E
134,470,Malta,1988,18.0,E,12.0,E,1500.0,E
134,470,Malta,1989,15.0,A,10.0,A,1500.0,A
134,470,Malta,1990,16.0,E,9.0,E,1777.8,E
134,470,Malta,1991,13.0,E,8.0,E,1625.0,E
134,470,Malta,1992,15.0,E,11.0,E,1363.6,E
134,470,Malta,1993,10.0,E,10.0,E,1000.0,E
134,470,Malta,1994,8.0,E,9.0,E,888.9,E
134,470,Malta,1995,10.0,A,13.0,A,769.2,A
134,470,Malta,1996,10.0,A,5.0,A,2000.0,A
134,470,Malta,1997,8.75,I,7.0,E,1249.5,E
134,470,Malta,1998,2.0,A,2.0,E,1000.0,E
134,470,Malta,1999,4.0,A,3.0,E,1333.3,E
134,470,Malta,2000,3.0,A,2.0,E,1500.0,E
134,470,Malta,2001,1.0,A,1.0,E,1000.0,E
134,470,Malta,2002,3.0,E,2.0,E,1500.0,E
134,470,Malta,2003,3.0,E,3.0,E,1000.0,E
134,470,Malta,2004,3.0,E,3.0,E,1000.0,E
134,470,Malta,2005,3.29,I,3.0,E,1095.7,E
134,470,Malta,2006,5.0,E,5.0,E,1000.0,E
134,470,Malta,2007,6.0,E,6.0,E,1000.0,E
134,470,Malta,2008,6.0,E,6.0,E,1000.0,E
134,470,Malta,2009,5.0,E,6.0,E,833.3,E
134,470,Malta,2010,13.95,I,14.0,I,971.2,E
134,470,Malta,2011,24.78,I,24.0,I,1026.9,E
134,470,Malta,2012,33.16,I,32.0,I,1038.5,E
134,470,Malta,2013,45.7,I,44.0,I,1030.5,E
134,470,Malta,2014,60.0,X,61.0,E,977.0,E
134,470,Malta,2015,90.0,X,93.0,E,967.4,E
134,470,Malta,2016,30.0,X,31.0,I,964.5,E
134,470,Malta,2017,60.0,E,63.0,E,952.0,E
134,470,Malta,2019,30.0,A,,,,
134,470,Malta,2021,20.0,A,,,,
134,470,Malta,2022,600.0,A,,,,
134,470,Malta,2023,440.0,A,190.0,A,2315.8,A
134,470,Malta,2024,120.0,A,190.0,A,631.6,A
138,484,Mexico,1961,3691.0,A,2600.0,A,1419.6,A
138,484,Mexico,1962,4266.0,A,2708.0,A,1575.3,A
138,484,Mexico,1963,4367.0,A,2794.0,A,1563.0,A
138,484,Mexico,1964,7562.0,A,2895.0,A,2612.1,A
138,484,Mexico,1965,8407.0,A,3107.0,A,2705.8,A
138,484,Mexico,1966,8464.0,A,3126.0,A,2707.6,A
138,484,Mexico,1967,8754.0,A,3378.0,A,2591.5,A
138,484,Mexico,1968,9532.0,A,3593.0,A,2652.9,A
138,484,Mexico,1969,10161.0,A,3667.0,A,2770.9,A
138,484,Mexico,1970,9815.0,A,3705.0,A,2649.1,A
138,484,Mexico,1971,9467.0,A,3240.0,A,2921.9,A
138,484,Mexico,1972,12527.0,A,4479.0,A,2796.8,A
138,484,Mexico,1973,9010.0,A,4449.0,A,2025.2,A
138,484,Mexico,1974,7631.0,A,5492.0,A,1389.5,A
138,484,Mexico,1975,7631.0,A,5596.0,A,1363.7,A
138,484,Mexico,1976,9728.0,A,5570.0,A,1746.5,A
138,484,Mexico,1977,13236.0,A,5299.0,A,2497.8,A
138,484,Mexico,1978,37108.0,A,6903.0,A,5375.6,A
138,484,Mexico,1979,30782.0,A,6767.0,A,4548.8,A
138,484,Mexico,1980,28731.0,A,6599.0,A,4353.8,A
138,484,Mexico,1981,6942.0,A,2676.0,A,2594.2,A
138,484,Mexico,1982,13578.0,A,4164.0,A,3260.8,A
138,484,Mexico,1983,10635.0,A,4058.0,A,2620.7,A
138,484,Mexico,1984,10635.0,A,4012.0,A,2650.8,A
138,484,Mexico,1985,21922.0,A,4505.0,A,4866.1,A
138,484,Mexico,1986,12806.0,A,4445.0,A,2881.0,A
138,484,Mexico,1987,14379.0,A,4581.0,A,3138.8,A
138,484,Mexico,1988,10516.0,A,4669.0,A,2252.3,A
138,484,Mexico,1989,7057.0,A,2475.0,A,2851.3,A
138,484,Mexico,1990,12953.0,A,3780.0,A,3426.7,A
138,484,Mexico,1991,13051.0,A,3809.0,A,3426.4,A
138,484,Mexico,1992,20799.0,A,4722.0,A,4404.7,A
138,484,Mexico,1993,14927.0,A,5120.0,A,2915.4,A
138,484,Mexico,1994,10303.0,A,4917.0,A,2095.4,A
138,484,Mexico,1995,19450.0,A,6060.0,A,3209.6,A
138,484,Mexico,1996,7205.0,A,3542.0,A,2034.2,A
138,484,Mexico,1997,17227.0,A,5760.0,A,2990.8,A
138,484,Mexico,1998,24072.0,A,6072.0,A,3964.4,A
138,484,Mexico,1999,9765.0,A,4469.0,A,2185.1,A
138,484,Mexico,2000,9288.0,A,4327.0,A,2146.5,A
138,484,Mexico,2001,16316.0,A,4625.0,A,3527.8,A
138,484,Mexico,2002,14147.0,A,4860.0,A,2910.9,A
138,484,Mexico,2003,7592.0,A,4067.0,A,1866.7,A
138,484,Mexico,2004,10030.0,A,3860.0,A,2598.4,A
138,484,Mexico,2005,13014.0,A,3627.0,A,3588.1,A
138,484,Mexico,2006,9642.0,A,3218.0,A,2996.3,A
138,484,Mexico,2007,15936.0,A,4112.0,A,3875.5,A
138,484,Mexico,2008,18109.0,A,5111.0,A,3543.1,A
138,484,Mexico,2009,10369.0,A,3292.0,A,3149.8,A
138,484,Mexico,2010,27209.0,A,6818.0,A,3990.8,A
138,484,Mexico,2011,6969.0,A,3538.0,A,1969.8,A
138,484,Mexico,2012,19058.0,A,6581.0,A,2895.9,A
138,484,Mexico,2013,26303.0,A,6916.0,A,3803.2,A
138,484,Mexico,2014,9994.42,A,3624.0,A,2758.1,A
138,484,Mexico,2015,13048.66,A,2896.0,A,4505.9,A
138,484,Mexico,2016,21649.75,A,5094.0,A,4250.3,A
138,484,Mexico,2017,12879.38,A,3029.0,A,4251.4,A
138,484,Mexico,2018,15106.51,A,5200.0,A,2905.3,A
138,484,Mexico,2019,25422.21,A,5460.0,A,4656.1,A
138,484,Mexico,2020,26762.37,A,8253.0,A,3242.9,A
138,484,Mexico,2021,32322.74,A,9452.0,A,3419.8,A
138,484,Mexico,2022,21519.73,A,4282.0,A,5025.2,A
138,484,Mexico,2023,23653.15,A,5249.0,A,4505.9,A
138,484,Mexico,2024,29592.57,A,5842.0,A,5065.6,A
273,499,Montenegro,2006,1522.4,A,632.0,E,2410.7,E
273,499,Montenegro,2007,1082.6,A,449.0,E,2410.7,E
273,499,Montenegro,2008,2107.6,A,874.0,E,2410.7,E
273,499,Montenegro,2009,1377.0,A,571.0,E,2410.7,E
273,499,Montenegro,2010,1943.8,A,806.0,E,2410.7,E
273,499,Montenegro,2011,1008.0,A,418.0,E,2410.7,E
273,499,Montenegro,2012,2154.9,A,894.0,E,2410.7,E
273,499,Montenegro,2013,1038.1,A,371.0,E,2800.0,E
273,499,Montenegro,2014,999.7,A,322.0,E,3100.0,E
273,499,Montenegro,2015,962.7,A,357.0,E,2700.0,E
273,499,Montenegro,2016,1623.0,A,464.0,E,3500.0,E
273,499,Montenegro,2017,1642.5,A,566.0,E,2900.0,E
273,499,Montenegro,2018,1098.9,A,549.0,E,2000.0,E
273,499,Montenegro,2019,1211.0,A,550.0,E,2200.0,E
273,499,Montenegro,2020,1161.0,A,611.0,E,1900.0,E
273,499,Montenegro,2021,1621.0,A,623.0,E,2600.0,E
273,499,Montenegro,2022,1937.0,A,646.0,E,3000.0,E
273,499,Montenegro,2023,1629.0,A,627.0,E,2600.0,E
273,499,Montenegro,2024,2148.0,A,786.0,E,2733.3,E
143,504,Morocco,1961,139600.0,A,155000.0,E,900.6,E
143,504,Morocco,1962,145000.0,A,160000.0,E,906.3,E
143,504,Morocco,1963,200000.0,A,230000.0,E,869.6,E
143,504,Morocco,1964,177000.0,A,200000.0,E,885.0,E
143,504,Morocco,1965,267100.0,A,300000.0,E,890.3,E
143,504,Morocco,1966,240000.0,A,270000.0,E,888.9,E
143,504,Morocco,1967,152000.0,A,170000.0,E,894.1,E
143,504,Morocco,1968,491000.0,A,550000.0,E,892.7,E
143,504,Morocco,1969,320000.0,A,350000.0,E,914.3,E
143,504,Morocco,1970,160000.0,A,180000.0,E,888.9,E
143,504,Morocco,1971,506000.0,A,560000.0,E,903.6,E
143,504,Morocco,1972,195000.0,A,220000.0,E,886.4,E
143,504,Morocco,1973,254700.0,A,280000.0,E,909.6,E
143,504,Morocco,1974,218900.0,A,294700.0,A,742.8,A
143,504,Morocco,1975,312200.0,A,314400.0,A,993.0,A
143,504,Morocco,1976,304000.0,A,340000.0,E,894.1,E
143,504,Morocco,1977,180000.0,X,200000.0,E,900.0,E
143,504,Morocco,1978,200000.0,X,220000.0,E,909.1,E
143,504,Morocco,1979,390000.0,X,430000.0,E,907.0,E
143,504,Morocco,1980,267000.0,E,300000.0,E,890.0,E
143,504,Morocco,1981,200000.0,E,242100.0,A,826.1,E
143,504,Morocco,1982,432950.0,A,259700.0,A,1667.1,A
143,504,Morocco,1983,273900.0,A,281900.0,A,971.6,A
143,504,Morocco,1984,326700.0,A,286600.0,A,1139.9,A
143,504,Morocco,1985,368000.0,A,293200.0,A,1255.1,A
143,504,Morocco,1986,400000.0,A,301500.0,A,1326.7,A
143,504,Morocco,1987,453960.0,A,274200.0,A,1655.6,A
143,504,Morocco,1988,347000.0,A,331900.0,A,1045.5,A
143,504,Morocco,1989,650000.0,A,360300.0,A,1804.1,A
143,504,Morocco,1990,396000.0,A,365000.0,A,1084.9,A
143,504,Morocco,1991,550000.0,A,360000.0,A,1527.8,A
143,504,Morocco,1992,380000.0,A,395000.0,A,962.0,A
143,504,Morocco,1993,418000.0,A,412000.0,A,1014.6,A
143,504,Morocco,1994,500000.0,A,430000.0,A,1162.8,A
143,504,Morocco,1995,436360.0,A,415200.0,A,1051.0,A
143,504,Morocco,1996,908300.0,A,418800.0,A,2168.8,A
143,504,Morocco,1997,517600.0,A,426600.0,A,1213.3,A
143,504,Morocco,1998,708550.0,A,520000.0,A,1362.6,A
143,504,Morocco,1999,475750.0,A,520000.0,A,914.9,A
143,504,Morocco,2000,400000.0,A,540000.0,A,740.7,A
143,504,Morocco,2001,420000.0,A,550000.0,A,763.6,A
143,504,Morocco,2002,455200.0,A,477300.0,A,953.7,A
143,504,Morocco,2003,830100.0,A,481000.0,A,1725.8,A
143,504,Morocco,2004,500000.0,A,590000.0,A,847.5,A
143,504,Morocco,2005,750000.0,A,600000.0,A,1250.0,A
143,504,Morocco,2006,631210.0,A,522800.0,A,1207.4,A
143,504,Morocco,2007,659100.0,A,530900.0,A,1241.5,A
143,504,Morocco,2008,765380.0,A,547600.0,A,1397.7,A
143,504,Morocco,2009,850000.0,A,665400.0,A,1277.4,A
143,504,Morocco,2010,1506473.0,A,830481.0,A,1814.0,A
143,504,Morocco,2011,1415902.0,A,900743.0,A,1571.9,A
143,504,Morocco,2012,1315794.0,A,968123.0,A,1359.1,A
143,504,Morocco,2013,1181675.91,A,922235.0,A,1281.3,A
143,504,Morocco,2014,1573206.49,A,946818.0,A,1661.6,A
143,504,Morocco,2015,1144237.93,A,1006491.0,A,1136.9,A
143,504,Morocco,2016,1416106.53,A,1008365.0,A,1404.4,A
143,504,Morocco,2017,1039116.84,A,1020569.0,A,1018.2,A
143,504,Morocco,2018,1561465.2,A,1045186.0,A,1494.0,A
143,504,Morocco,2019,1912237.71,A,1073493.0,A,1781.3,A
143,504,Morocco,2020,1409266.45,A,1068895.0,A,1318.4,A
143,504,Morocco,2021,1590504.0,A,1104083.0,A,1440.6,A
143,504,Morocco,2022,1968110.94,A,1201308.0,A,1638.3,A
143,504,Morocco,2023,988044.45,A,1160032.0,A,851.7,A
143,504,Morocco,2024,1079873.76,A,1238815.0,A,871.7,A
150,528,Netherlands (Kingdom of the),2018,,A,,A,,
150,528,Netherlands (Kingdom of the),2019,,A,,A,,
150,528,Netherlands (Kingdom of the),2020,,A,,A,,
150,528,Netherlands (Kingdom of the),2021,,A,,A,,
150,528,Netherlands (Kingdom of the),2022,,A,,A,,
150,528,Netherlands (Kingdom of the),2023,,A,,A,,
150,528,Netherlands (Kingdom of the),2024,,A,,A,,
154,807,North Macedonia,1992,,M,,M,,
154,807,North Macedonia,1993,,M,,M,,
154,807,North Macedonia,1994,,M,,M,,
154,807,North Macedonia,1995,,M,,M,,
154,807,North Macedonia,1996,,M,,M,,
154,807,North Macedonia,1997,,M,,M,,
154,807,North Macedonia,1998,,M,,M,,
154,807,North Macedonia,1999,22000.0,E,8800.0,E,2500.0,E
154,807,North Macedonia,2000,15200.0,E,6000.0,E,2533.3,E
154,807,North Macedonia,2001,15400.0,E,6200.0,E,2483.9,E
154,807,North Macedonia,2002,13000.0,E,5157.0,I,2520.7,E
154,807,North Macedonia,2003,16000.0,E,6000.0,E,2666.7,E
154,807,North Macedonia,2004,14000.0,E,5466.0,I,2561.3,E
154,807,North Macedonia,2005,13000.0,E,5174.0,I,2512.4,E
154,807,North Macedonia,2006,12000.0,E,4842.0,I,2478.2,E
154,807,North Macedonia,2007,13800.0,E,5669.0,I,2434.2,E
154,807,North Macedonia,2008,13000.0,E,5500.0,E,2363.6,E
154,807,North Macedonia,2009,13000.0,E,5500.0,E,2363.6,E
154,807,North Macedonia,2010,12000.0,E,5000.0,E,2400.0,E
154,807,North Macedonia,2011,12000.0,E,5000.0,E,2400.0,E
154,807,North Macedonia,2012,13000.0,E,6000.0,E,2166.7,E
154,807,North Macedonia,2013,13000.0,E,6000.0,E,2166.7,E
154,807,North Macedonia,2014,12343.43,I,5636.0,I,2190.2,E
154,807,North Macedonia,2015,12168.88,I,5540.0,I,2196.6,E
154,807,North Macedonia,2016,12504.11,E,5451.0,I,2294.1,E
154,807,North Macedonia,2017,12062.91,I,5328.0,I,2264.2,E
154,807,North Macedonia,2018,11801.24,I,5332.0,I,2213.3,E
154,807,North Macedonia,2019,11645.56,I,5349.0,I,2177.1,E
154,807,North Macedonia,2020,11510.23,I,5341.0,I,2155.2,E
154,807,North Macedonia,2021,11592.08,I,5338.0,I,2171.7,E
154,807,North Macedonia,2022,11732.98,I,5394.0,I,2175.3,E
154,807,North Macedonia,2023,11660.41,I,5378.0,I,2168.1,E
154,807,North Macedonia,2024,11574.96,I,5356.0,I,2160.9,E
165,586,Pakistan,2018,,M,,M,,
165,586,Pakistan,2019,,A,,A,,
165,586,Pakistan,2020,,A,,A,,
165,586,Pakistan,2021,,A,,A,,
165,586,Pakistan,2022,,A,,A,,
165,586,Pakistan,2023,8894.0,A,2531.0,A,3514.0,A
165,586,Pakistan,2024,6569.0,A,3360.0,A,1955.1,A
299,275,Palestine,1991,,M,,M,,
299,275,Palestine,1992,,M,,M,,
299,275,Palestine,1993,,M,,M,,
299,275,Palestine,1994,83652.0,A,81872.0,A,1021.7,A
299,275,Palestine,1995,44452.0,A,82313.0,A,540.0,A
299,275,Palestine,1996,130514.0,A,80675.0,A,1617.8,A
299,275,Palestine,1997,50694.0,A,83757.0,A,605.3,A
299,275,Palestine,1998,98137.0,A,87706.0,A,1118.9,A
299,275,Palestine,1999,35347.0,A,89369.0,A,395.5,A
299,275,Palestine,2000,156493.0,A,93643.0,A,1671.2,A
299,275,Palestine,2001,38463.0,A,92147.0,A,417.4,A
299,275,Palestine,2002,143630.0,A,92631.0,A,1550.6,A
299,275,Palestine,2003,85024.0,A,92716.0,A,917.0,A
299,275,Palestine,2004,141354.0,A,93435.0,A,1512.9,A
299,275,Palestine,2005,85765.0,A,93394.0,A,918.3,A
299,275,Palestine,2006,137805.0,A,92555.0,A,1488.9,A
299,275,Palestine,2007,50573.0,A,93386.0,A,541.5,A
299,275,Palestine,2008,85651.0,A,95067.0,A,901.0,A
299,275,Palestine,2009,105000.0,E,95061.0,A,1104.6,E
299,275,Palestine,2010,112000.0,A,46282.0,A,2419.9,A
299,275,Palestine,2011,75530.0,A,55801.0,A,1353.6,A
299,275,Palestine,2012,114070.0,X,56270.0,X,2027.2,X
299,275,Palestine,2013,60630.0,X,46280.0,X,1310.1,X
299,275,Palestine,2014,60900.0,X,46000.0,X,1323.9,X
299,275,Palestine,2015,87000.0,X,56000.0,X,1553.6,X
299,275,Palestine,2016,88000.0,X,59000.0,X,1491.5,X
299,275,Palestine,2017,87799.0,A,56101.0,I,1565.0,E
299,275,Palestine,2018,59345.0,A,40385.0,I,1469.5,E
299,275,Palestine,2019,177610.78,A,96882.0,I,1833.3,E
299,275,Palestine,2020,76630.0,A,39657.0,I,1932.3,E
299,275,Palestine,2021,174643.0,A,57517.0,A,3036.4,A
299,275,Palestine,2022,143100.0,E,66416.0,I,2154.6,E
170,604,Peru,1961,12210.0,A,3000.0,A,4070.0,A
170,604,Peru,1962,15272.0,A,4255.0,A,3589.2,A
170,604,Peru,1963,15272.0,A,4255.0,A,3589.2,A
170,604,Peru,1964,10614.0,A,2730.0,A,3887.9,A
170,604,Peru,1965,8239.0,A,2370.0,A,3476.4,A
170,604,Peru,1966,8186.0,A,2624.0,A,3119.7,A
170,604,Peru,1967,9710.0,A,2664.0,A,3644.9,A
170,604,Peru,1968,8450.0,A,2342.0,A,3608.0,A
170,604,Peru,1969,7310.0,A,2505.0,A,2918.2,A
170,604,Peru,1970,8513.0,A,2566.0,A,3317.6,A
170,604,Peru,1971,10261.0,A,2754.0,A,3725.9,A
170,604,Peru,1972,11081.0,A,2892.0,A,3831.6,A
170,604,Peru,1973,10819.0,A,3171.0,A,3411.9,A
170,604,Peru,1974,11705.0,A,3218.0,A,3637.4,A
170,604,Peru,1975,11237.0,A,3307.0,A,3397.9,A
170,604,Peru,1976,11800.0,A,3458.0,A,3412.4,A
170,604,Peru,1977,10274.0,A,3709.0,A,2770.0,A
170,604,Peru,1978,11148.0,A,4264.0,A,2614.4,A
170,604,Peru,1979,12748.0,A,4513.0,A,2824.7,A
170,604,Peru,1980,10032.0,A,4729.0,A,2121.4,A
170,604,Peru,1981,10863.0,A,4785.0,A,2270.2,A
170,604,Peru,1982,15975.0,A,5064.0,A,3154.6,A
170,604,Peru,1983,8670.0,A,5426.0,A,1597.9,A
170,604,Peru,1984,4231.0,A,5627.0,A,751.9,A
170,604,Peru,1985,19120.0,A,5334.0,A,3584.6,A
170,604,Peru,1986,12108.0,A,5668.0,A,2136.2,A
170,604,Peru,1987,16331.0,A,5688.0,A,2871.1,A
170,604,Peru,1988,8565.0,A,4793.0,A,1787.0,A
170,604,Peru,1989,22448.0,A,5679.0,A,3952.8,A
170,604,Peru,1990,4995.0,A,3691.0,A,1353.3,A
170,604,Peru,1991,28415.0,A,5769.0,A,4925.5,A
170,604,Peru,1992,6049.0,A,4121.0,A,1467.8,A
170,604,Peru,1993,16435.0,A,5835.0,A,2816.6,A
170,604,Peru,1994,20589.0,A,5839.0,A,3526.1,A
170,604,Peru,1995,28842.0,A,6144.0,A,4694.3,A
170,604,Peru,1996,27050.0,A,5868.0,A,4609.7,A
170,604,Peru,1997,31138.0,A,5848.0,A,5324.6,A
170,604,Peru,1998,12690.0,A,3770.0,A,3366.0,A
170,604,Peru,1999,11382.0,A,3909.0,A,2911.7,A
170,604,Peru,2000,30023.0,A,6418.0,A,4677.9,A
170,604,Peru,2001,32442.0,A,6995.0,A,4637.9,A
170,604,Peru,2002,32488.0,A,7231.0,A,4492.9,A
170,604,Peru,2003,38089.0,A,7750.0,A,4914.7,A
170,604,Peru,2004,42471.0,A,8030.0,A,5289.0,A
170,604,Peru,2005,54622.0,A,8649.0,A,6315.4,A
170,604,Peru,2006,52298.0,A,9652.0,A,5418.4,A
170,604,Peru,2007,52444.0,A,9456.0,A,5546.1,A
170,604,Peru,2008,57700.0,A,10415.0,A,5540.1,A
170,604,Peru,2009,37170.0,A,7609.0,A,4885.0,A
170,604,Peru,2010,75035.0,A,11438.0,A,6560.2,A
170,604,Peru,2011,73092.0,A,12962.0,A,5638.9,A
170,604,Peru,2012,92527.0,A,13228.0,A,6994.8,A
170,604,Peru,2013,57766.0,A,16444.0,A,3513.0,A
170,604,Peru,2014,151927.0,A,17005.0,A,8934.3,A
170,604,Peru,2015,38427.0,A,17226.0,A,2230.8,A
170,604,Peru,2016,56156.66,A,17119.0,A,3280.5,A
170,604,Peru,2017,80349.0,A,21185.0,A,3792.7,A
170,604,Peru,2018,188982.41,A,21887.0,A,8634.3,A
170,604,Peru,2019,190985.74,A,21558.0,A,8859.0,A
170,604,Peru,2020,174315.85,A,21868.0,A,7971.5,A
170,604,Peru,2021,147010.92,A,28296.0,A,5195.5,A
170,604,Peru,2022,226942.32,A,26579.0,A,8538.5,A
170,604,Peru,2023,177880.9,A,28533.0,A,6234.2,A
170,604,Peru,2024,23760.3,A,20521.0,A,1157.8,A
173,616,Poland,2018,,A,,A,,
173,616,Poland,2019,,A,,A,,
173,616,Poland,2020,,A,,A,,
173,616,Poland,2021,,A,,A,,
173,616,Poland,2022,,A,,A,,
173,616,Poland,2023,,A,,A,,
173,616,Poland,2024,,A,,A,,
174,620,Portugal,1961,867000.0,A,,M,,
174,620,Portugal,1962,370000.0,A,,M,,
174,620,Portugal,1963,790000.0,A,,M,,
174,620,Portugal,1964,309000.0,A,,M,,
174,620,Portugal,1965,570000.0,A,,M,,
174,620,Portugal,1966,270607.0,A,,M,,
174,620,Portugal,1967,570000.0,A,,M,,
174,620,Portugal,1968,377000.0,A,,M,,
174,620,Portugal,1969,516000.0,A,,M,,
174,620,Portugal,1970,454002.0,A,,M,,
174,620,Portugal,1971,296266.0,A,,M,,
174,620,Portugal,1972,406029.0,A,,M,,
174,620,Portugal,1973,285660.0,A,,M,,
174,620,Portugal,1974,339412.0,A,,M,,
174,620,Portugal,1975,335161.0,A,,M,,
174,620,Portugal,1976,277891.0,A,,M,,
174,620,Portugal,1977,233132.0,A,,M,,
174,620,Portugal,1978,324050.0,A,,M,,
174,620,Portugal,1979,409780.0,A,,M,,
174,620,Portugal,1980,235923.0,A,,M,,
174,620,Portugal,1981,165881.0,A,,M,,
174,620,Portugal,1982,528554.0,A,,M,,
174,620,Portugal,1983,90692.0,A,,M,,
174,620,Portugal,1984,363342.0,A,,M,,
174,620,Portugal,1985,240095.0,A,350000.0,E,686.0,E
174,620,Portugal,1986,355878.0,A,339511.0,A,1048.2,A
174,620,Portugal,1987,290675.0,A,339835.0,A,855.3,A
174,620,Portugal,1988,129700.0,A,340261.0,A,381.2,A
174,620,Portugal,1989,330795.0,A,340515.0,A,971.5,A
174,620,Portugal,1990,197686.0,A,337189.0,A,586.3,A
174,620,Portugal,1991,443633.0,A,333757.0,A,1329.2,A
174,620,Portugal,1992,157125.0,A,338948.0,A,463.6,A
174,620,Portugal,1993,248485.0,A,340579.0,A,729.6,A
174,620,Portugal,1994,232210.0,A,340672.0,A,681.6,A
174,620,Portugal,1995,319752.0,A,333144.0,A,959.8,A
174,620,Portugal,1996,284118.0,A,336621.0,A,844.0,A
174,620,Portugal,1997,319365.0,A,338414.0,A,943.7,A
174,620,Portugal,1998,234194.0,A,347271.0,A,674.4,A
174,620,Portugal,1999,332563.0,A,369032.0,A,901.2,A
174,620,Portugal,2000,174418.0,A,367351.0,A,474.8,A
174,620,Portugal,2001,232250.0,A,361606.0,A,642.3,A
174,620,Portugal,2002,223298.0,A,354040.0,A,630.7,A
174,620,Portugal,2003,243865.0,A,350064.0,A,696.6,A
174,620,Portugal,2004,311330.0,A,347276.0,A,896.5,A
174,620,Portugal,2005,211070.0,A,348426.0,A,605.8,A
174,620,Portugal,2006,372012.0,A,347901.0,A,1069.3,A
174,620,Portugal,2007,211230.0,A,347369.0,A,608.1,A
174,620,Portugal,2008,343971.0,A,347140.0,A,990.9,A
174,620,Portugal,2009,422978.0,A,344199.0,A,1228.9,A
174,620,Portugal,2010,445301.0,A,343219.0,A,1297.4,A
174,620,Portugal,2011,519780.0,A,345683.0,A,1503.6,A
174,620,Portugal,2012,429922.0,A,347292.0,A,1237.9,A
174,620,Portugal,2013,651741.0,A,351770.0,A,1852.7,A
174,620,Portugal,2014,455374.0,A,352350.0,A,1292.4,A
174,620,Portugal,2015,722893.0,A,351340.0,A,2057.5,A
174,620,Portugal,2016,476003.0,A,356183.0,A,1336.4,A
174,620,Portugal,2017,876215.0,A,358276.0,A,2445.6,A
174,620,Portugal,2018,738550.0,A,361180.0,A,2044.8,A
174,620,Portugal,2019,939070.0,A,378390.0,A,2481.8,A
174,620,Portugal,2020,735350.0,A,380850.0,A,1930.8,A
174,620,Portugal,2021,1375750.0,A,380410.0,A,3616.5,A
174,620,Portugal,2022,791660.0,A,379570.0,A,2085.7,A
174,620,Portugal,2023,1194990.0,A,380880.0,A,3137.4,A
174,620,Portugal,2024,1340820.0,A,380780.0,A,3521.2,A
183,642,Romania,2018,,A,,A,,
183,642,Romania,2019,,A,,A,,
183,642,Romania,2020,,A,,A,,
183,642,Romania,2021,,A,,A,,
183,642,Romania,2022,,A,,A,,
183,642,Romania,2023,,A,,A,,
183,642,Romania,2024,,A,,A,,
194,682,Saudi Arabia,2017,290857.0,A,30000.0,E,9695.2,E
194,682,Saudi Arabia,2018,357819.0,A,30000.0,E,11927.3,E
194,682,Saudi Arabia,2019,357819.0,A,23494.0,A,15230.2,A
194,682,Saudi Arabia,2020,364546.1,A,30960.0,A,11774.7,A
194,682,Saudi Arabia,2021,382105.0,A,31864.0,A,11991.7,A
194,682,Saudi Arabia,2022,388200.0,A,32222.0,A,12047.7,A
194,682,Saudi Arabia,2023,339014.71,A,22310.0,A,15195.6,A
194,682,Saudi Arabia,2024,351277.72,I,24004.0,I,14634.4,E
186,891,Serbia and Montenegro,1992,1035.0,A,2700.0,E,383.3,E
186,891,Serbia and Montenegro,1993,947.0,A,783.0,I,1209.5,E
186,891,Serbia and Montenegro,1994,216.0,A,200.0,I,1080.0,E
186,891,Serbia and Montenegro,1995,7634.0,A,7342.0,I,1039.8,E
186,891,Serbia and Montenegro,1996,172.0,A,160.0,I,1075.0,E
186,891,Serbia and Montenegro,1997,280.0,A,272.0,I,1029.4,E
186,891,Serbia and Montenegro,1998,4004.0,A,3919.0,I,1021.7,E
186,891,Serbia and Montenegro,1999,2408.0,A,2422.0,I,994.2,E
186,891,Serbia and Montenegro,2000,1765.0,A,2500.0,E,706.0,E
186,891,Serbia and Montenegro,2001,1800.0,E,1846.0,I,975.1,E
186,891,Serbia and Montenegro,2002,600.0,A,1000.0,E,600.0,E
186,891,Serbia and Montenegro,2003,889.0,A,1500.0,E,592.7,E
186,891,Serbia and Montenegro,2004,2533.0,A,3800.0,E,666.6,E
186,891,Serbia and Montenegro,2005,1767.0,A,2600.0,E,679.6,E
199,703,Slovakia,2018,,A,,A,,
199,703,Slovakia,2019,,A,,A,,
199,703,Slovakia,2020,,A,,A,,
199,703,Slovakia,2021,,A,,A,,
199,703,Slovakia,2022,,A,,A,,
199,703,Slovakia,2023,,A,,A,,
199,703,Slovakia,2024,,A,,A,,
198,705,Slovenia,1992,165.0,A,92.0,A,1793.5,A
198,705,Slovenia,1993,243.0,A,107.0,A,2271.0,A
198,705,Slovenia,1994,429.0,A,254.0,A,1689.0,A
198,705,Slovenia,1995,913.0,A,445.0,A,2051.7,A
198,705,Slovenia,1996,785.0,A,496.0,A,1582.7,A
198,705,Slovenia,1997,962.73,I,540.0,A,1782.8,E
198,705,Slovenia,1998,964.0,A,540.0,A,1785.2,A
198,705,Slovenia,1999,1350.0,A,540.0,A,2500.0,A
198,705,Slovenia,2000,1150.0,A,586.0,A,1962.5,A
198,705,Slovenia,2001,806.0,A,586.0,A,1375.4,A
198,705,Slovenia,2002,2421.0,A,781.0,A,3099.9,A
198,705,Slovenia,2003,820.0,A,781.0,A,1049.9,A
198,705,Slovenia,2004,2031.0,A,781.0,A,2600.5,A
198,705,Slovenia,2005,2687.0,A,781.0,A,3440.5,A
198,705,Slovenia,2006,1765.0,A,781.0,A,2259.9,A
198,705,Slovenia,2007,1489.0,A,837.0,A,1779.0,A
198,705,Slovenia,2008,2284.0,A,837.0,A,2728.8,A
198,705,Slovenia,2009,1682.0,A,837.0,A,2009.6,A
198,705,Slovenia,2010,1895.0,A,892.0,A,2124.4,A
198,705,Slovenia,2011,1704.0,A,892.0,A,1910.3,A
198,705,Slovenia,2012,740.0,A,892.0,A,829.6,A
198,705,Slovenia,2013,1479.0,A,925.0,A,1598.9,A
198,705,Slovenia,2014,814.0,A,996.0,A,817.3,A
198,705,Slovenia,2015,1578.0,A,1076.0,A,1466.5,A
198,705,Slovenia,2016,1662.0,A,1173.0,A,1416.9,A
198,705,Slovenia,2017,1685.0,A,1243.0,A,1355.6,A
198,705,Slovenia,2018,3960.0,A,1300.0,A,3046.2,A
198,705,Slovenia,2019,1976.0,A,1370.0,A,1442.3,A
198,705,Slovenia,2020,3100.0,A,1420.0,A,2183.1,A
198,705,Slovenia,2021,920.0,A,1490.0,A,617.4,A
198,705,Slovenia,2022,2440.0,A,1570.0,A,1554.1,A
198,705,Slovenia,2023,1310.0,A,1620.0,A,808.6,A
198,705,Slovenia,2024,3830.0,A,1670.0,A,2293.4,A
203,724,Spain,1961,1863400.0,A,,M,,
203,724,Spain,1962,1641000.0,A,,M,,
203,724,Spain,1963,3124300.0,A,,M,,
203,724,Spain,1964,572700.0,A,,M,,
203,724,Spain,1965,1656100.0,A,,M,,
203,724,Spain,1966,2101500.0,A,,M,,
203,724,Spain,1967,1372000.0,A,,M,,
203,724,Spain,1968,2274300.0,A,,M,,
203,724,Spain,1969,1738300.0,A,,M,,
203,724,Spain,1970,2100000.0,A,,M,,
203,724,Spain,1971,1744000.0,A,,M,,
203,724,Spain,1972,2309500.0,A,,M,,
203,724,Spain,1973,2249400.0,A,,M,,
203,724,Spain,1974,1640200.0,A,,M,,
203,724,Spain,1975,2357700.0,A,,M,,
203,724,Spain,1976,2138800.0,A,,M,,
203,724,Spain,1977,1934200.0,A,,M,,
203,724,Spain,1978,2780700.0,A,,M,,
203,724,Spain,1979,2300100.0,A,,M,,
203,724,Spain,1980,2255000.0,A,1156500.0,A,1949.8,A
203,724,Spain,1981,1520800.0,A,2045000.0,A,743.7,A
203,724,Spain,1982,3337900.0,A,2045800.0,A,1631.6,A
203,724,Spain,1983,1328400.0,A,2050400.0,A,647.9,A
203,724,Spain,1984,3525400.0,A,2039100.0,A,1728.9,A
203,724,Spain,1985,1989500.0,A,2051000.0,A,970.0,A
203,724,Spain,1986,2556800.0,A,2063000.0,A,1239.4,A
203,724,Spain,1987,3879000.0,A,2057000.0,A,1885.8,A
203,724,Spain,1988,2223700.0,A,2035000.0,A,1092.7,A
203,724,Spain,1989,2945700.0,A,2054000.0,A,1434.1,A
203,724,Spain,1990,3369300.0,A,2064000.0,A,1632.4,A
203,724,Spain,1991,2983000.0,A,2074000.0,A,1438.3,A
203,724,Spain,1992,3177900.0,A,2051000.0,A,1549.4,A
203,724,Spain,1993,2809907.0,A,2092000.0,A,1343.2,A
203,724,Spain,1994,2799000.0,A,2094000.0,A,1336.7,A
203,724,Spain,1995,1694200.0,A,2119395.0,A,799.4,A
203,724,Spain,1996,4517200.0,A,2125630.0,A,2125.1,A
203,724,Spain,1997,5879640.0,A,2207556.0,A,2663.4,A
203,724,Spain,1998,4279180.0,A,2194000.0,A,1950.4,A
203,724,Spain,1999,3460100.0,A,2200000.0,A,1572.8,A
203,724,Spain,2000,4943800.0,A,2300000.0,E,2149.5,E
203,724,Spain,2001,6762600.0,A,2400000.0,E,2817.8,E
203,724,Spain,2002,4414911.0,A,2430582.0,A,1816.4,A
203,724,Spain,2003,7553566.0,A,2439582.0,A,3096.3,A
203,724,Spain,2004,5200029.0,A,2464774.0,A,2109.7,A
203,724,Spain,2005,4021720.0,A,2465258.0,A,1631.4,A
203,724,Spain,2006,5679021.0,A,2483697.0,A,2286.5,A
203,724,Spain,2007,6140251.0,A,2470162.0,A,2485.8,A
203,724,Spain,2008,5570727.0,A,2450471.0,A,2273.3,A
203,724,Spain,2009,6972094.0,A,2449828.0,A,2846.0,A
203,724,Spain,2010,7197600.0,A,2475466.0,A,2907.6,A
203,724,Spain,2011,7820060.0,A,2503675.0,A,3123.4,A
203,724,Spain,2012,3849300.0,A,2504261.0,A,1537.1,A
203,724,Spain,2013,9276100.0,A,2507000.0,A,3700.1,A
203,724,Spain,2014,4560400.0,A,2515800.0,A,1812.7,A
203,724,Spain,2015,5947700.0,A,2351370.0,A,2529.5,A
203,724,Spain,2016,7082550.0,A,2521694.0,A,2808.6,A
203,724,Spain,2017,6549499.0,A,2554829.0,A,2563.6,A
203,724,Spain,2018,9819570.0,A,2579000.0,A,3807.5,A
203,724,Spain,2019,5965080.0,A,2601900.0,A,2292.6,A
203,724,Spain,2020,8137810.0,A,2623720.0,A,3101.6,A
203,724,Spain,2021,8256550.0,A,2623290.0,A,3147.4,A
203,724,Spain,2022,3940070.0,A,2635280.0,A,1495.1,A
203,724,Spain,2023,5101010.0,A,2651110.0,A,1924.1,A
203,724,Spain,2024,8310250.0,A,2645680.0,A,3141.1,A
210,752,Sweden,2018,,A,,A,,
210,752,Sweden,2019,,A,,A,,
210,752,Sweden,2020,,A,,A,,
210,752,Sweden,2021,,A,,A,,
210,752,Sweden,2022,,A,,A,,
210,752,Sweden,2023,,A,,A,,
210,752,Sweden,2024,,A,,A,,
212,760,Syrian Arab Republic,1961,83000.0,A,80000.0,E,1037.5,E
212,760,Syrian Arab Republic,1962,87285.0,A,80000.0,E,1091.1,E
212,760,Syrian Arab Republic,1963,68000.0,A,80000.0,E,850.0,E
212,760,Syrian Arab Republic,1964,122592.0,A,110000.0,E,1114.5,E
212,760,Syrian Arab Republic,1965,65630.0,A,110000.0,E,596.6,E
212,760,Syrian Arab Republic,1966,116272.0,A,117724.0,A,987.7,A
212,760,Syrian Arab Republic,1967,113083.0,A,141718.0,A,797.9,A
212,760,Syrian Arab Republic,1968,111808.0,A,142214.0,A,786.2,A
212,760,Syrian Arab Republic,1969,128896.0,A,143285.0,A,899.6,A
212,760,Syrian Arab Republic,1970,85402.0,A,124452.0,A,686.2,A
212,760,Syrian Arab Republic,1971,117120.0,A,125014.0,A,936.9,A
212,760,Syrian Arab Republic,1972,161326.0,A,149436.0,A,1079.6,A
212,760,Syrian Arab Republic,1973,73183.0,A,175275.0,A,417.5,A
212,760,Syrian Arab Republic,1974,215010.0,A,179834.0,A,1195.6,A
212,760,Syrian Arab Republic,1975,156865.0,A,183126.0,A,856.6,A
212,760,Syrian Arab Republic,1976,233403.0,A,219422.0,A,1063.7,A
212,760,Syrian Arab Republic,1977,175537.0,A,228263.0,A,769.0,A
212,760,Syrian Arab Republic,1978,304677.0,A,234427.0,A,1299.7,A
212,760,Syrian Arab Republic,1979,195950.0,A,241254.0,A,812.2,A
212,760,Syrian Arab Republic,1980,392015.0,A,249328.0,A,1572.3,A
212,760,Syrian Arab Republic,1981,207892.0,A,257825.0,A,806.3,A
212,760,Syrian Arab Republic,1982,471000.0,A,266104.0,A,1770.0,A
212,760,Syrian Arab Republic,1983,152000.0,A,270600.0,A,561.7,A
212,760,Syrian Arab Republic,1984,310000.0,A,280700.0,A,1104.4,A
212,760,Syrian Arab Republic,1985,184999.0,A,295693.0,A,625.6,A
212,760,Syrian Arab Republic,1986,414534.0,A,307900.0,A,1346.3,A
212,760,Syrian Arab Republic,1987,220831.0,A,323233.0,A,683.2,A
212,760,Syrian Arab Republic,1988,487179.0,A,342221.0,A,1423.6,A
212,760,Syrian Arab Republic,1989,119796.0,A,359000.0,A,333.7,A
212,760,Syrian Arab Republic,1990,460500.0,A,391200.0,A,1177.1,A
212,760,Syrian Arab Republic,1991,226000.0,A,406000.0,A,556.7,A
212,760,Syrian Arab Republic,1992,519315.0,A,415000.0,A,1251.4,A
212,760,Syrian Arab Republic,1993,325164.0,A,388800.0,A,836.3,A
212,760,Syrian Arab Republic,1994,517892.0,A,402362.0,A,1287.1,A
212,760,Syrian Arab Republic,1995,423358.0,A,421600.0,A,1004.2,A
212,760,Syrian Arab Republic,1996,647645.0,A,438064.0,A,1478.4,A
212,760,Syrian Arab Republic,1997,402956.0,A,445180.0,A,905.2,A
212,760,Syrian Arab Republic,1998,785000.0,A,459700.0,A,1707.6,A
212,760,Syrian Arab Republic,1999,400509.0,A,469857.0,A,852.4,A
212,760,Syrian Arab Republic,2000,866052.0,A,477993.0,A,1811.9,A
212,760,Syrian Arab Republic,2001,496952.0,A,488957.0,A,1016.4,A
212,760,Syrian Arab Republic,2002,940941.0,A,501500.0,A,1876.3,A
212,760,Syrian Arab Republic,2003,552277.0,A,517000.0,A,1068.2,A
212,760,Syrian Arab Republic,2004,1027200.0,A,531400.0,A,1933.0,A
212,760,Syrian Arab Republic,2005,612223.0,A,544700.0,A,1124.0,A
212,760,Syrian Arab Republic,2006,1190780.0,A,565000.0,A,2107.6,A
212,760,Syrian Arab Republic,2007,495310.0,A,600498.0,A,824.8,A
212,760,Syrian Arab Republic,2008,827033.0,A,617060.0,A,1340.3,A
212,760,Syrian Arab Republic,2009,885942.0,A,635691.0,A,1393.7,A
212,760,Syrian Arab Republic,2010,960403.0,A,647458.0,A,1483.3,A
212,760,Syrian Arab Republic,2011,1095043.0,A,684490.0,A,1599.8,A
212,760,Syrian Arab Republic,2012,1049761.0,A,695711.0,A,1508.9,A
212,760,Syrian Arab Republic,2013,842098.0,A,697442.0,A,1207.4,A
212,760,Syrian Arab Republic,2014,392214.36,A,697028.0,A,562.7,A
212,760,Syrian Arab Republic,2015,913299.0,A,694931.0,A,1314.2,A
212,760,Syrian Arab Republic,2016,668441.0,A,691769.0,A,966.3,A
212,760,Syrian Arab Republic,2017,849919.0,A,692417.0,A,1227.5,A
212,760,Syrian Arab Republic,2018,664643.0,A,693064.0,A,959.0,A
212,760,Syrian Arab Republic,2019,844316.05,A,693227.0,A,1218.0,A
212,760,Syrian Arab Republic,2020,781204.0,A,696363.0,A,1121.8,A
212,760,Syrian Arab Republic,2021,566042.94,A,693106.0,A,816.7,A
212,760,Syrian Arab Republic,2022,990948.0,A,676338.0,A,1465.2,A
212,760,Syrian Arab Republic,2023,697325.0,A,674767.0,A,1033.4,A
212,760,Syrian Arab Republic,2024,785468.0,A,681220.0,A,1153.0,A
222,788,Tunisia,1961,189000.0,A,540000.0,E,350.0,E
222,788,Tunisia,1962,225000.0,A,650000.0,E,346.2,E
222,788,Tunisia,1963,448000.0,A,1300000.0,E,344.6,E
222,788,Tunisia,1964,450000.0,X,1300000.0,E,346.2,E
222,788,Tunisia,1965,277400.0,A,650000.0,E,426.8,E
222,788,Tunisia,1966,97400.0,A,270000.0,E,360.7,E
222,788,Tunisia,1967,275100.0,A,680000.0,E,404.6,E
222,788,Tunisia,1968,279900.0,A,700000.0,E,399.9,E
222,788,Tunisia,1969,129950.0,A,320000.0,E,406.1,E
222,788,Tunisia,1970,454600.0,A,1059200.0,A,429.2,A
222,788,Tunisia,1971,842000.0,A,1119500.0,A,752.1,A
222,788,Tunisia,1972,358000.0,A,1247400.0,A,287.0,A
222,788,Tunisia,1973,657200.0,A,1282150.0,A,512.6,A
222,788,Tunisia,1974,594200.0,A,1285760.0,A,462.1,A
222,788,Tunisia,1975,875200.0,A,1294130.0,A,676.3,A
222,788,Tunisia,1976,435200.0,A,1318600.0,A,330.0,A
222,788,Tunisia,1977,633000.0,A,1324300.0,A,478.0,A
222,788,Tunisia,1978,410000.0,A,1327640.0,A,308.8,A
222,788,Tunisia,1979,437000.0,A,1330500.0,A,328.4,A
222,788,Tunisia,1980,725000.0,A,1323800.0,A,547.7,A
222,788,Tunisia,1981,400000.0,A,1350000.0,A,296.3,A
222,788,Tunisia,1982,275000.0,A,1286100.0,A,213.8,A
222,788,Tunisia,1983,750000.0,A,1300000.0,E,576.9,E
222,788,Tunisia,1984,475000.0,A,1310000.0,A,362.6,A
222,788,Tunisia,1985,525000.0,A,1315000.0,A,399.2,A
222,788,Tunisia,1986,570000.0,A,1325000.0,A,430.2,A
222,788,Tunisia,1987,500000.0,A,1325000.0,A,377.4,A
222,788,Tunisia,1988,270000.0,A,1355300.0,A,199.2,A
222,788,Tunisia,1989,650000.0,A,1350400.0,A,481.3,A
222,788,Tunisia,1990,825000.0,A,1392000.0,A,592.7,A
222,788,Tunisia,1991,1325000.0,A,1395000.0,A,949.8,A
222,788,Tunisia,1992,675000.0,A,1400000.0,A,482.1,A
222,788,Tunisia,1993,1050000.0,A,1454850.0,A,721.7,A
222,788,Tunisia,1994,350000.0,A,1363000.0,X,256.8,E
222,788,Tunisia,1995,300000.0,A,1460000.0,A,205.5,A
222,788,Tunisia,1996,1550000.0,A,1624000.0,A,954.4,A
222,788,Tunisia,1997,500000.0,A,1200000.0,X,416.7,E
222,788,Tunisia,1998,950000.0,A,1332000.0,A,713.2,A
222,788,Tunisia,1999,1125000.0,A,1500000.0,A,750.0,A
222,788,Tunisia,2000,550000.0,A,1387240.0,A,396.5,A
222,788,Tunisia,2001,150000.0,A,1377700.0,A,108.9,A
222,788,Tunisia,2002,350000.0,A,1377700.0,X,254.0,E
222,788,Tunisia,2003,1400000.0,A,1652400.0,X,847.3,E
222,788,Tunisia,2004,650000.0,A,1664300.0,X,390.6,E
222,788,Tunisia,2005,1050000.0,A,1672900.0,A,627.7,A
222,788,Tunisia,2006,1218000.0,A,1683600.0,A,723.4,A
222,788,Tunisia,2007,998000.0,A,1706700.0,A,584.8,A
222,788,Tunisia,2008,1183000.0,A,1719800.0,A,687.9,A
222,788,Tunisia,2009,800000.0,A,1738450.0,A,460.2,A
222,788,Tunisia,2010,873000.0,A,1763450.0,A,495.1,A
222,788,Tunisia,2011,562000.0,A,1763450.0,A,318.7,A
222,788,Tunisia,2012,963000.0,A,1810550.0,A,531.9,A
222,788,Tunisia,2013,1100000.0,A,1822820.0,A,603.5,A
222,788,Tunisia,2014,376000.0,A,1588620.0,A,236.7,A
222,788,Tunisia,2015,1700000.0,A,1624980.0,A,1046.2,A
222,788,Tunisia,2016,700000.0,A,1646060.0,A,425.3,A
222,788,Tunisia,2017,500000.0,A,944451.0,I,529.4,E
222,788,Tunisia,2018,1617000.0,A,2424490.0,E,666.9,E
222,788,Tunisia,2019,700000.0,A,1241931.0,I,563.6,E
222,788,Tunisia,2020,2000000.0,A,3605286.0,E,554.7,E
222,788,Tunisia,2021,700000.0,A,1252393.0,I,558.9,E
222,788,Tunisia,2022,1200000.0,A,2126748.0,I,564.2,E
222,788,Tunisia,2023,1093461.52,I,1934669.0,I,565.2,E
222,788,Tunisia,2024,1056228.17,I,1865651.0,I,566.1,E
223,792,Türkiye,1961,689324.0,A,391800.0,A,1759.4,A
223,792,Türkiye,1962,290190.0,A,399393.0,A,726.6,A
223,792,Türkiye,1963,618857.0,A,404760.0,A,1528.9,A
223,792,Türkiye,1964,694486.0,A,424347.0,A,1636.6,A
223,792,Türkiye,1965,394146.0,A,428347.0,A,920.2,A
223,792,Türkiye,1966,840600.0,A,444000.0,A,1893.2,A
223,792,Türkiye,1967,495000.0,A,449667.0,A,1100.8,A
223,792,Türkiye,1968,822000.0,A,444707.0,A,1848.4,A
223,792,Türkiye,1969,307800.0,A,447447.0,A,687.9,A
223,792,Türkiye,1970,681000.0,A,453673.0,A,1501.1,A
223,792,Türkiye,1971,326000.0,A,457900.0,A,711.9,A
223,792,Türkiye,1972,1019000.0,A,460000.0,A,2215.2,A
223,792,Türkiye,1973,332500.0,A,468200.0,A,710.2,A
223,792,Türkiye,1974,840000.0,A,474367.0,A,1770.8,A
223,792,Türkiye,1975,561000.0,A,484800.0,A,1157.2,A
223,792,Türkiye,1976,1097000.0,A,489780.0,A,2239.8,A
223,792,Türkiye,1977,400000.0,A,493333.0,A,810.8,A
223,792,Türkiye,1978,1100000.0,A,490000.0,A,2244.9,A
223,792,Türkiye,1979,430000.0,A,490000.0,A,877.6,A
223,792,Türkiye,1980,1350000.0,A,491667.0,A,2745.8,A
223,792,Türkiye,1981,400000.0,A,506667.0,A,789.5,A
223,792,Türkiye,1982,1320000.0,A,497333.0,A,2654.2,A
223,792,Türkiye,1983,400000.0,A,499900.0,A,800.2,A
223,792,Türkiye,1984,800000.0,A,500000.0,A,1600.0,A
223,792,Türkiye,1985,600000.0,A,505667.0,A,1186.6,A
223,792,Türkiye,1986,1010000.0,A,513333.0,A,1967.5,A
223,792,Türkiye,1987,600000.0,A,526667.0,A,1139.2,A
223,792,Türkiye,1988,1100000.0,A,528793.0,A,2080.2,A
223,792,Türkiye,1989,500000.0,A,529733.0,A,943.9,A
223,792,Türkiye,1990,1100000.0,A,537333.0,A,2047.1,A
223,792,Türkiye,1991,640000.0,A,543467.0,A,1177.6,A
223,792,Türkiye,1992,750000.0,A,541733.0,A,1384.4,A
223,792,Türkiye,1993,550000.0,A,565039.0,A,973.4,A
223,792,Türkiye,1994,1400000.0,A,572410.0,A,2445.8,A
223,792,Türkiye,1995,515000.0,A,556209.0,A,925.9,A
223,792,Türkiye,1996,1800000.0,A,568405.0,A,3166.8,A
223,792,Türkiye,1997,510000.0,A,657647.0,A,775.5,A
223,792,Türkiye,1998,1650000.0,A,600000.0,A,2750.0,A
223,792,Türkiye,1999,600000.0,A,595000.0,A,1008.4,A
223,792,Türkiye,2000,1800000.0,A,600000.0,A,3000.0,A
223,792,Türkiye,2001,600000.0,A,600000.0,A,1000.0,A
223,792,Türkiye,2002,1800000.0,A,620000.0,A,2903.2,A
223,792,Türkiye,2003,850000.0,A,625000.0,A,1360.0,A
223,792,Türkiye,2004,1600000.0,A,644000.0,A,2484.5,A
223,792,Türkiye,2005,1200000.0,A,662000.0,A,1812.7,A
223,792,Türkiye,2006,1766749.0,A,711843.0,A,2481.9,A
223,792,Türkiye,2007,1075854.0,A,753001.0,A,1428.8,A
223,792,Türkiye,2008,1464248.0,A,774371.0,A,1890.9,A
223,792,Türkiye,2009,1290654.0,A,778412.0,A,1658.1,A
223,792,Türkiye,2010,1415000.0,A,784031.0,A,1804.8,A
223,792,Türkiye,2011,1750000.0,A,798493.0,A,2191.6,A
223,792,Türkiye,2012,1820000.0,A,813765.0,A,2236.5,A
223,792,Türkiye,2013,1676000.0,A,825826.0,A,2029.5,A
223,792,Türkiye,2014,1768000.0,A,826092.0,A,2140.2,A
223,792,Türkiye,2015,1700000.0,A,836935.0,A,2031.2,A
223,792,Türkiye,2016,1730000.0,A,845542.0,A,2046.0,A
223,792,Türkiye,2017,2100000.0,A,846062.0,A,2482.1,A
223,792,Türkiye,2018,1500467.0,A,864428.0,A,1735.8,A
223,792,Türkiye,2019,1525000.0,A,879177.0,A,1734.6,A
223,792,Türkiye,2020,1316626.0,A,887077.0,A,1484.2,A
223,792,Türkiye,2021,1738680.0,A,889168.0,A,1955.4,A
223,792,Türkiye,2022,2976000.0,A,901126.0,A,3302.5,A
223,792,Türkiye,2023,1520000.0,A,903061.0,A,1683.2,A
223,792,Türkiye,2024,3750000.0,A,913319.0,A,4105.9,A
231,840,United States of America,1961,39915.0,A,11410.0,A,3498.2,A
231,840,United States of America,1962,47173.0,A,11450.0,A,4119.9,A
231,840,United States of America,1963,51709.0,A,11490.0,A,4500.3,A
231,840,United States of America,1964,48988.0,A,11570.0,A,4234.1,A
231,840,United States of America,1965,45359.0,A,11210.0,A,4046.3,A
231,840,United States of America,1966,57152.0,A,10764.0,A,5309.6,A
231,840,United States of America,1967,12700.0,A,10926.0,A,1162.4,A
231,840,United States of America,1968,78017.0,A,10926.0,A,7140.5,A
231,840,United States of America,1969,63500.0,A,11048.0,A,5747.6,A
231,840,United States of America,1970,47173.0,A,11170.0,A,4223.2,A
231,840,United States of America,1971,49895.0,A,11210.0,A,4450.9,A
231,840,United States of America,1972,21954.0,A,11450.0,A,1917.4,A
231,840,United States of America,1973,63503.0,A,11570.0,A,5488.6,A
231,840,United States of America,1974,53070.0,A,11530.0,A,4602.8,A
231,840,United States of America,1975,60781.0,A,11780.0,A,5159.7,A
231,840,United States of America,1976,72574.0,A,12460.0,A,5824.6,A
231,840,United States of America,1977,39009.0,A,13390.0,A,2913.3,A
231,840,United States of America,1978,114305.0,A,15050.0,A,7595.0,A
231,840,United States of America,1979,56250.0,A,14930.0,A,3767.6,A
231,840,United States of America,1980,98880.0,A,14690.0,A,6731.1,A
231,840,United States of America,1981,40730.0,A,13880.0,A,2934.4,A
231,840,United States of America,1982,132900.0,A,14160.0,A,9385.6,A
231,840,United States of America,1983,55340.0,A,14200.0,A,3897.2,A
231,840,United States of America,1984,82200.0,A,13680.0,A,6008.8,A
231,840,United States of America,1985,87090.0,A,13310.0,A,6543.2,A
231,840,United States of America,1986,101151.0,A,13070.0,A,7739.2,A
231,840,United States of America,1987,61235.0,A,12780.0,A,4791.5,A
231,840,United States of America,1988,79380.0,A,12750.0,A,6225.9,A
231,840,United States of America,1989,111583.0,A,12060.0,A,9252.3,A
231,840,United States of America,1990,119300.0,A,12300.0,A,9699.2,A
231,840,United States of America,1991,58970.0,A,12020.0,A,4906.0,A
231,840,United States of America,1992,149700.0,A,12180.0,A,12290.6,A
231,840,United States of America,1993,110680.0,A,12180.0,A,9087.0,A
231,840,United States of America,1994,76200.0,A,12950.0,A,5884.2,A
231,840,United States of America,1995,70310.0,A,13640.0,A,5154.7,A
231,840,United States of America,1996,150600.0,A,13640.0,A,11041.1,A
231,840,United States of America,1997,94035.0,A,14285.0,A,6582.8,A
231,840,United States of America,1998,81650.0,A,14285.0,A,5715.8,A
231,840,United States of America,1999,113400.0,A,14285.0,A,7938.4,A
231,840,United States of America,2000,72570.0,A,14570.0,A,4980.8,A
231,840,United States of America,2001,121560.0,A,14570.0,A,8343.2,A
231,840,United States of America,2002,93440.0,A,14569.0,A,6413.6,A
231,840,United States of America,2003,107050.0,A,14570.0,A,7347.3,A
231,840,United States of America,2004,97522.0,A,12960.0,A,7524.8,A
231,840,United States of America,2005,128820.0,A,12950.0,A,9947.5,A
231,840,United States of America,2006,45360.0,A,12545.0,A,3615.8,A
231,840,United States of America,2007,120200.0,A,12141.0,A,9900.3,A
231,840,United States of America,2008,60600.0,A,12141.0,A,4991.4,A
231,840,United States of America,2009,42003.0,A,12545.0,A,3348.2,A
231,840,United States of America,2010,186880.0,A,14569.0,A,12827.2,A
231,840,United States of America,2011,64592.0,A,16794.0,A,3846.1,A
231,840,United States of America,2012,145150.0,A,17806.0,A,8151.7,A
231,840,United States of America,2013,150593.0,A,16187.0,A,9303.3,A
231,840,United States of America,2014,86183.0,A,14973.0,A,5755.9,A
231,840,United States of America,2015,162390.0,A,14570.0,A,11145.5,A
231,840,United States of America,2016,149590.0,A,14970.0,A,9992.7,A
231,840,United States of America,2017,174450.0,A,16190.0,A,10775.2,A
231,840,United States of America,2018,48630.0,A,15180.0,A,3203.6,A
231,840,United States of America,2019,151950.0,A,15180.0,A,10009.9,A
231,840,United States of America,2020,61420.0,A,14569.0,A,4215.8,A
231,840,United States of America,2021,104330.0,A,16592.0,A,6288.0,A
231,840,United States of America,2022,78110.0,A,16997.0,A,4595.5,A
231,840,United States of America,2023,110220.0,A,16188.0,A,6808.7,A
231,840,United States of America,2024,147420.0,A,17402.0,A,8471.4,A
234,858,Uruguay,1961,1692.0,A,,M,,
234,858,Uruguay,1962,1000.0,X,,M,,
234,858,Uruguay,1963,1000.0,X,,M,,
234,858,Uruguay,1964,1000.0,X,,M,,
234,858,Uruguay,1965,1000.0,E,,M,,
234,858,Uruguay,1966,1265.0,A,,M,,
234,858,Uruguay,1967,1500.0,E,,M,,
234,858,Uruguay,1968,1650.0,E,,M,,
234,858,Uruguay,1969,1800.0,E,,M,,
234,858,Uruguay,1970,2000.0,A,,M,,
234,858,Uruguay,1971,2100.0,E,,M,,
234,858,Uruguay,1972,2150.0,E,,M,,
234,858,Uruguay,1973,2200.0,E,,M,,
234,858,Uruguay,1974,2250.0,E,,M,,
234,858,Uruguay,1975,2300.0,E,,M,,
234,858,Uruguay,1976,2500.0,E,,M,,
234,858,Uruguay,1977,2500.0,E,,M,,
234,858,Uruguay,1978,2600.0,E,,M,,
234,858,Uruguay,1979,2700.0,E,,M,,
234,858,Uruguay,1980,2800.0,E,,M,,
234,858,Uruguay,1981,2900.0,E,,M,,
234,858,Uruguay,1982,3000.0,E,,M,,
234,858,Uruguay,1983,3000.0,E,,M,,
234,858,Uruguay,1984,3000.0,E,,M,,
234,858,Uruguay,1985,3000.0,E,1300.0,E,2307.7,E
234,858,Uruguay,1986,3000.0,E,1300.0,E,2307.7,E
234,858,Uruguay,1987,3000.0,E,1300.0,E,2307.7,E
234,858,Uruguay,1988,3000.0,E,1300.0,E,2307.7,E
234,858,Uruguay,1989,3000.0,E,1300.0,E,2307.7,E
234,858,Uruguay,1990,2200.0,E,900.0,E,2444.4,E
234,858,Uruguay,1991,2600.0,E,700.0,E,3714.3,E
234,858,Uruguay,1992,2700.0,E,800.0,E,3375.0,E
234,858,Uruguay,1993,2400.0,E,750.0,E,3200.0,E
234,858,Uruguay,1994,2600.0,E,760.0,E,3421.1,E
234,858,Uruguay,1995,3000.0,E,800.0,E,3750.0,E
234,858,Uruguay,1996,2800.0,E,800.0,E,3500.0,E
234,858,Uruguay,1997,3200.0,E,950.0,E,3368.4,E
234,858,Uruguay,1998,4000.0,E,1100.0,E,3636.4,E
234,858,Uruguay,1999,3150.0,E,1350.0,E,2333.3,E
234,858,Uruguay,2000,3200.0,E,1600.0,E,2000.0,E
234,858,Uruguay,2001,3200.0,E,1400.0,E,2285.7,E
234,858,Uruguay,2002,3250.0,E,1450.0,E,2241.4,E
234,858,Uruguay,2003,3300.0,E,1500.0,E,2200.0,E
234,858,Uruguay,2004,3250.0,E,1450.0,E,2241.4,E
234,858,Uruguay,2005,3800.0,E,1500.0,E,2533.3,E
234,858,Uruguay,2006,4200.0,E,1550.0,E,2709.7,E
234,858,Uruguay,2007,3400.0,E,1500.0,E,2266.7,E
234,858,Uruguay,2008,3800.0,E,1800.0,E,2111.1,E
234,858,Uruguay,2009,4300.0,E,2000.0,E,2150.0,E
234,858,Uruguay,2010,4862.81,I,2241.0,I,2169.8,E
234,858,Uruguay,2011,5410.73,I,2524.0,I,2143.5,E
234,858,Uruguay,2012,6300.0,E,3000.0,E,2100.0,E
234,858,Uruguay,2013,6200.0,E,2900.0,E,2137.9,E
234,858,Uruguay,2014,4400.0,E,2800.0,E,1571.4,E
234,858,Uruguay,2015,14000.0,E,4120.0,A,3398.1,E
234,858,Uruguay,2016,5100.0,E,5300.0,A,962.3,E
234,858,Uruguay,2017,6900.0,E,5400.0,A,1277.8,E
234,858,Uruguay,2018,2500.0,E,7000.0,A,357.1,E
234,858,Uruguay,2019,20000.0,A,7300.0,A,2739.7,A
234,858,Uruguay,2020,1931.0,A,2541.0,A,759.9,A
234,858,Uruguay,2021,16714.0,A,5024.0,A,3326.8,A
234,858,Uruguay,2022,14000.0,A,5150.0,A,2718.4,A
234,858,Uruguay,2023,14000.0,A,5070.0,A,2761.3,A
234,858,Uruguay,2024,11684.65,I,5347.0,I,2185.2,E
235,860,Uzbekistan,1992,90.0,E,100.0,E,900.0,E
235,860,Uzbekistan,1993,80.0,E,89.0,I,899.3,E
235,860,Uzbekistan,1994,70.0,E,78.0,I,899.2,E
235,860,Uzbekistan,1995,82.11,I,91.0,I,899.1,E
235,860,Uzbekistan,1996,80.0,E,89.0,I,899.2,E
235,860,Uzbekistan,1997,90.0,E,100.0,I,899.5,E
235,860,Uzbekistan,1998,100.0,E,111.0,I,900.1,E
235,860,Uzbekistan,1999,135.13,I,150.0,E,900.9,E
235,860,Uzbekistan,2000,108.23,I,120.0,E,901.9,E
235,860,Uzbekistan,2001,80.0,E,100.0,E,800.0,E
235,860,Uzbekistan,2002,97.25,I,106.0,I,915.6,E
235,860,Uzbekistan,2003,100.0,E,107.0,I,930.8,E
235,860,Uzbekistan,2004,104.03,I,110.0,I,946.3,E
235,860,Uzbekistan,2005,106.51,I,111.0,I,961.9,E
235,860,Uzbekistan,2006,107.78,I,110.0,I,977.5,E
235,860,Uzbekistan,2007,109.02,I,108.0,I,1011.6,E
235,860,Uzbekistan,2008,110.41,I,108.0,I,1021.6,E
235,860,Uzbekistan,2009,111.15,I,108.0,I,1030.1,E
235,860,Uzbekistan,2010,120.0,A,100.0,E,1200.0,E
235,860,Uzbekistan,2011,111.36,I,108.0,I,1027.2,E
235,860,Uzbekistan,2012,110.0,E,100.0,E,1100.0,E
235,860,Uzbekistan,2013,100.0,E,100.0,E,1000.0,E
235,860,Uzbekistan,2014,120.0,E,150.0,E,800.0,E
235,860,Uzbekistan,2015,122.84,I,140.0,I,874.7,E
235,860,Uzbekistan,2016,114.28,E,127.0,I,897.9,E
235,860,Uzbekistan,2017,113.34,I,139.0,E,814.0,E
235,860,Uzbekistan,2018,115.68,I,134.0,I,863.1,E
235,860,Uzbekistan,2019,119.22,I,139.0,I,860.6,E
235,860,Uzbekistan,2020,121.66,I,142.0,I,855.7,E
235,860,Uzbekistan,2021,122.09,I,138.0,E,883.2,E
235,860,Uzbekistan,2022,121.72,I,140.0,E,871.6,E
235,860,Uzbekistan,2023,122.54,I,140.0,E,875.2,E
235,860,Uzbekistan,2024,122.12,E,139.0,E,876.6,E
248,890,Yugoslav SFR,1961,28300.0,A,,M,,
248,890,Yugoslav SFR,1962,17700.0,A,,M,,
248,890,Yugoslav SFR,1963,63100.0,A,,M,,
248,890,Yugoslav SFR,1964,17300.0,A,,M,,
248,890,Yugoslav SFR,1965,20400.0,A,,M,,
248,890,Yugoslav SFR,1966,30000.0,A,,M,,
248,890,Yugoslav SFR,1967,39900.0,A,,M,,
248,890,Yugoslav SFR,1968,11400.0,A,,M,,
248,890,Yugoslav SFR,1969,7118.0,A,,M,,
248,890,Yugoslav SFR,1970,7762.0,A,,M,,
248,890,Yugoslav SFR,1971,15625.0,A,,M,,
248,890,Yugoslav SFR,1972,11771.0,A,,M,,
248,890,Yugoslav SFR,1973,14511.0,A,,M,,
248,890,Yugoslav SFR,1974,11440.0,A,,M,,
248,890,Yugoslav SFR,1975,25817.0,A,,M,,
248,890,Yugoslav SFR,1976,11943.0,A,,M,,
248,890,Yugoslav SFR,1977,12713.0,A,,M,,
248,890,Yugoslav SFR,1978,12453.0,A,,M,,
248,890,Yugoslav SFR,1979,13400.0,A,,M,,
248,890,Yugoslav SFR,1980,8163.0,A,,M,,
248,890,Yugoslav SFR,1981,33500.0,A,,M,,
248,890,Yugoslav SFR,1982,4300.0,A,,M,,
248,890,Yugoslav SFR,1983,12139.0,A,,M,,
248,890,Yugoslav SFR,1984,17274.0,A,,M,,
248,890,Yugoslav SFR,1985,8827.0,A,25000.0,E,353.1,E
248,890,Yugoslav SFR,1986,7863.0,A,25000.0,E,314.5,E
248,890,Yugoslav SFR,1987,30132.0,A,25000.0,E,1205.3,E
248,890,Yugoslav SFR,1988,16953.0,A,25000.0,E,678.1,E
248,890,Yugoslav SFR,1989,15261.0,A,25000.0,E,610.4,E
248,890,Yugoslav SFR,1990,4377.0,A,26256.0,E,166.7,E
248,890,Yugoslav SFR,1991,35655.0,A,23686.0,I,1505.3,E
