country,crop_year,crop_year_start,entity_type,year_status,production_tonnes,consumption_tonnes,exports_tonnes,imports_tonnes
Belgium-Luxembourg,1990/91,1990,aggregate,reported,,2100.0,100.0,100.0
Belgium-Luxembourg,1991/92,1991,aggregate,reported,,2600.0,200.0,200.0
Belgium-Luxembourg,1992/93,1992,aggregate,reported,,3900.0,0.0,200.0
Belgium-Luxembourg,1993/94,1993,aggregate,reported,,4900.0,1100.0,100.0
Belgium-Luxembourg,1994/95,1994,aggregate,reported,,4900.0,1700.0,300.0
Belgium-Luxembourg,1995/96,1995,aggregate,reported,,6500.0,600.0,0.0
Belgium-Luxembourg,1996/97,1996,aggregate,reported,,7000.0,0.0,0.0
Belgium-Luxembourg,1997/98,1997,aggregate,reported,,8700.0,100.0,100.0
Belgium-Luxembourg,1998/99,1998,aggregate,reported,,9400.0,0.0,100.0
Belgium-Luxembourg,1999/00,1999,aggregate,reported,,10900.0,0.0,0.0
EU,1990/91,1990,aggregate,reported,994000.0,1000.0,146000.0,125500.0
EU,1991/92,1991,aggregate,reported,1719000.0,214500.0,174000.0,135500.0
EU,1992/93,1992,aggregate,reported,1391500.0,1000.0,161500.0,101000.0
EU,1993/94,1993,aggregate,reported,1359500.0,357000.0,182500.0,153000.0
EU,1994/95,1994,aggregate,reported,1371000.0,1000.0,182500.0,179000.0
EU,1995/96,1995,aggregate,reported,1403500.0,383500.0,165000.0,73500.0
EU,1996/97,1996,aggregate,reported,1754500.0,1000.0,220000.0,145500.0
EU,1997/98,1997,aggregate,reported,2116500.0,453500.0,227000.0,118000.0
EU,2008/09,2008,aggregate,reported,1939000.0,1000.0,376000.0,96000.0
EU,2009/10,2009,aggregate,reported,2224500.0,728000.0,444000.0,78000.0
EU,2010/11,2010,aggregate,reported,2209000.0,1000.0,481000.0,82000.0
EU,2011/12,2011,aggregate,reported,2395000.0,835000.0,555500.0,96500.0
EU,2012/13,2012,aggregate,reported,1461500.0,1000.0,491000.0,153000.0
EU,2013/14,2013,aggregate,reported,2482500.0,894500.0,600500.0,53000.0
EU,2014/15,2014,aggregate,reported,1434500.0,1000.0,508000.0,224500.0
EU,2015/16,2015,aggregate,reported,2324000.0,918500.0,573500.0,97500.0
EU,2016/17,2016,aggregate,reported,1752000.0,1000.0,558000.0,90500.0
EU,2017/18,2017,aggregate,reported,2188500.0,997500.0,563500.0,180000.0
EU,2018/19,2018,aggregate,reported,2263500.0,2000.0,648000.0,145000.0
EU,2019/20,2019,aggregate,reported,1920000.0,79000.0,746500.0,250500.0
EU,2020/21,2020,aggregate,reported,2051000.0,1000.0,804000.0,167500.0
EU,2021/22,2021,aggregate,reported,2273000.0,918000.0,820500.0,151500.0
EU,2022/23,2022,aggregate,reported,1392000.0,1000.0,602500.0,176000.0
EU,2023/24,2023,aggregate,reported,1531500.0,905000.0,607000.0,204500.0
EU,2024/25,2024,aggregate,provisional,1973000.0,1000.0,715000.0,215000.0
Other non-producing countries,1990/91,1990,aggregate,reported,,21000.0,,21000.0
Other non-producing countries,1991/92,1991,aggregate,reported,,35000.0,,35000.0
Other non-producing countries,1992/93,1992,aggregate,reported,,30000.0,,30000.0
Other non-producing countries,1993/94,1993,aggregate,reported,,30000.0,,30000.0
Other non-producing countries,1994/95,1994,aggregate,reported,,33000.0,,33000.0
Other non-producing countries,1995/96,1995,aggregate,reported,,20000.0,,20000.0
Other non-producing countries,1996/97,1996,aggregate,reported,,25000.0,,25000.0
Other non-producing countries,1997/98,1997,aggregate,reported,,20500.0,,20500.0
Other non-producing countries,2008/09,2008,aggregate,reported,,20000.0,,20000.0
Other non-producing countries,2009/10,2009,aggregate,reported,,35000.0,,35000.0
Other non-producing countries,2010/11,2010,aggregate,reported,,40000.0,,40000.0
Other non-producing countries,2011/12,2011,aggregate,reported,,55000.0,,55000.0
Other non-producing countries,2012/13,2012,aggregate,reported,,60000.0,,60000.0
Other non-producing countries,2013/14,2013,aggregate,reported,,70000.0,,70000.0
Other non-producing countries,2014/15,2014,aggregate,reported,,70000.0,,70000.0
Other non-producing countries,2015/16,2015,aggregate,reported,,65000.0,,65000.0
Other non-producing countries,2016/17,2016,aggregate,reported,,60000.0,,60000.0
Other non-producing countries,2017/18,2017,aggregate,reported,,73500.0,,73500.0
Other non-producing countries,2018/19,2018,aggregate,reported,,70500.0,,70500.0
Other non-producing countries,2019/20,2019,aggregate,reported,,127000.0,,127000.0
Other non-producing countries,2020/21,2020,aggregate,reported,,145000.0,,145000.0
Other non-producing countries,2021/22,2021,aggregate,reported,,177000.0,,177000.0
Other non-producing countries,2022/23,2022,aggregate,reported,,136000.0,,163500.0
Other non-producing countries,2023/24,2023,aggregate,reported,,126500.0,,126500.0
Other non-producing countries,2024/25,2024,aggregate,provisional,,168000.0,,168000.0
Other producing countries,1990/91,1990,aggregate,reported,32000.0,15500.0,10500.0,3000.0
Other producing countries,1991/92,1991,aggregate,reported,9000.0,17500.0,2500.0,3000.0
Other producing countries,1992/93,1992,aggregate,reported,6000.0,9000.0,0.0,3000.0
Other producing countries,1993/94,1993,aggregate,reported,7000.0,10000.0,500.0,3000.0
Other producing countries,1994/95,1994,aggregate,reported,7000.0,10000.0,0.0,3000.0
Other producing countries,1995/96,1995,aggregate,reported,6000.0,6000.0,3000.0,2500.0
Other producing countries,1996/97,1996,aggregate,reported,8500.0,13000.0,0.0,4500.0
Other producing countries,1997/98,1997,aggregate,reported,7000.0,11500.0,0.0,4500.0
Other producing countries,2008/09,2008,aggregate,reported,15000.0,13000.0,5000.0,3000.0
Other producing countries,2009/10,2009,aggregate,reported,15000.0,13000.0,5000.0,3000.0
Other producing countries,2010/11,2010,aggregate,reported,15000.0,13000.0,5000.0,3000.0
Other producing countries,2011/12,2011,aggregate,reported,15000.0,13000.0,5000.0,3000.0
Other producing countries,2012/13,2012,aggregate,reported,15000.0,13000.0,5000.0,3000.0
Other producing countries,2013/14,2013,aggregate,reported,14500.0,11500.0,5000.0,2000.0
Other producing countries,2014/15,2014,aggregate,reported,14500.0,11500.0,5000.0,2000.0
Other producing countries,2015/16,2015,aggregate,reported,15000.0,12000.0,5000.0,2000.0
Other producing countries,2016/17,2016,aggregate,reported,15500.0,12500.0,5000.0,2000.0
Other producing countries,2017/18,2017,aggregate,reported,15500.0,12500.0,5000.0,2000.0
Other producing countries,2018/19,2018,aggregate,reported,15500.0,12500.0,5000.0,2000.0
Other producing countries,2019/20,2019,aggregate,reported,15500.0,12500.0,5000.0,2000.0
Other producing countries,2020/21,2020,aggregate,reported,15500.0,12500.0,5000.0,2000.0
Other producing countries,2021/22,2021,aggregate,reported,15500.0,12500.0,5000.0,2000.0
Other producing countries,2022/23,2022,aggregate,reported,15500.0,12500.0,5000.0,2000.0
Other producing countries,2023/24,2023,aggregate,reported,15500.0,12500.0,5000.0,2000.0
Other producing countries,2024/25,2024,aggregate,provisional,15500.0,12500.0,5000.0,2000.0
Albania,2008/09,2008,country,reported,6000.0,7000.0,0.0,1000.0
Albania,2009/10,2009,country,reported,5000.0,6000.0,0.0,1000.0
Albania,2010/11,2010,country,reported,8000.0,9000.0,0.0,1000.0
Albania,2011/12,2011,country,reported,7000.0,8000.0,0.0,1000.0
Albania,2012/13,2012,country,reported,12000.0,13000.0,0.0,1000.0
Albania,2013/14,2013,country,reported,10500.0,11500.0,0.0,1000.0
Albania,2014/15,2014,country,reported,11000.0,12500.0,0.0,1500.0
Albania,2015/16,2015,country,reported,10000.0,11500.0,0.0,1500.0
Albania,2016/17,2016,country,reported,11500.0,13000.0,0.0,1500.0
Albania,2017/18,2017,country,reported,11000.0,12500.0,0.0,1500.0
Albania,2018/19,2018,country,reported,12500.0,13500.0,0.0,1000.0
Albania,2019/20,2019,country,reported,11500.0,13000.0,0.0,1500.0
Albania,2020/21,2020,country,reported,13000.0,14500.0,0.0,1500.0
Albania,2021/22,2021,country,reported,16500.0,18000.0,0.0,1500.0
Albania,2022/23,2022,country,reported,29000.0,24000.0,6000.0,1000.0
Albania,2023/24,2023,country,reported,28500.0,23500.0,5500.0,1000.0
Albania,2024/25,2024,country,provisional,30000.0,25000.0,4000.0,500.0
Algeria,1990/91,1990,country,reported,6000.0,7000.0,0.0,0.0
Algeria,1991/92,1991,country,reported,37000.0,27000.0,0.0,0.0
Algeria,1992/93,1992,country,reported,27000.0,30000.0,0.0,0.0
Algeria,1993/94,1993,country,reported,21000.0,25000.0,0.0,0.0
Algeria,1994/95,1994,country,reported,16500.0,17500.0,0.0,0.0
Algeria,1995/96,1995,country,reported,51500.0,36000.0,0.0,0.0
Algeria,1996/97,1996,country,reported,50500.0,50000.0,0.0,0.0
Algeria,1997/98,1997,country,reported,15000.0,31500.0,0.0,0.0
Algeria,2008/09,2008,country,reported,61500.0,55000.0,0.0,500.0
Algeria,2009/10,2009,country,reported,26500.0,33500.0,0.0,0.0
Algeria,2010/11,2010,country,reported,67000.0,59000.0,0.0,0.0
Algeria,2011/12,2011,country,reported,39500.0,42500.0,0.0,0.0
Algeria,2012/13,2012,country,reported,66000.0,60500.0,0.0,0.0
Algeria,2013/14,2013,country,reported,44000.0,48500.0,0.0,0.0
Algeria,2014/15,2014,country,reported,69500.0,65000.0,0.0,500.0
Algeria,2015/16,2015,country,reported,82000.0,80000.0,0.0,500.0
Algeria,2016/17,2016,country,reported,63000.0,67000.0,0.0,0.0
Algeria,2017/18,2017,country,reported,82500.0,82500.0,0.0,0.0
Algeria,2018/19,2018,country,reported,97000.0,92000.0,0.0,0.0
Algeria,2019/20,2019,country,reported,126000.0,115000.0,0.0,0.0
Algeria,2020/21,2020,country,reported,70500.0,80000.0,500.0,0.0
Algeria,2021/22,2021,country,reported,94500.0,95000.0,0.0,0.0
Algeria,2022/23,2022,country,reported,75500.0,75000.0,0.0,0.0
Algeria,2023/24,2023,country,reported,93000.0,91500.0,0.0,0.0
Algeria,2024/25,2024,country,provisional,85000.0,90500.0,0.0,0.0
Argentina,1990/91,1990,country,reported,8000.0,4000.0,4000.0,0.0
Argentina,1991/92,1991,country,reported,9000.0,4000.0,5000.0,0.0
Argentina,1992/93,1992,country,reported,10000.0,4500.0,5500.0,0.0
Argentina,1993/94,1993,country,reported,8000.0,4000.0,4000.0,0.0
Argentina,1994/95,1994,country,reported,6500.0,3000.0,4500.0,500.0
Argentina,1995/96,1995,country,reported,11000.0,6000.0,4500.0,500.0
Argentina,1996/97,1996,country,reported,11500.0,8000.0,6000.0,6500.0
Argentina,1997/98,1997,country,reported,8000.0,8000.0,7500.0,7000.0
Argentina,2008/09,2008,country,reported,23000.0,5000.0,14000.0,0.0
Argentina,2009/10,2009,country,reported,17000.0,5000.0,19000.0,0.0
Argentina,2010/11,2010,country,reported,20000.0,5500.0,12000.0,0.0
Argentina,2011/12,2011,country,reported,32000.0,6000.0,23500.0,0.0
Argentina,2012/13,2012,country,reported,17000.0,6000.0,12000.0,0.0
Argentina,2013/14,2013,country,reported,30000.0,6500.0,21500.0,0.0
Argentina,2014/15,2014,country,reported,30000.0,6500.0,12000.0,0.0
Argentina,2015/16,2015,country,reported,24000.0,7500.0,31000.0,0.0
Argentina,2016/17,2016,country,reported,24000.0,7500.0,16500.0,0.0
Argentina,2017/18,2017,country,reported,45000.0,8000.0,37500.0,0.0
Argentina,2018/19,2018,country,reported,28000.0,7500.0,21500.0,1500.0
Argentina,2019/20,2019,country,reported,30000.0,7500.0,23000.0,500.0
Argentina,2020/21,2020,country,reported,30000.0,7500.0,23000.0,1000.0
Argentina,2021/22,2021,country,reported,33000.0,7500.0,27000.0,1500.0
Argentina,2022/23,2022,country,reported,32000.0,7500.0,26500.0,3500.0
Argentina,2023/24,2023,country,reported,43000.0,7500.0,37000.0,0.0
Argentina,2024/25,2024,country,provisional,32000.0,7500.0,25000.0,500.0
Australia,1990/91,1990,country,reported,,13500.0,0.0,13500.0
Australia,1991/92,1991,country,reported,,12500.0,0.0,12500.0
Australia,1992/93,1992,country,reported,,16000.0,0.0,17000.0
Australia,1993/94,1993,country,reported,,16500.0,0.0,16000.0
Australia,1994/95,1994,country,reported,,19000.0,0.0,19000.0
Australia,1995/96,1995,country,reported,,16500.0,0.0,16000.0
Australia,1996/97,1996,country,reported,,21500.0,0.0,21500.0
Australia,1997/98,1997,country,reported,,17500.0,0.0,17500.0
Australia,2008/09,2008,country,reported,15000.0,37000.0,6500.0,28500.0
Australia,2009/10,2009,country,reported,18000.0,44000.0,8000.0,35000.0
Australia,2010/11,2010,country,reported,18000.0,44000.0,6000.0,32000.0
Australia,2011/12,2011,country,reported,15500.0,40000.0,6500.0,31500.0
Australia,2012/13,2012,country,reported,9500.0,37000.0,2500.0,28500.0
Australia,2013/14,2013,country,reported,13500.0,37000.0,4500.0,28000.0
Australia,2014/15,2014,country,reported,19500.0,37000.0,4500.0,22000.0
Australia,2015/16,2015,country,reported,20000.0,42000.0,4000.0,26000.0
Australia,2016/17,2016,country,reported,21000.0,45000.0,4500.0,29000.0
Australia,2017/18,2017,country,reported,21000.0,48000.0,3000.0,31000.0
Australia,2018/19,2018,country,reported,20000.0,50000.0,3000.0,32000.0
Australia,2019/20,2019,country,reported,8500.0,42500.0,2500.0,36000.0
Australia,2020/21,2020,country,reported,23000.0,56000.0,2000.0,36000.0
Australia,2021/22,2021,country,reported,19500.0,50000.0,4000.0,33500.0
Australia,2022/23,2022,country,reported,17500.0,41000.0,4500.0,27500.0
Australia,2023/24,2023,country,reported,20000.0,44500.0,2000.0,26500.0
Australia,2024/25,2024,country,provisional,20500.0,51500.0,2000.0,33000.0
Austria,1994/95,1994,country,reported,,200.0,0.0,0.0
Austria,1995/96,1995,country,reported,,1000.0,0.0,0.0
Austria,1996/97,1996,country,reported,,2600.0,0.0,0.0
Austria,1997/98,1997,country,reported,,2700.0,0.0,0.0
Austria,1998/99,1998,country,reported,,2900.0,0.0,0.0
Austria,1999/00,1999,country,reported,,3900.0,0.0,0.0
Austria,2000/01,2000,country,reported,,4100.0,0.0,0.0
Austria,2001/02,2001,country,reported,,3900.0,0.0,0.0
Austria,2002/03,2002,country,reported,,4600.0,0.0,0.0
Austria,2003/04,2003,country,reported,,6000.0,0.0,0.0
Austria,2004/05,2004,country,reported,,7300.0,0.0,0.0
Austria,2005/06,2005,country,reported,,7000.0,0.0,0.0
Austria,2006/07,2006,country,reported,,7900.0,200.0,0.0
Austria,2007/08,2007,country,reported,,9500.0,300.0,100.0
Austria,2008/09,2008,country,reported,,8900.0,200.0,0.0
Austria,2009/10,2009,country,reported,,8900.0,300.0,0.0
Austria,2010/11,2010,country,reported,,8700.0,400.0,0.0
Austria,2011/12,2011,country,reported,,9200.0,700.0,0.0
Austria,2012/13,2012,country,reported,,8000.0,600.0,0.0
Austria,2013/14,2013,country,reported,,8700.0,600.0,0.0
Austria,2014/15,2014,country,reported,,9400.0,700.0,0.0
Austria,2015/16,2015,country,reported,,8800.0,600.0,0.0
Austria,2016/17,2016,country,reported,,9100.0,500.0,0.0
Austria,2017/18,2017,country,reported,,7200.0,700.0,0.0
Austria,2018/19,2018,country,reported,,7800.0,800.0,0.0
Austria,2019/20,2019,country,reported,,9600.0,800.0,100.0
Austria,2020/21,2020,country,reported,,8700.0,1000.0,100.0
Austria,2021/22,2021,country,reported,,9800.0,800.0,100.0
Austria,2022/23,2022,country,reported,,9600.0,400.0,100.0
Austria,2023/24,2023,country,reported,,9600.0,400.0,100.0
Austria,2024/25,2024,country,provisional,,9800.0,300.0,200.0
Azerbaijan,2022/23,2022,country,reported,2000.0,2500.0,0.0,500.0
Azerbaijan,2023/24,2023,country,reported,1000.0,1500.0,0.0,500.0
Azerbaijan,2024/25,2024,country,provisional,2000.0,2500.0,0.0,500.0
Belgium,2000/01,2000,country,reported,,12400.0,100.0,0.0
Belgium,2001/02,2001,country,reported,,12700.0,0.0,0.0
Belgium,2002/03,2002,country,reported,,11800.0,100.0,0.0
Belgium,2003/04,2003,country,reported,,11400.0,100.0,100.0
Belgium,2004/05,2004,country,reported,,12300.0,200.0,100.0
Belgium,2005/06,2005,country,reported,,11700.0,300.0,100.0
Belgium,2006/07,2006,country,reported,,6200.0,300.0,200.0
Belgium,2007/08,2007,country,reported,,3200.0,300.0,100.0
Belgium,2008/09,2008,country,reported,,11500.0,700.0,400.0
Belgium,2009/10,2009,country,reported,,12300.0,400.0,1000.0
Belgium,2010/11,2010,country,reported,,13700.0,700.0,1400.0
Belgium,2011/12,2011,country,reported,,13400.0,300.0,700.0
Belgium,2012/13,2012,country,reported,,13800.0,400.0,900.0
Belgium,2013/14,2013,country,reported,,15400.0,500.0,700.0
Belgium,2014/15,2014,country,reported,,14900.0,700.0,1600.0
Belgium,2015/16,2015,country,reported,,16700.0,700.0,2300.0
Belgium,2016/17,2016,country,reported,,14400.0,400.0,2000.0
Belgium,2017/18,2017,country,reported,,18500.0,500.0,1400.0
Belgium,2018/19,2018,country,reported,,13300.0,600.0,1700.0
Belgium,2019/20,2019,country,reported,,18500.0,400.0,1700.0
Belgium,2020/21,2020,country,reported,,11100.0,5700.0,2800.0
Belgium,2021/22,2021,country,reported,,14700.0,9000.0,2000.0
Belgium,2022/23,2022,country,reported,,9600.0,7400.0,1900.0
Belgium,2023/24,2023,country,reported,,13200.0,3800.0,3800.0
Belgium,2024/25,2024,country,provisional,,14200.0,3500.0,1700.0
Bosnia and Herzegovina,2022/23,2022,country,reported,0.0,500.0,0.0,500.0
Bosnia and Herzegovina,2023/24,2023,country,reported,0.0,500.0,0.0,500.0
Bosnia and Herzegovina,2024/25,2024,country,provisional,0.0,500.0,0.0,500.0
Brazil,1990/91,1990,country,reported,,13500.0,0.0,13500.0
Brazil,1991/92,1991,country,reported,,11000.0,0.0,11000.0
Brazil,1992/93,1992,country,reported,,17000.0,0.0,17000.0
Brazil,1993/94,1993,country,reported,,14500.0,0.0,14500.0
Brazil,1994/95,1994,country,reported,,23500.0,0.0,23500.0
Brazil,1995/96,1995,country,reported,,19000.0,0.0,19000.0
Brazil,1996/97,1996,country,reported,,24500.0,0.0,24500.0
Brazil,1997/98,1997,country,reported,,29000.0,0.0,29000.0
Brazil,2008/09,2008,country,reported,,42000.0,0.0,42000.0
Brazil,2009/10,2009,country,reported,,50500.0,,50500.0
Brazil,2010/11,2010,country,reported,,61500.0,0.0,61500.0
Brazil,2011/12,2011,country,reported,,68000.0,0.0,68000.0
Brazil,2012/13,2012,country,reported,,73000.0,0.0,73000.0
Brazil,2013/14,2013,country,reported,,72500.0,0.0,72500.0
Brazil,2014/15,2014,country,reported,,66500.0,0.0,66500.0
Brazil,2015/16,2015,country,reported,,50000.0,0.0,50000.0
Brazil,2016/17,2016,country,reported,,59500.0,0.0,59500.0
Brazil,2017/18,2017,country,reported,,76500.0,0.0,76500.0
Brazil,2018/19,2018,country,reported,,86000.0,0.0,86000.0
Brazil,2019/20,2019,country,reported,,104000.0,0.0,104000.0
Brazil,2020/21,2020,country,reported,,106500.0,0.0,106500.0
Brazil,2021/22,2021,country,reported,,103500.0,0.0,103500.0
Brazil,2022/23,2022,country,reported,,91000.0,0.0,91000.0
Brazil,2023/24,2023,country,reported,,79000.0,0.0,79000.0
Brazil,2024/25,2024,country,provisional,,95000.0,0.0,95000.0
Bulgaria,2006/07,2006,country,reported,,600.0,0.0,0.0
Bulgaria,2007/08,2007,country,reported,,700.0,0.0,0.0
Bulgaria,2008/09,2008,country,reported,,1000.0,0.0,0.0
Bulgaria,2009/10,2009,country,reported,,1300.0,0.0,0.0
Bulgaria,2010/11,2010,country,reported,,1300.0,0.0,0.0
Bulgaria,2011/12,2011,country,reported,,1900.0,100.0,0.0
Bulgaria,2012/13,2012,country,reported,,2000.0,100.0,0.0
Bulgaria,2013/14,2013,country,reported,,2800.0,100.0,0.0
Bulgaria,2014/15,2014,country,reported,,2200.0,0.0,0.0
Bulgaria,2015/16,2015,country,reported,,2600.0,100.0,0.0
Bulgaria,2016/17,2016,country,reported,,2300.0,0.0,0.0
Bulgaria,2017/18,2017,country,reported,,4000.0,0.0,0.0
Bulgaria,2018/19,2018,country,reported,,3600.0,0.0,0.0
Bulgaria,2019/20,2019,country,reported,,3500.0,100.0,100.0
Bulgaria,2020/21,2020,country,reported,,5300.0,0.0,300.0
Bulgaria,2021/22,2021,country,reported,,5500.0,300.0,0.0
Bulgaria,2022/23,2022,country,reported,,4000.0,100.0,0.0
Bulgaria,2023/24,2023,country,reported,,4500.0,0.0,100.0
Bulgaria,2024/25,2024,country,provisional,,4100.0,0.0,100.0
Canada,1990/91,1990,country,reported,,10000.0,,10000.0
Canada,1991/92,1991,country,reported,,10000.0,,10000.0
Canada,1992/93,1992,country,reported,,13000.0,,13000.0
Canada,1993/94,1993,country,reported,,12000.0,,12000.0
Canada,1994/95,1994,country,reported,,15000.0,,15000.0
Canada,1995/96,1995,country,reported,,14000.0,,14000.0
Canada,1996/97,1996,country,reported,,19000.0,,19000.0
Canada,1997/98,1997,country,reported,,17500.0,,17500.0
Canada,2008/09,2008,country,reported,,30000.0,,30000.0
Canada,2009/10,2009,country,reported,,37000.0,,37000.0
Canada,2010/11,2010,country,reported,,40000.0,,40000.0
Canada,2011/12,2011,country,reported,,39500.0,,39500.0
Canada,2012/13,2012,country,reported,,37000.0,,37000.0
Canada,2013/14,2013,country,reported,,40500.0,,40500.0
Canada,2014/15,2014,country,reported,,37500.0,,37500.0
Canada,2015/16,2015,country,reported,,41000.0,,41000.0
Canada,2016/17,2016,country,reported,,39500.0,,39500.0
Canada,2017/18,2017,country,reported,,47000.0,,47000.0
Canada,2018/19,2018,country,reported,,46500.0,,46500.0
Canada,2019/20,2019,country,reported,,57500.0,,57500.0
Canada,2020/21,2020,country,reported,,58000.0,,58000.0
Canada,2021/22,2021,country,reported,,53500.0,,53500.0
Canada,2022/23,2022,country,reported,,48000.0,,48000.0
Canada,2023/24,2023,country,reported,,50000.0,,50000.0
Canada,2024/25,2024,country,provisional,,54500.0,,54500.0
Chile,1990/91,1990,country,reported,,,0.0,
Chile,1991/92,1991,country,reported,,,0.0,
Chile,1992/93,1992,country,reported,,,0.0,
Chile,1993/94,1993,country,reported,,,0.0,
Chile,1994/95,1994,country,reported,,,0.0,
Chile,1995/96,1995,country,reported,,,0.0,
Chile,1996/97,1996,country,reported,,,0.0,
Chile,1997/98,1997,country,reported,,,0.0,
Chile,2008/09,2008,country,reported,8500.0,7500.0,2000.0,1000.0
Chile,2009/10,2009,country,reported,12000.0,9000.0,3000.0,500.0
Chile,2010/11,2010,country,reported,16000.0,10000.0,6500.0,500.0
Chile,2011/12,2011,country,reported,21500.0,13000.0,10000.0,1000.0
Chile,2012/13,2012,country,reported,15000.0,6000.0,10000.0,500.0
Chile,2013/14,2013,country,reported,15000.0,5000.0,10000.0,1000.0
Chile,2014/15,2014,country,reported,18500.0,6000.0,14500.0,500.0
Chile,2015/16,2015,country,reported,17500.0,5500.0,10500.0,500.0
Chile,2016/17,2016,country,reported,20000.0,6000.0,13000.0,1000.0
Chile,2017/18,2017,country,reported,22000.0,7500.0,14500.0,2500.0
Chile,2018/19,2018,country,reported,18500.0,9000.0,12000.0,1500.0
Chile,2019/20,2019,country,reported,22500.0,8500.0,15500.0,1500.0
Chile,2020/21,2020,country,reported,25500.0,14000.0,13000.0,2000.0
Chile,2021/22,2021,country,reported,16500.0,8000.0,16000.0,3000.0
Chile,2022/23,2022,country,reported,21000.0,7500.0,16500.0,2500.0
Chile,2023/24,2023,country,reported,20500.0,7500.0,15500.0,2500.0
Chile,2024/25,2024,country,provisional,22500.0,9000.0,16500.0,3000.0
China,2008/09,2008,country,reported,,12000.0,,12000.0
China,2009/10,2009,country,reported,,18000.0,,18000.0
China,2010/11,2010,country,reported,,29500.0,,29500.0
China,2011/12,2011,country,reported,,40000.0,,40000.0
China,2012/13,2012,country,reported,,39000.0,,39000.0
China,2013/14,2013,country,reported,,32000.0,,32000.0
China,2014/15,2014,country,reported,2500.0,33500.0,,31000.0
China,2015/16,2015,country,reported,5000.0,39000.0,,34000.0
China,2016/17,2016,country,reported,5000.0,44000.0,,39000.0
China,2017/18,2017,country,reported,6000.0,44000.0,,38000.0
China,2018/19,2018,country,reported,5500.0,51500.0,,46000.0
China,2019/20,2019,country,reported,7000.0,57500.0,,50500.0
China,2020/21,2020,country,reported,7500.0,53000.0,,45500.0
China,2021/22,2021,country,reported,8000.0,57500.0,,49500.0
China,2022/23,2022,country,reported,9500.0,43500.0,,34000.0
China,2023/24,2023,country,reported,9000.0,27000.0,,18000.0
China,2024/25,2024,country,provisional,9000.0,53000.0,,44000.0
Croatia,1997/98,1997,country,reported,1500.0,2000.0,0.0,500.0
Croatia,2008/09,2008,country,reported,6000.0,7000.0,0.0,1500.0
Croatia,2009/10,2009,country,reported,5000.0,6500.0,0.0,1500.0
Croatia,2010/11,2010,country,reported,5000.0,7000.0,0.0,2000.0
Croatia,2011/12,2011,country,reported,4000.0,6000.0,0.0,2500.0
Croatia,2012/13,2012,country,reported,4000.0,6000.0,0.0,2500.0
Croatia,2013/14,2013,country,reported,4600.0,7100.0,100.0,0.0
Croatia,2014/15,2014,country,reported,1100.0,4500.0,200.0,0.0
Croatia,2015/16,2015,country,reported,5500.0,7800.0,100.0,0.0
Croatia,2016/17,2016,country,reported,5000.0,7900.0,100.0,0.0
Croatia,2017/18,2017,country,reported,3900.0,7000.0,100.0,0.0
Croatia,2018/19,2018,country,reported,3400.0,7800.0,200.0,0.0
Croatia,2019/20,2019,country,reported,4100.0,7800.0,100.0,0.0
Croatia,2020/21,2020,country,reported,3700.0,7600.0,300.0,0.0
Croatia,2021/22,2021,country,reported,2900.0,8500.0,200.0,0.0
Croatia,2022/23,2022,country,reported,5100.0,8500.0,100.0,0.0
Croatia,2023/24,2023,country,reported,3500.0,8600.0,100.0,0.0
Croatia,2024/25,2024,country,provisional,3500.0,8000.0,300.0,0.0
Cyprus,1990/91,1990,country,reported,2000.0,2000.0,0.0,0.0
Cyprus,1991/92,1991,country,reported,1500.0,2000.0,0.0,0.0
Cyprus,1992/93,1992,country,reported,3000.0,2000.0,0.0,0.0
Cyprus,1993/94,1993,country,reported,3000.0,3000.0,0.0,0.0
Cyprus,1994/95,1994,country,reported,3000.0,3000.0,0.0,0.0
Cyprus,1995/96,1995,country,reported,2500.0,3000.0,0.0,0.0
Cyprus,1996/97,1996,country,reported,2000.0,2500.0,0.0,0.0
Cyprus,1997/98,1997,country,reported,1500.0,2000.0,0.0,500.0
Cyprus,2003/04,2003,country,reported,7000.0,6800.0,0.0,0.0
Cyprus,2004/05,2004,country,reported,7500.0,6600.0,0.0,0.0
Cyprus,2005/06,2005,country,reported,7200.0,7400.0,0.0,0.0
Cyprus,2006/07,2006,country,reported,8300.0,8200.0,0.0,0.0
Cyprus,2007/08,2007,country,reported,,4900.0,0.0,0.0
Cyprus,2008/09,2008,country,reported,2800.0,4100.0,0.0,0.0
Cyprus,2009/10,2009,country,reported,4200.0,5000.0,0.0,0.0
Cyprus,2010/11,2010,country,reported,6500.0,6500.0,0.0,0.0
Cyprus,2011/12,2011,country,reported,6500.0,6300.0,100.0,0.0
Cyprus,2012/13,2012,country,reported,5600.0,6000.0,100.0,0.0
Cyprus,2013/14,2013,country,reported,3800.0,6300.0,0.0,0.0
Cyprus,2014/15,2014,country,reported,6200.0,6300.0,0.0,0.0
Cyprus,2015/16,2015,country,reported,6000.0,6200.0,100.0,0.0
Cyprus,2016/17,2016,country,reported,6000.0,6300.0,100.0,0.0
Cyprus,2017/18,2017,country,reported,6000.0,6300.0,0.0,0.0
Cyprus,2018/19,2018,country,reported,4700.0,6500.0,100.0,0.0
Cyprus,2019/20,2019,country,reported,4900.0,7000.0,100.0,0.0
Cyprus,2020/21,2020,country,reported,4500.0,5300.0,200.0,0.0
Cyprus,2021/22,2021,country,reported,4000.0,5400.0,200.0,0.0
Cyprus,2022/23,2022,country,reported,4800.0,5100.0,300.0,0.0
Cyprus,2023/24,2023,country,reported,2800.0,3400.0,200.0,0.0
Cyprus,2024/25,2024,country,provisional,3800.0,3700.0,100.0,0.0
Czechia,2003/04,2003,country,reported,,2700.0,0.0,0.0
Czechia,2004/05,2004,country,reported,,3200.0,0.0,0.0
Czechia,2005/06,2005,country,reported,,2800.0,0.0,0.0
Czechia,2006/07,2006,country,reported,,3100.0,0.0,0.0
Czechia,2007/08,2007,country,reported,,6000.0,0.0,0.0
Czechia,2008/09,2008,country,reported,,4800.0,0.0,0.0
Czechia,2009/10,2009,country,reported,,4400.0,0.0,0.0
Czechia,2010/11,2010,country,reported,,6100.0,0.0,0.0
Czechia,2011/12,2011,country,reported,,5000.0,100.0,0.0
Czechia,2012/13,2012,country,reported,,4000.0,100.0,0.0
Czechia,2013/14,2013,country,reported,,6300.0,0.0,0.0
Czechia,2014/15,2014,country,reported,,10000.0,0.0,0.0
Czechia,2015/16,2015,country,reported,,10300.0,0.0,0.0
Czechia,2016/17,2016,country,reported,,6800.0,0.0,0.0
Czechia,2017/18,2017,country,reported,,3600.0,0.0,0.0
Czechia,2018/19,2018,country,reported,,5000.0,0.0,0.0
Czechia,2019/20,2019,country,reported,,4200.0,0.0,0.0
Czechia,2020/21,2020,country,reported,,5000.0,0.0,0.0
Czechia,2021/22,2021,country,reported,,4600.0,0.0,0.0
Czechia,2022/23,2022,country,reported,,3700.0,0.0,0.0
Czechia,2023/24,2023,country,reported,,2800.0,0.0,0.0
Czechia,2024/25,2024,country,provisional,,2800.0,0.0,0.0
Denmark,1990/91,1990,country,reported,,700.0,0.0,0.0
Denmark,1991/92,1991,country,reported,,1200.0,0.0,0.0
Denmark,1992/93,1992,country,reported,,1200.0,0.0,0.0
Denmark,1993/94,1993,country,reported,,2500.0,800.0,0.0
Denmark,1994/95,1994,country,reported,,1100.0,100.0,0.0
Denmark,1995/96,1995,country,reported,,1100.0,0.0,700.0
Denmark,1996/97,1996,country,reported,,2300.0,0.0,0.0
Denmark,1997/98,1997,country,reported,,2500.0,0.0,0.0
Denmark,1998/99,1998,country,reported,,1900.0,100.0,0.0
Denmark,1999/00,1999,country,reported,,2300.0,0.0,0.0
Denmark,2000/01,2000,country,reported,,2500.0,0.0,0.0
Denmark,2001/02,2001,country,reported,,2700.0,0.0,0.0
Denmark,2002/03,2002,country,reported,,3100.0,0.0,0.0
Denmark,2003/04,2003,country,reported,,3100.0,0.0,0.0
Denmark,2004/05,2004,country,reported,,2900.0,0.0,0.0
Denmark,2005/06,2005,country,reported,,1900.0,0.0,0.0
Denmark,2006/07,2006,country,reported,,3500.0,100.0,0.0
Denmark,2007/08,2007,country,reported,,4300.0,100.0,0.0
Denmark,2008/09,2008,country,reported,,4500.0,0.0,0.0
Denmark,2009/10,2009,country,reported,,4300.0,100.0,0.0
Denmark,2010/11,2010,country,reported,,5900.0,100.0,0.0
Denmark,2011/12,2011,country,reported,,4800.0,100.0,0.0
Denmark,2012/13,2012,country,reported,,5800.0,100.0,0.0
Denmark,2013/14,2013,country,reported,,6700.0,100.0,0.0
Denmark,2014/15,2014,country,reported,,5800.0,100.0,0.0
Denmark,2015/16,2015,country,reported,,6400.0,100.0,0.0
Denmark,2016/17,2016,country,reported,,5300.0,100.0,0.0
Denmark,2017/18,2017,country,reported,,5500.0,100.0,100.0
Denmark,2018/19,2018,country,reported,,5700.0,100.0,100.0
Denmark,2019/20,2019,country,reported,,7300.0,100.0,400.0
Denmark,2020/21,2020,country,reported,,6000.0,100.0,100.0
Denmark,2021/22,2021,country,reported,,5500.0,100.0,0.0
Denmark,2022/23,2022,country,reported,,5400.0,100.0,0.0
Denmark,2023/24,2023,country,reported,,8700.0,100.0,0.0
Denmark,2024/25,2024,country,provisional,,8300.0,100.0,0.0
Egypt,1990/91,1990,country,reported,500.0,1500.0,0.0,1000.0
Egypt,1991/92,1991,country,reported,1000.0,1000.0,0.0,0.0
Egypt,1992/93,1992,country,reported,1000.0,2000.0,0.0,1000.0
Egypt,1993/94,1993,country,reported,1000.0,1500.0,0.0,500.0
Egypt,1994/95,1994,country,reported,1000.0,2000.0,0.0,1000.0
Egypt,1995/96,1995,country,reported,2500.0,2500.0,500.0,500.0
Egypt,1996/97,1996,country,reported,500.0,1000.0,0.0,500.0
Egypt,1997/98,1997,country,reported,1000.0,1000.0,0.0,500.0
Egypt,2008/09,2008,country,reported,5000.0,5000.0,3500.0,3500.0
Egypt,2009/10,2009,country,reported,3000.0,7000.0,0.0,4000.0
Egypt,2010/11,2010,country,reported,4000.0,5000.0,0.0,1000.0
Egypt,2011/12,2011,country,reported,9000.0,7500.0,3000.0,1500.0
Egypt,2012/13,2012,country,reported,16500.0,12000.0,4000.0,1000.0
Egypt,2013/14,2013,country,reported,20000.0,18500.0,2000.0,1000.0
Egypt,2014/15,2014,country,reported,17000.0,20000.0,4000.0,6000.0
Egypt,2015/16,2015,country,reported,16500.0,16500.0,1000.0,500.0
Egypt,2016/17,2016,country,reported,30000.0,22000.0,6500.0,0.0
Egypt,2017/18,2017,country,reported,39500.0,40000.0,2500.0,2500.0
Egypt,2018/19,2018,country,reported,41000.0,45000.0,500.0,3500.0
Egypt,2019/20,2019,country,reported,40000.0,43000.0,1000.0,4500.0
Egypt,2020/21,2020,country,reported,38000.0,42000.0,1000.0,4500.0
Egypt,2021/22,2021,country,reported,48500.0,45000.0,0.0,2000.0
Egypt,2022/23,2022,country,reported,49500.0,54000.0,500.0,0.0
Egypt,2023/24,2023,country,reported,45000.0,46000.0,1500.0,2000.0
Egypt,2024/25,2024,country,provisional,40000.0,41000.0,1000.0,2000.0
Estonia,2003/04,2003,country,reported,,100.0,0.0,0.0
Estonia,2004/05,2004,country,reported,,200.0,0.0,0.0
Estonia,2005/06,2005,country,reported,,100.0,0.0,0.0
Estonia,2006/07,2006,country,reported,,200.0,0.0,0.0
Estonia,2007/08,2007,country,reported,,200.0,0.0,0.0
Estonia,2008/09,2008,country,reported,,100.0,100.0,0.0
Estonia,2009/10,2009,country,reported,,300.0,0.0,0.0
Estonia,2010/11,2010,country,reported,,400.0,100.0,0.0
Estonia,2011/12,2011,country,reported,,600.0,0.0,0.0
Estonia,2012/13,2012,country,reported,,500.0,0.0,0.0
Estonia,2013/14,2013,country,reported,,700.0,100.0,0.0
Estonia,2014/15,2014,country,reported,,700.0,0.0,0.0
Estonia,2015/16,2015,country,reported,,600.0,0.0,0.0
Estonia,2016/17,2016,country,reported,,800.0,200.0,0.0
Estonia,2017/18,2017,country,reported,,1100.0,400.0,0.0
Estonia,2018/19,2018,country,reported,,900.0,400.0,0.0
Estonia,2019/20,2019,country,reported,,900.0,0.0,0.0
Estonia,2020/21,2020,country,reported,,800.0,0.0,0.0
Estonia,2021/22,2021,country,reported,,700.0,0.0,0.0
Estonia,2022/23,2022,country,reported,,600.0,0.0,0.0
Estonia,2023/24,2023,country,reported,,700.0,0.0,0.0
Estonia,2024/25,2024,country,provisional,,700.0,0.0,0.0
Finland,1994/95,1994,country,reported,,300.0,0.0,0.0
Finland,1995/96,1995,country,reported,,200.0,100.0,0.0
Finland,1996/97,1996,country,reported,,500.0,0.0,0.0
Finland,1997/98,1997,country,reported,,600.0,0.0,0.0
Finland,1998/99,1998,country,reported,,700.0,0.0,0.0
Finland,1999/00,1999,country,reported,,700.0,0.0,0.0
Finland,2000/01,2000,country,reported,,900.0,0.0,0.0
Finland,2001/02,2001,country,reported,,900.0,0.0,0.0
Finland,2002/03,2002,country,reported,,1200.0,100.0,0.0
Finland,2003/04,2003,country,reported,,1300.0,100.0,0.0
Finland,2004/05,2004,country,reported,,1400.0,0.0,0.0
Finland,2005/06,2005,country,reported,,1200.0,0.0,0.0
Finland,2006/07,2006,country,reported,,1700.0,0.0,0.0
Finland,2007/08,2007,country,reported,,1600.0,0.0,0.0
Finland,2008/09,2008,country,reported,,1700.0,0.0,0.0
Finland,2009/10,2009,country,reported,,1700.0,100.0,0.0
Finland,2010/11,2010,country,reported,,2400.0,200.0,0.0
Finland,2011/12,2011,country,reported,,2700.0,200.0,0.0
Finland,2012/13,2012,country,reported,,2900.0,300.0,0.0
Finland,2013/14,2013,country,reported,,4000.0,200.0,0.0
Finland,2014/15,2014,country,reported,,3400.0,100.0,0.0
Finland,2015/16,2015,country,reported,,3500.0,100.0,0.0
Finland,2016/17,2016,country,reported,,2900.0,0.0,0.0
Finland,2017/18,2017,country,reported,,2600.0,0.0,0.0
Finland,2018/19,2018,country,reported,,2900.0,0.0,0.0
Finland,2019/20,2019,country,reported,,3400.0,0.0,0.0
Finland,2020/21,2020,country,reported,,2900.0,0.0,100.0
Finland,2021/22,2021,country,reported,,3100.0,100.0,100.0
Finland,2022/23,2022,country,reported,,2800.0,200.0,100.0
Finland,2023/24,2023,country,reported,,3200.0,0.0,100.0
Finland,2024/25,2024,country,provisional,,3200.0,0.0,100.0
France,1990/91,1990,country,reported,1000.0,28000.0,900.0,2700.0
France,1991/92,1991,country,reported,4300.0,34800.0,1000.0,13900.0
France,1992/93,1992,country,reported,1600.0,43800.0,900.0,20900.0
France,1993/94,1993,country,reported,2300.0,43700.0,1100.0,2600.0
France,1994/95,1994,country,reported,2000.0,41600.0,1000.0,600.0
France,1995/96,1995,country,reported,2300.0,48500.0,1100.0,900.0
France,1996/97,1996,country,reported,2500.0,58800.0,1100.0,1400.0
France,1997/98,1997,country,reported,2700.0,75600.0,1100.0,100.0
France,1998/99,1998,country,reported,3400.0,78800.0,1000.0,400.0
France,1999/00,1999,country,reported,4100.0,81500.0,1400.0,100.0
France,2000/01,2000,country,reported,3200.0,92000.0,1300.0,200.0
France,2001/02,2001,country,reported,3600.0,95100.0,1000.0,100.0
France,2002/03,2002,country,reported,4700.0,97000.0,1300.0,400.0
France,2003/04,2003,country,reported,4600.0,94000.0,1300.0,200.0
France,2004/05,2004,country,reported,4700.0,97100.0,0.0,400.0
France,2005/06,2005,country,reported,4400.0,99500.0,1300.0,1200.0
France,2006/07,2006,country,reported,3300.0,101800.0,1600.0,2500.0
France,2007/08,2007,country,reported,,101600.0,1500.0,3700.0
France,2008/09,2008,country,reported,7000.0,113500.0,1600.0,4400.0
France,2009/10,2009,country,reported,5700.0,114800.0,1400.0,4700.0
France,2010/11,2010,country,reported,6100.0,112800.0,1800.0,6300.0
France,2011/12,2011,country,reported,3200.0,112000.0,1900.0,6700.0
France,2012/13,2012,country,reported,5100.0,113100.0,1700.0,8900.0
France,2013/14,2013,country,reported,4800.0,110600.0,2300.0,7300.0
France,2014/15,2014,country,reported,1700.0,106000.0,2000.0,10900.0
France,2015/16,2015,country,reported,5400.0,113400.0,2300.0,4500.0
France,2016/17,2016,country,reported,3300.0,109000.0,2900.0,7700.0
France,2017/18,2017,country,reported,6200.0,102000.0,2200.0,9000.0
France,2018/19,2018,country,reported,5800.0,136900.0,2400.0,7500.0
France,2019/20,2019,country,reported,3400.0,129600.0,2300.0,9200.0
France,2020/21,2020,country,reported,4500.0,139900.0,3100.0,8300.0
France,2021/22,2021,country,reported,5800.0,142500.0,3600.0,8200.0
France,2022/23,2022,country,reported,3500.0,117500.0,2900.0,6800.0
France,2023/24,2023,country,reported,6500.0,100200.0,3000.0,8600.0
France,2024/25,2024,country,provisional,6300.0,111700.0,1300.0,7900.0
Georgia,2018/19,2018,country,reported,,500.0,0.0,500.0
Georgia,2019/20,2019,country,reported,,500.0,0.0,500.0
Georgia,2020/21,2020,country,reported,,500.0,0.0,500.0
Georgia,2021/22,2021,country,reported,,500.0,0.0,500.0
Georgia,2022/23,2022,country,reported,0.0,500.0,0.0,500.0
Georgia,2023/24,2023,country,reported,0.0,500.0,0.0,500.0
Georgia,2024/25,2024,country,provisional,0.0,500.0,0.0,500.0
Germany,1990/91,1990,country,reported,,10300.0,200.0,100.0
Germany,1991/92,1991,country,reported,,9800.0,700.0,100.0
Germany,1992/93,1992,country,reported,,10500.0,100.0,100.0
Germany,1993/94,1993,country,reported,,13400.0,300.0,100.0
Germany,1994/95,1994,country,reported,,16900.0,200.0,100.0
Germany,1995/96,1995,country,reported,,16400.0,200.0,100.0
Germany,1996/97,1996,country,reported,,16100.000000000002,200.0,0.0
Germany,1997/98,1997,country,reported,,23600.0,200.0,100.0
Germany,1998/99,1998,country,reported,,30300.0,200.0,100.0
Germany,1999/00,1999,country,reported,,32500.0,200.0,0.0
Germany,2000/01,2000,country,reported,,36300.0,200.0,100.0
Germany,2001/02,2001,country,reported,,38600.0,200.0,0.0
Germany,2002/03,2002,country,reported,,40000.0,200.0,100.0
Germany,2003/04,2003,country,reported,,38500.0,200.0,100.0
Germany,2004/05,2004,country,reported,,46300.0,400.0,300.0
Germany,2005/06,2005,country,reported,,45300.0,700.0,200.0
Germany,2006/07,2006,country,reported,,48300.0,900.0,0.0
Germany,2007/08,2007,country,reported,,48000.0,800.0,300.0
Germany,2008/09,2008,country,reported,,47700.0,700.0,300.0
Germany,2009/10,2009,country,reported,,50100.0,800.0,200.0
Germany,2010/11,2010,country,reported,,58800.0,600.0,800.0
Germany,2011/12,2011,country,reported,,61000.0,600.0,600.0
Germany,2012/13,2012,country,reported,,60500.0,600.0,400.0
Germany,2013/14,2013,country,reported,,66000.0,600.0,700.0
Germany,2014/15,2014,country,reported,,64200.0,600.0,600.0
Germany,2015/16,2015,country,reported,,62700.0,600.0,600.0
Germany,2016/17,2016,country,reported,,60900.0,600.0,600.0
Germany,2017/18,2017,country,reported,,61000.0,700.0,600.0
Germany,2018/19,2018,country,reported,,62700.0,800.0,600.0
Germany,2019/20,2019,country,reported,,75700.0,900.0,900.0
Germany,2020/21,2020,country,reported,,82000.0,1000.0,800.0
Germany,2021/22,2021,country,reported,,77000.0,700.0,1000.0
Germany,2022/23,2022,country,reported,,63300.0,700.0,700.0
Germany,2023/24,2023,country,reported,,55600.0,900.0,800.0
Germany,2024/25,2024,country,provisional,,55700.0,700.0,1000.0
Greece,1990/91,1990,country,reported,170000.0,204000.0,6000.0,0.0
Greece,1991/92,1991,country,reported,385000.0,203000.0,12800.0,100.0
Greece,1992/93,1992,country,reported,310000.0,197000.0,10300.0,0.0
Greece,1993/94,1993,country,reported,254000.0,196000.0,9200.0,0.0
Greece,1994/95,1994,country,reported,350000.0,210000.0,5500.0,200.0
Greece,1995/96,1995,country,reported,400000.0,230000.0,11000.0,100.0
Greece,1996/97,1996,country,reported,390000.0,240000.0,5200.0,0.0
Greece,1997/98,1997,country,reported,375000.0,240000.0,8000.0,0.0
Greece,1998/99,1998,country,reported,473000.0,245000.0,5400.0,0.0
Greece,1999/00,1999,country,reported,420000.0,265000.0,8200.0,0.0
Greece,2000/01,2000,country,reported,430000.0,270000.0,10000.0,0.0
Greece,2001/02,2001,country,reported,358300.0,270000.0,10000.0,0.0
Greece,2002/03,2002,country,reported,414000.0,270000.0,15000.0,0.0
Greece,2003/04,2003,country,reported,308000.0,270000.0,10000.0,0.0
Greece,2004/05,2004,country,reported,435000.0,283000.0,10000.0,0.0
Greece,2005/06,2005,country,reported,424000.0,265000.0,10000.0,0.0
Greece,2006/07,2006,country,reported,370000.0,269500.0,12800.0,0.0
Greece,2007/08,2007,country,reported,,264000.0,9800.0,0.0
Greece,2008/09,2008,country,reported,305000.0,229000.0,11000.0,0.0
Greece,2009/10,2009,country,reported,320000.0,228500.0,12000.0,0.0
Greece,2010/11,2010,country,reported,301000.0,227500.0,13000.0,0.0
Greece,2011/12,2011,country,reported,294600.0,200000.0,15500.0,100.0
Greece,2012/13,2012,country,reported,357900.0,180000.0,18000.0,0.0
Greece,2013/14,2013,country,reported,132000.0,140000.0,15700.0,0.0
Greece,2014/15,2014,country,reported,300000.0,130000.0,16800.0,0.0
Greece,2015/16,2015,country,reported,320000.0,140000.0,19300.0,0.0
Greece,2016/17,2016,country,reported,195000.0,105000.0,18700.0,0.0
Greece,2017/18,2017,country,reported,346000.0,130000.0,18600.0,0.0
Greece,2018/19,2018,country,reported,185000.0,120000.0,20200.0,0.0
Greece,2019/20,2019,country,reported,275000.0,114300.0,20800.0,0.0
Greece,2020/21,2020,country,reported,275000.0,108600.0,24500.0,100.0
Greece,2021/22,2021,country,reported,232000.0,105500.0,24500.0,0.0
Greece,2022/23,2022,country,reported,345000.0,96500.0,23300.0,200.0
Greece,2023/24,2023,country,reported,175000.0,90500.0,19600.0,300.0
Greece,2024/25,2024,country,provisional,250000.0,110000.0,20000.0,0.0
Hungary,2003/04,2003,country,reported,,1100.0,100.0,0.0
Hungary,2004/05,2004,country,reported,,1200.0,100.0,0.0
Hungary,2005/06,2005,country,reported,,1200.0,100.0,0.0
Hungary,2006/07,2006,country,reported,,1700.0,0.0,0.0
Hungary,2007/08,2007,country,reported,,1800.0,100.0,0.0
Hungary,2008/09,2008,country,reported,,1900.0,0.0,0.0
Hungary,2009/10,2009,country,reported,,2300.0,0.0,100.0
Hungary,2010/11,2010,country,reported,,2500.0,0.0,0.0
Hungary,2011/12,2011,country,reported,,2100.0,200.0,0.0
Hungary,2012/13,2012,country,reported,,2200.0,0.0,0.0
Hungary,2013/14,2013,country,reported,,2700.0,0.0,0.0
Hungary,2014/15,2014,country,reported,,2300.0,0.0,0.0
Hungary,2015/16,2015,country,reported,,2800.0,0.0,0.0
Hungary,2016/17,2016,country,reported,,2400.0,0.0,0.0
Hungary,2017/18,2017,country,reported,,2900.0,0.0,0.0
Hungary,2018/19,2018,country,reported,,2900.0,0.0,0.0
Hungary,2019/20,2019,country,reported,,3400.0,0.0,0.0
Hungary,2020/21,2020,country,reported,,3300.0,0.0,0.0
Hungary,2021/22,2021,country,reported,,3400.0,0.0,0.0
Hungary,2022/23,2022,country,reported,,3000.0,0.0,0.0
Hungary,2023/24,2023,country,reported,,3300.0,0.0,0.0
Hungary,2024/25,2024,country,provisional,,3200.0,0.0,0.0
Iran,1990/91,1990,country,reported,500.0,2500.0,0.0,2000.0
Iran,1991/92,1991,country,reported,500.0,3000.0,0.0,2000.0
Iran,1992/93,1992,country,reported,2000.0,2500.0,0.0,500.0
Iran,1993/94,1993,country,reported,3000.0,3500.0,0.0,500.0
Iran,1994/95,1994,country,reported,1500.0,2500.0,0.0,1000.0
Iran,1995/96,1995,country,reported,3000.0,5000.0,0.0,2000.0
Iran,1996/97,1996,country,reported,1500.0,3500.0,0.0,2000.0
Iran,1997/98,1997,country,reported,3000.0,4000.0,0.0,1000.0
Iran,2008/09,2008,country,reported,4500.0,7000.0,0.0,3000.0
Iran,2009/10,2009,country,reported,4000.0,6500.0,0.0,3000.0
Iran,2010/11,2010,country,reported,4000.0,7500.0,0.0,3500.0
Iran,2011/12,2011,country,reported,7000.0,11000.0,0.0,4500.0
Iran,2012/13,2012,country,reported,3500.0,8500.0,0.0,4000.0
Iran,2013/14,2013,country,reported,5000.0,10000.0,0.0,5000.0
Iran,2014/15,2014,country,reported,4500.0,9000.0,0.0,5500.0
Iran,2015/16,2015,country,reported,5000.0,10500.0,0.0,5000.0
Iran,2016/17,2016,country,reported,3500.0,8000.0,0.0,2500.0
Iran,2017/18,2017,country,reported,7000.0,10500.0,0.0,3500.0
Iran,2018/19,2018,country,reported,11500.0,14500.0,0.0,3000.0
Iran,2019/20,2019,country,reported,9000.0,11000.0,0.0,3000.0
Iran,2020/21,2020,country,reported,7500.0,11500.0,0.0,4000.0
Iran,2021/22,2021,country,reported,13500.0,17000.0,0.0,4000.0
Iran,2022/23,2022,country,reported,15000.0,14500.0,0.0,2000.0
Iran,2023/24,2023,country,reported,8500.0,9000.0,0.0,1000.0
Iran,2024/25,2024,country,provisional,16500.0,15000.0,1000.0,1500.0
Iraq,1990/91,1990,country,reported,,,0.0,
Iraq,1991/92,1991,country,reported,,,0.0,
Iraq,1992/93,1992,country,reported,,,0.0,
Iraq,1993/94,1993,country,reported,,,0.0,
Iraq,1994/95,1994,country,reported,,,0.0,
Iraq,1995/96,1995,country,reported,,,0.0,
Iraq,1996/97,1996,country,reported,,,0.0,
Iraq,1997/98,1997,country,reported,,,0.0,
Iraq,2008/09,2008,country,reported,,0.0,0.0,0.0
Iraq,2009/10,2009,country,reported,,8500.0,0.0,8500.0
Iraq,2010/11,2010,country,reported,,6000.0,0.0,6000.0
Iraq,2011/12,2011,country,reported,,6000.0,0.0,6000.0
Iraq,2012/13,2012,country,reported,,6000.0,0.0,6000.0
Iraq,2013/14,2013,country,reported,,6000.0,0.0,6000.0
Iraq,2014/15,2014,country,reported,,1500.0,0.0,1500.0
Iraq,2015/16,2015,country,reported,,1500.0,0.0,1500.0
Iraq,2016/17,2016,country,reported,,1500.0,0.0,1500.0
Iraq,2017/18,2017,country,reported,,1500.0,0.0,1500.0
Iraq,2018/19,2018,country,reported,,1500.0,0.0,1500.0
Iraq,2019/20,2019,country,reported,,1500.0,0.0,1500.0
Iraq,2020/21,2020,country,reported,,1000.0,0.0,1000.0
Iraq,2021/22,2021,country,reported,,1000.0,0.0,1000.0
Iraq,2022/23,2022,country,reported,0.0,1500.0,0.0,1500.0
Iraq,2023/24,2023,country,reported,0.0,2000.0,0.0,2000.0
Iraq,2024/25,2024,country,provisional,0.0,2000.0,0.0,2000.0
Ireland,1990/91,1990,country,reported,,500.0,0.0,0.0
Ireland,1991/92,1991,country,reported,,800.0,0.0,0.0
Ireland,1992/93,1992,country,reported,,900.0,0.0,0.0
Ireland,1993/94,1993,country,reported,,1000.0,0.0,0.0
Ireland,1994/95,1994,country,reported,,1000.0,0.0,0.0
Ireland,1995/96,1995,country,reported,,1300.0,0.0,0.0
Ireland,1996/97,1996,country,reported,,1400.0,0.0,0.0
Ireland,1997/98,1997,country,reported,,1500.0,0.0,0.0
Ireland,1998/99,1998,country,reported,,1600.0,0.0,0.0
Ireland,1999/00,1999,country,reported,,1400.0,0.0,0.0
Ireland,2000/01,2000,country,reported,,1600.0,0.0,0.0
Ireland,2001/02,2001,country,reported,,2200.0,0.0,0.0
Ireland,2002/03,2002,country,reported,,2400.0,0.0,0.0
Ireland,2003/04,2003,country,reported,,2300.0,0.0,0.0
Ireland,2004/05,2004,country,reported,,2000.0,0.0,0.0
Ireland,2005/06,2005,country,reported,,2700.0,0.0,0.0
Ireland,2006/07,2006,country,reported,,7800.0,0.0,900.0
Ireland,2007/08,2007,country,reported,,6100.0,0.0,0.0
Ireland,2008/09,2008,country,reported,,8000.0,200.0,0.0
Ireland,2009/10,2009,country,reported,,5700.0,0.0,0.0
Ireland,2010/11,2010,country,reported,,6300.0,0.0,0.0
Ireland,2011/12,2011,country,reported,,4800.0,0.0,0.0
Ireland,2012/13,2012,country,reported,,5800.0,0.0,0.0
Ireland,2013/14,2013,country,reported,,6400.0,0.0,0.0
Ireland,2014/15,2014,country,reported,,6100.0,0.0,0.0
Ireland,2015/16,2015,country,reported,,5600.0,0.0,0.0
Ireland,2016/17,2016,country,reported,,4500.0,0.0,0.0
Ireland,2017/18,2017,country,reported,,4500.0,0.0,0.0
Ireland,2018/19,2018,country,reported,,4000.0,0.0,0.0
Ireland,2019/20,2019,country,reported,,4800.0,0.0,0.0
Ireland,2020/21,2020,country,reported,,3700.0,100.0,500.0
Ireland,2021/22,2021,country,reported,,5100.0,200.0,1600.0
Ireland,2022/23,2022,country,reported,,4500.0,100.0,700.0
Ireland,2023/24,2023,country,reported,,4800.0,200.0,1000.0
Ireland,2024/25,2024,country,provisional,,5200.0,100.0,1300.0
Israel,1990/91,1990,country,reported,8000.0,6000.0,0.0,0.0
Israel,1991/92,1991,country,reported,2500.0,5000.0,0.0,1000.0
Israel,1992/93,1992,country,reported,7500.0,5000.0,500.0,0.0
Israel,1993/94,1993,country,reported,1500.0,4500.0,0.0,1000.0
Israel,1994/95,1994,country,reported,5500.0,7000.0,0.0,1500.0
Israel,1995/96,1995,country,reported,5000.0,7500.0,500.0,3500.0
Israel,1996/97,1996,country,reported,5500.0,7500.0,0.0,2000.0
Israel,1997/98,1997,country,reported,3000.0,6500.0,0.0,2500.0
Israel,2008/09,2008,country,reported,9000.0,17000.0,0.0,8000.0
Israel,2009/10,2009,country,reported,3500.0,16500.0,0.0,13000.0
Israel,2010/11,2010,country,reported,12500.0,17000.0,0.0,7500.0
Israel,2011/12,2011,country,reported,13000.0,15500.0,500.0,3000.0
Israel,2012/13,2012,country,reported,18000.0,19500.0,500.0,3000.0
Israel,2013/14,2013,country,reported,15000.0,20000.0,500.0,4500.0
Israel,2014/15,2014,country,reported,18500.0,20000.0,0.0,2500.0
Israel,2015/16,2015,country,reported,18000.0,20000.0,0.0,2000.0
Israel,2016/17,2016,country,reported,18000.0,21000.0,0.0,3000.0
Israel,2017/18,2017,country,reported,17000.0,21000.0,0.0,4000.0
Israel,2018/19,2018,country,reported,14000.0,25000.0,0.0,10500.0
Israel,2019/20,2019,country,reported,19000.0,28000.0,0.0,12500.0
Israel,2020/21,2020,country,reported,12000.0,25000.0,0.0,10000.0
Israel,2021/22,2021,country,reported,12000.0,24000.0,0.0,11000.0
Israel,2022/23,2022,country,reported,45000.0,31000.0,0.0,10500.0
Israel,2023/24,2023,country,reported,11000.0,33000.0,0.0,9500.0
Israel,2024/25,2024,country,provisional,15000.0,33500.0,0.0,10000.0
Italy,1990/91,1990,country,reported,163300.0,540000.0,66500.0,95700.0
Italy,1991/92,1991,country,reported,674500.0,630000.0,90100.0,90000.0
Italy,1992/93,1992,country,reported,435000.0,641000.0,90800.0,65500.0
Italy,1993/94,1993,country,reported,520000.0,692000.0,104800.0,91500.0
Italy,1994/95,1994,country,reported,448000.0,675000.0,105800.0,107500.0
Italy,1995/96,1995,country,reported,620000.0,653000.0,90500.0,46000.0
Italy,1996/97,1996,country,reported,370000.0,675000.0,129500.0,106600.0
Italy,1997/98,1997,country,reported,620000.0,698000.0,123500.0,89300.0
Italy,1998/99,1998,country,reported,403500.0,705000.0,125300.0,136300.0
Italy,1999/00,1999,country,reported,735000.0,714000.0,182700.0,101900.0
Italy,2000/01,2000,country,reported,509000.0,729000.0,173000.0,110800.0
Italy,2001/02,2001,country,reported,656700.0,735000.0,182900.0,40700.0
Italy,2002/03,2002,country,reported,634000.0,770000.0,176100.0,74300.0
Italy,2003/04,2003,country,reported,685000.0,785000.0,181500.0,180200.0
Italy,2004/05,2004,country,reported,879000.0,840000.0,191500.0,144000.0
Italy,2005/06,2005,country,reported,636500.0,848200.0,181700.0,135600.0
Italy,2006/07,2006,country,reported,490000.0,730000.0,185800.0,149300.0
Italy,2007/08,2007,country,reported,,705000.0,180200.0,116600.0
Italy,2008/09,2008,country,reported,540000.0,710000.0,176900.0,79500.0
Italy,2009/10,2009,country,reported,430000.0,675700.0,195100.0,56300.0
Italy,2010/11,2010,country,reported,440000.0,660000.0,223500.0,58000.0
Italy,2011/12,2011,country,reported,399200.0,610000.0,233200.0,73900.0
Italy,2012/13,2012,country,reported,415500.0,550000.0,217600.0,79200.0
Italy,2013/14,2013,country,reported,463700.0,641100.0,233300.0,26800.0
Italy,2014/15,2014,country,reported,222000.0,571700.0,199600.0,96000.0
Italy,2015/16,2015,country,reported,474600.0,598100.0,208100.0,40600.0
Italy,2016/17,2016,country,reported,182300.0,438900.0,199500.0,35900.0
Italy,2017/18,2017,country,reported,428900.0,580000.0,186400.0,64099.99999999999
Italy,2018/19,2018,country,reported,173600.0,417300.0,197000.0,48600.0
Italy,2019/20,2019,country,reported,366500.0,407600.0,214800.0,81800.0
Italy,2020/21,2020,country,reported,273500.0,421900.0,222600.0,51200.0
Italy,2021/22,2021,country,reported,329000.0,457100.0,234700.0,51500.0
Italy,2022/23,2022,country,reported,240900.0,433800.0,186600.0,64599.99999999999
Italy,2023/24,2023,country,reported,328500.0,411500.0,188800.0,68600.0
Italy,2024/25,2024,country,provisional,224000.0,395000.0,210500.0,95000.0
Japan,1990/91,1990,country,reported,,4000.0,,4000.0
Japan,1991/92,1991,country,reported,,4500.0,,4500.0
Japan,1992/93,1992,country,reported,,5000.0,,5000.0
Japan,1993/94,1993,country,reported,,6500.0,,6500.0
Japan,1994/95,1994,country,reported,,8500.0,,8500.0
Japan,1995/96,1995,country,reported,,16500.0,,16500.0
Japan,1996/97,1996,country,reported,,26000.0,,26000.0
Japan,1997/98,1997,country,reported,,34000.0,,34000.0
Japan,2008/09,2008,country,reported,,30000.0,,30000.0
Japan,2009/10,2009,country,reported,,40500.0,,40500.0
Japan,2010/11,2010,country,reported,,35500.0,,35500.0
Japan,2011/12,2011,country,reported,,43000.0,,43000.0
Japan,2012/13,2012,country,reported,,51000.0,,51000.0
Japan,2013/14,2013,country,reported,,54000.0,,54000.0
Japan,2014/15,2014,country,reported,,59000.0,,59000.0
Japan,2015/16,2015,country,reported,,53500.0,,53500.0
Japan,2016/17,2016,country,reported,,54500.0,,54500.0
Japan,2017/18,2017,country,reported,,55500.0,,55500.0
Japan,2018/19,2018,country,reported,,69000.0,,69000.0
Japan,2019/20,2019,country,reported,,69500.0,,69500.0
Japan,2020/21,2020,country,reported,,59000.0,,59000.0
Japan,2021/22,2021,country,reported,,62500.0,,62500.0
Japan,2022/23,2022,country,reported,,52000.0,,52000.0
Japan,2023/24,2023,country,reported,,45000.0,,45000.0
Japan,2024/25,2024,country,provisional,,58000.0,,58000.0
Jordan,1990/91,1990,country,reported,8000.0,9500.0,500.0,1000.0
Jordan,1991/92,1991,country,reported,5000.0,11500.0,1000.0,8500.0
Jordan,1992/93,1992,country,reported,14000.0,17000.0,1000.0,4000.0
Jordan,1993/94,1993,country,reported,12500.0,15500.0,1000.0,8000.0
Jordan,1994/95,1994,country,reported,13500.0,21500.0,500.0,7000.0
Jordan,1995/96,1995,country,reported,14000.0,16000.0,500.0,500.0
Jordan,1996/97,1996,country,reported,23000.0,22000.0,500.0,500.0
Jordan,1997/98,1997,country,reported,14000.0,19000.0,0.0,2000.0
Jordan,2008/09,2008,country,reported,18500.0,23500.0,1500.0,1500.0
Jordan,2009/10,2009,country,reported,17000.0,20000.0,2000.0,5000.0
Jordan,2010/11,2010,country,reported,27000.0,20000.0,1000.0,15000.0
Jordan,2011/12,2011,country,reported,19500.0,17000.0,1000.0,0.0
Jordan,2012/13,2012,country,reported,21500.0,20000.0,1500.0,0.0
Jordan,2013/14,2013,country,reported,19000.0,25000.0,9000.0,0.0
Jordan,2014/15,2014,country,reported,23000.0,22000.0,500.0,0.0
Jordan,2015/16,2015,country,reported,29500.0,29000.0,500.0,0.0
Jordan,2016/17,2016,country,reported,20000.0,19000.0,500.0,0.0
Jordan,2017/18,2017,country,reported,21000.0,22000.0,0.0,0.0
Jordan,2018/19,2018,country,reported,21000.0,21000.0,500.0,0.0
Jordan,2019/20,2019,country,reported,34500.0,34000.0,500.0,0.0
Jordan,2020/21,2020,country,reported,24500.0,21000.0,3500.0,0.0
Jordan,2021/22,2021,country,reported,23500.0,19500.0,4500.0,0.0
Jordan,2022/23,2022,country,reported,25500.0,22000.0,3500.0,0.0
Jordan,2023/24,2023,country,reported,25000.0,21000.0,4000.0,0.0
Jordan,2024/25,2024,country,provisional,27500.0,23500.0,4000.0,0.0
Latvia,2003/04,2003,country,reported,,600.0,0.0,0.0
Latvia,2004/05,2004,country,reported,,500.0,0.0,0.0
Latvia,2005/06,2005,country,reported,,500.0,0.0,0.0
Latvia,2006/07,2006,country,reported,,700.0,0.0,0.0
Latvia,2007/08,2007,country,reported,,1100.0,0.0,0.0
Latvia,2008/09,2008,country,reported,,1400.0,0.0,0.0
Latvia,2009/10,2009,country,reported,,1200.0,0.0,0.0
Latvia,2010/11,2010,country,reported,,1500.0,100.0,0.0
Latvia,2011/12,2011,country,reported,,1600.0,100.0,0.0
Latvia,2012/13,2012,country,reported,,1500.0,100.0,0.0
Latvia,2013/14,2013,country,reported,,1200.0,100.0,0.0
Latvia,2014/15,2014,country,reported,,600.0,100.0,0.0
Latvia,2015/16,2015,country,reported,,1600.0,100.0,0.0
Latvia,2016/17,2016,country,reported,,1500.0,100.0,0.0
Latvia,2017/18,2017,country,reported,,1100.0,100.0,0.0
Latvia,2018/19,2018,country,reported,,1200.0,200.0,0.0
Latvia,2019/20,2019,country,reported,,1300.0,300.0,0.0
Latvia,2020/21,2020,country,reported,,700.0,300.0,0.0
Latvia,2021/22,2021,country,reported,,1100.0,300.0,0.0
Latvia,2022/23,2022,country,reported,,800.0,300.0,0.0
Latvia,2023/24,2023,country,reported,,900.0,200.0,0.0
Latvia,2024/25,2024,country,provisional,,800.0,100.0,0.0
Lebanon,1990/91,1990,country,reported,6000.0,7500.0,0.0,1500.0
Lebanon,1991/92,1991,country,reported,5000.0,7000.0,0.0,3500.0
Lebanon,1992/93,1992,country,reported,8000.0,7000.0,500.0,500.0
Lebanon,1993/94,1993,country,reported,2000.0,6500.0,0.0,2000.0
Lebanon,1994/95,1994,country,reported,5000.0,7500.0,500.0,3000.0
Lebanon,1995/96,1995,country,reported,5000.0,7000.0,2000.0,4000.0
Lebanon,1996/97,1996,country,reported,6500.0,8000.0,1500.0,3500.0
Lebanon,1997/98,1997,country,reported,3500.0,8000.0,500.0,4000.0
Lebanon,2008/09,2008,country,reported,12000.0,20000.0,2500.0,2000.0
Lebanon,2009/10,2009,country,reported,9000.0,9500.0,3000.0,3000.0
Lebanon,2010/11,2010,country,reported,32000.0,20000.0,3000.0,0.0
Lebanon,2011/12,2011,country,reported,14000.0,20000.0,4000.0,2500.0
Lebanon,2012/13,2012,country,reported,14000.0,20000.0,4000.0,2500.0
Lebanon,2013/14,2013,country,reported,16500.0,18000.0,6000.0,4500.0
Lebanon,2014/15,2014,country,reported,21000.0,18000.0,7500.0,3500.0
Lebanon,2015/16,2015,country,reported,23000.0,18000.0,9500.0,4500.0
Lebanon,2016/17,2016,country,reported,25000.0,20000.0,8000.0,3500.0
Lebanon,2017/18,2017,country,reported,17000.0,20000.0,3000.0,5500.0
Lebanon,2018/19,2018,country,reported,17500.0,11000.0,6500.0,0.0
Lebanon,2019/20,2019,country,reported,14000.0,7500.0,6500.0,0.0
Lebanon,2020/21,2020,country,reported,14000.0,7500.0,6500.0,0.0
Lebanon,2021/22,2021,country,reported,18000.0,13500.0,4500.0,0.0
Lebanon,2022/23,2022,country,reported,30000.0,22000.0,8000.0,0.0
Lebanon,2023/24,2023,country,reported,16000.0,13000.0,3000.0,0.0
Lebanon,2024/25,2024,country,provisional,19000.0,14500.0,4500.0,0.0
Libya,1990/91,1990,country,reported,7000.0,13500.0,0.0,5000.0
Libya,1991/92,1991,country,reported,10000.0,19000.0,0.0,10000.0
Libya,1992/93,1992,country,reported,6000.0,9000.0,0.0,1000.0
Libya,1993/94,1993,country,reported,8000.0,9500.0,0.0,1500.0
Libya,1994/95,1994,country,reported,6500.0,8000.0,0.0,1500.0
Libya,1995/96,1995,country,reported,4000.0,5000.0,0.0,1000.0
Libya,1996/97,1996,country,reported,10000.0,10000.0,0.0,1000.0
Libya,1997/98,1997,country,reported,6000.0,7000.0,0.0,1000.0
Libya,2008/09,2008,country,reported,15000.0,15000.0,0.0,0.0
Libya,2009/10,2009,country,reported,15000.0,15000.0,0.0,0.0
Libya,2010/11,2010,country,reported,15000.0,15000.0,0.0,0.0
Libya,2011/12,2011,country,reported,15000.0,15000.0,0.0,0.0
Libya,2012/13,2012,country,reported,15000.0,15000.0,0.0,0.0
Libya,2013/14,2013,country,reported,18000.0,15000.0,2000.0,0.0
Libya,2014/15,2014,country,reported,15500.0,15500.0,0.0,0.0
Libya,2015/16,2015,country,reported,18000.0,18000.0,0.0,0.0
Libya,2016/17,2016,country,reported,16000.0,16500.0,0.0,0.0
Libya,2017/18,2017,country,reported,18000.0,18000.0,0.0,0.0
Libya,2018/19,2018,country,reported,16000.0,16500.0,0.0,0.0
Libya,2019/20,2019,country,reported,17000.0,17000.0,0.0,0.0
Libya,2020/21,2020,country,reported,16500.0,16000.0,0.0,0.0
Libya,2021/22,2021,country,reported,17000.0,17000.0,0.0,0.0
Libya,2022/23,2022,country,reported,15500.0,16000.0,0.0,0.0
Libya,2023/24,2023,country,reported,15500.0,15500.0,0.0,0.0
Libya,2024/25,2024,country,provisional,16000.0,15500.0,0.0,0.0
Lithuania,2003/04,2003,country,reported,,200.0,0.0,0.0
Lithuania,2004/05,2004,country,reported,,200.0,0.0,0.0
Lithuania,2005/06,2005,country,reported,,200.0,0.0,0.0
Lithuania,2006/07,2006,country,reported,,200.0,200.0,0.0
Lithuania,2007/08,2007,country,reported,,400.0,100.0,0.0
Lithuania,2008/09,2008,country,reported,,500.0,200.0,0.0
Lithuania,2009/10,2009,country,reported,,700.0,900.0,0.0
Lithuania,2010/11,2010,country,reported,,1000.0,600.0,0.0
Lithuania,2011/12,2011,country,reported,,800.0,800.0,0.0
Lithuania,2012/13,2012,country,reported,,1100.0,700.0,0.0
Lithuania,2013/14,2013,country,reported,,1200.0,700.0,0.0
Lithuania,2014/15,2014,country,reported,,1200.0,500.0,0.0
Lithuania,2015/16,2015,country,reported,,1100.0,900.0,0.0
Lithuania,2016/17,2016,country,reported,,800.0,900.0,0.0
Lithuania,2017/18,2017,country,reported,,700.0,1000.0,0.0
Lithuania,2018/19,2018,country,reported,,1000.0,1300.0,0.0
Lithuania,2019/20,2019,country,reported,,1500.0,1100.0,100.0
Lithuania,2020/21,2020,country,reported,,1200.0,1200.0,0.0
Lithuania,2021/22,2021,country,reported,,1000.0,1200.0,0.0
Lithuania,2022/23,2022,country,reported,,900.0,1000.0,0.0
Lithuania,2023/24,2023,country,reported,,2400.0,400.0,100.0
Lithuania,2024/25,2024,country,provisional,,2400.0,300.0,100.0
Luxembourg,2000/01,2000,country,reported,,700.0,0.0,0.0
Luxembourg,2001/02,2001,country,reported,,700.0,0.0,0.0
Luxembourg,2002/03,2002,country,reported,,700.0,0.0,0.0
Luxembourg,2003/04,2003,country,reported,,800.0,0.0,0.0
Luxembourg,2004/05,2004,country,reported,,900.0,0.0,0.0
Luxembourg,2005/06,2005,country,reported,,800.0,0.0,0.0
Luxembourg,2006/07,2006,country,reported,,900.0,0.0,0.0
Luxembourg,2007/08,2007,country,reported,,800.0,0.0,0.0
Luxembourg,2008/09,2008,country,reported,,900.0,0.0,0.0
Luxembourg,2009/10,2009,country,reported,,1100.0,0.0,0.0
Luxembourg,2010/11,2010,country,reported,,1200.0,0.0,0.0
Luxembourg,2011/12,2011,country,reported,,1400.0,0.0,0.0
Luxembourg,2012/13,2012,country,reported,,3000.0,0.0,0.0
Luxembourg,2013/14,2013,country,reported,,1800.0,0.0,0.0
Luxembourg,2014/15,2014,country,reported,,1700.0,0.0,0.0
Luxembourg,2015/16,2015,country,reported,,1600.0,0.0,0.0
Luxembourg,2016/17,2016,country,reported,,1500.0,0.0,0.0
Luxembourg,2017/18,2017,country,reported,,1500.0,0.0,0.0
Luxembourg,2018/19,2018,country,reported,,1500.0,0.0,0.0
Luxembourg,2019/20,2019,country,reported,,1700.0,0.0,0.0
Luxembourg,2020/21,2020,country,reported,,1600.0,0.0,0.0
Luxembourg,2021/22,2021,country,reported,,1700.0,0.0,0.0
Luxembourg,2022/23,2022,country,reported,,1600.0,0.0,0.0
Luxembourg,2023/24,2023,country,reported,,1600.0,0.0,0.0
Luxembourg,2024/25,2024,country,provisional,,1600.0,0.0,0.0
Malta,2003/04,2003,country,reported,,500.0,0.0,0.0
Malta,2004/05,2004,country,reported,,500.0,0.0,0.0
Malta,2005/06,2005,country,reported,,500.0,0.0,0.0
Malta,2006/07,2006,country,reported,,18800.0,0.0,0.0
Malta,2007/08,2007,country,reported,,500.0,0.0,0.0
Malta,2008/09,2008,country,reported,,600.0,0.0,0.0
Malta,2009/10,2009,country,reported,,700.0,0.0,0.0
Malta,2010/11,2010,country,reported,,600.0,0.0,0.0
Malta,2011/12,2011,country,reported,,700.0,0.0,0.0
Malta,2012/13,2012,country,reported,,700.0,0.0,0.0
Malta,2013/14,2013,country,reported,0.0,1300.0,0.0,0.0
Malta,2014/15,2014,country,reported,100.0,1000.0,0.0,0.0
Malta,2015/16,2015,country,reported,0.0,1000.0,0.0,0.0
Malta,2016/17,2016,country,reported,0.0,800.0,0.0,0.0
Malta,2017/18,2017,country,reported,0.0,800.0,0.0,0.0
Malta,2018/19,2018,country,reported,0.0,900.0,0.0,0.0
Malta,2019/20,2019,country,reported,0.0,1000.0,0.0,100.0
Malta,2020/21,2020,country,reported,0.0,1100.0,0.0,100.0
Malta,2021/22,2021,country,reported,0.0,1700.0,0.0,0.0
Malta,2022/23,2022,country,reported,0.0,800.0,0.0,0.0
Malta,2023/24,2023,country,reported,0.0,900.0,0.0,0.0
Malta,2024/25,2024,country,provisional,0.0,1000.0,0.0,100.0
Mexico,1990/91,1990,country,reported,2500.0,4000.0,0.0,1500.0
Mexico,1991/92,1991,country,reported,2000.0,4000.0,0.0,2000.0
Mexico,1992/93,1992,country,reported,2000.0,4000.0,0.0,2000.0
Mexico,1993/94,1993,country,reported,3000.0,5000.0,0.0,2000.0
Mexico,1994/95,1994,country,reported,2000.0,3000.0,0.0,1000.0
Mexico,1995/96,1995,country,reported,2000.0,3000.0,0.0,1000.0
Mexico,1996/97,1996,country,reported,2500.0,6000.0,0.0,3500.0
Mexico,1997/98,1997,country,reported,2000.0,4500.0,0.0,2500.0
Mexico,2008/09,2008,country,reported,0.0,9500.0,0.0,9500.0
Mexico,2009/10,2009,country,reported,0.0,9000.0,0.0,9000.0
Mexico,2010/11,2010,country,reported,0.0,10000.0,0.0,10000.0
Mexico,2011/12,2011,country,reported,0.0,11500.0,0.0,11500.0
Mexico,2012/13,2012,country,reported,0.0,14000.0,500.0,14500.0
Mexico,2013/14,2013,country,reported,0.0,14000.0,1500.0,15500.0
Mexico,2014/15,2014,country,reported,,15500.0,500.0,16000.0
Mexico,2015/16,2015,country,reported,,14500.0,500.0,15000.0
Mexico,2016/17,2016,country,reported,,14000.0,0.0,14000.0
Mexico,2017/18,2017,country,reported,,15000.0,0.0,15000.0
Mexico,2018/19,2018,country,reported,,15000.0,1500.0,16500.0
Mexico,2019/20,2019,country,reported,,17000.0,1500.0,20500.0
Mexico,2020/21,2020,country,reported,,19000.0,1500.0,21500.0
Mexico,2021/22,2021,country,reported,,22500.0,1000.0,23500.0
Mexico,2022/23,2022,country,reported,,18000.0,,18000.0
Mexico,2023/24,2023,country,reported,,13000.0,,13000.0
Mexico,2024/25,2024,country,provisional,,13000.0,,12000.0
Montenegro,1990/91,1990,country,reported,3500.0,6000.0,0.0,3000.0
Montenegro,1991/92,1991,country,reported,2000.0,3000.0,0.0,500.0
Montenegro,1992/93,1992,country,reported,1500.0,1500.0,0.0,0.0
Montenegro,1993/94,1993,country,reported,2000.0,2000.0,0.0,0.0
Montenegro,1994/95,1994,country,reported,2500.0,2500.0,0.0,0.0
Montenegro,1995/96,1995,country,reported,1500.0,1500.0,0.0,0.0
Montenegro,1996/97,1996,country,reported,500.0,500.0,0.0,0.0
Montenegro,1997/98,1997,country,reported,500.0,500.0,0.0,0.0
Montenegro,2008/09,2008,country,reported,500.0,500.0,0.0,0.0
Montenegro,2009/10,2009,country,reported,500.0,500.0,0.0,0.0
Montenegro,2010/11,2010,country,reported,500.0,500.0,0.0,0.0
Montenegro,2011/12,2011,country,reported,500.0,500.0,0.0,0.0
Montenegro,2012/13,2012,country,reported,500.0,500.0,0.0,0.0
Montenegro,2013/14,2013,country,reported,500.0,500.0,0.0,0.0
Montenegro,2014/15,2014,country,reported,500.0,500.0,0.0,0.0
Montenegro,2015/16,2015,country,reported,500.0,500.0,0.0,0.0
Montenegro,2016/17,2016,country,reported,500.0,500.0,0.0,0.0
Montenegro,2017/18,2017,country,reported,500.0,500.0,0.0,0.0
Montenegro,2018/19,2018,country,reported,500.0,500.0,0.0,0.0
Montenegro,2019/20,2019,country,reported,500.0,500.0,0.0,0.0
Montenegro,2020/21,2020,country,reported,500.0,500.0,0.0,0.0
Montenegro,2021/22,2021,country,reported,500.0,1000.0,0.0,500.0
Montenegro,2022/23,2022,country,reported,500.0,500.0,0.0,0.0
Montenegro,2023/24,2023,country,reported,500.0,500.0,0.0,0.0
Montenegro,2024/25,2024,country,provisional,500.0,500.0,0.0,0.0
Morocco,1990/91,1990,country,reported,36000.0,37000.0,1500.0,0.0
Morocco,1991/92,1991,country,reported,50000.0,49000.0,5000.0,1000.0
Morocco,1992/93,1992,country,reported,38000.0,40000.0,500.0,3000.0
Morocco,1993/94,1993,country,reported,40000.0,45500.0,0.0,2000.0
Morocco,1994/95,1994,country,reported,45000.0,43000.0,5000.0,2500.0
Morocco,1995/96,1995,country,reported,35000.0,25000.0,11500.0,500.0
Morocco,1996/97,1996,country,reported,110000.0,50000.0,35000.0,0.0
Morocco,1997/98,1997,country,reported,70000.0,55000.0,7500.0,0.0
Morocco,2008/09,2008,country,reported,85000.0,70000.0,3000.0,15000.0
Morocco,2009/10,2009,country,reported,140000.0,90000.0,21000.0,0.0
Morocco,2010/11,2010,country,reported,130000.0,100000.0,30500.0,4000.0
Morocco,2011/12,2011,country,reported,120000.0,122000.0,11000.0,0.0
Morocco,2012/13,2012,country,reported,100000.0,129000.0,10000.0,16000.0
Morocco,2013/14,2013,country,reported,130000.0,120000.0,9500.0,9500.0
Morocco,2014/15,2014,country,reported,120000.0,120000.0,25000.0,8000.0
Morocco,2015/16,2015,country,reported,130000.0,120000.0,17000.0,9000.0
Morocco,2016/17,2016,country,reported,110000.0,120000.0,9000.0,7000.0
Morocco,2017/18,2017,country,reported,140000.0,120000.0,11000.0,12000.0
Morocco,2018/19,2018,country,reported,200000.0,150000.0,28000.0,5500.0
Morocco,2019/20,2019,country,reported,145000.0,140000.0,10500.0,6500.0
Morocco,2020/21,2020,country,reported,160000.0,140000.0,10000.0,7500.0
Morocco,2021/22,2021,country,reported,190000.0,170000.0,14500.0,5000.0
Morocco,2022/23,2022,country,reported,107000.0,150000.0,7000.0,12000.0
Morocco,2023/24,2023,country,reported,106000.0,140000.0,8000.0,2500.0
Morocco,2024/25,2024,country,provisional,90000.0,140000.0,3000.0,30000.0
Netherlands,1990/91,1990,country,reported,,1000.0,100.0,100.0
Netherlands,1991/92,1991,country,reported,,1500.0,100.0,100.0
Netherlands,1992/93,1992,country,reported,,2000.0,100.0,100.0
Netherlands,1993/94,1993,country,reported,,3200.0,100.0,100.0
Netherlands,1994/95,1994,country,reported,,3900.0,100.0,300.0
Netherlands,1995/96,1995,country,reported,,2300.0,200.0,200.0
Netherlands,1996/97,1996,country,reported,,3500.0,100.0,300.0
Netherlands,1997/98,1997,country,reported,,4000.0,100.0,0.0
Netherlands,1998/99,1998,country,reported,,5900.0,100.0,200.0
Netherlands,1999/00,1999,country,reported,,3900.0,100.0,100.0
Netherlands,2000/01,2000,country,reported,,5800.0,0.0,200.0
Netherlands,2001/02,2001,country,reported,,9100.0,0.0,0.0
Netherlands,2002/03,2002,country,reported,,9300.0,0.0,100.0
Netherlands,2003/04,2003,country,reported,,11100.0,0.0,200.0
Netherlands,2004/05,2004,country,reported,,13400.0,0.0,200.0
Netherlands,2005/06,2005,country,reported,,14200.0,0.0,200.0
Netherlands,2006/07,2006,country,reported,,16100.000000000002,0.0,400.0
Netherlands,2007/08,2007,country,reported,,12800.0,100.0,300.0
Netherlands,2008/09,2008,country,reported,,11700.0,200.0,200.0
Netherlands,2009/10,2009,country,reported,,27200.0,600.0,600.0
Netherlands,2010/11,2010,country,reported,,16300.0,600.0,800.0
Netherlands,2011/12,2011,country,reported,,14600.0,700.0,0.0
Netherlands,2012/13,2012,country,reported,,14400.0,900.0,700.0
Netherlands,2013/14,2013,country,reported,,13900.0,900.0,700.0
Netherlands,2014/15,2014,country,reported,,13300.0,1000.0,800.0
Netherlands,2015/16,2015,country,reported,,14600.0,1000.0,900.0
Netherlands,2016/17,2016,country,reported,,15500.0,1200.0,900.0
Netherlands,2017/18,2017,country,reported,,13700.0,1100.0,900.0
Netherlands,2018/19,2018,country,reported,,18300.0,1800.0,1100.0
Netherlands,2019/20,2019,country,reported,,20100.0,1500.0,1300.0
Netherlands,2020/21,2020,country,reported,,21000.0,1700.0,1500.0
Netherlands,2021/22,2021,country,reported,,18200.0,1900.0,1200.0
Netherlands,2022/23,2022,country,reported,,17000.0,1300.0,500.0
Netherlands,2023/24,2023,country,reported,,22100.0,1200.0,700.0
Netherlands,2024/25,2024,country,provisional,,22100.0,1000.0,600.0
Norway,2008/09,2008,country,reported,,3000.0,,3000.0
Norway,2009/10,2009,country,reported,,3500.0,,3500.0
Norway,2010/11,2010,country,reported,,3000.0,,3000.0
Norway,2011/12,2011,country,reported,,3000.0,,3000.0
Norway,2012/13,2012,country,reported,,3500.0,,3500.0
Norway,2013/14,2013,country,reported,,4000.0,,4000.0
Norway,2014/15,2014,country,reported,,4000.0,,4000.0
Norway,2015/16,2015,country,reported,,4000.0,,4000.0
Norway,2016/17,2016,country,reported,,4000.0,,4000.0
Norway,2017/18,2017,country,reported,,4000.0,,4000.0
Norway,2018/19,2018,country,reported,,4000.0,,4000.0
Norway,2019/20,2019,country,reported,,4500.0,,4500.0
Norway,2020/21,2020,country,reported,,4000.0,,4000.0
Norway,2021/22,2021,country,reported,,5000.0,,5000.0
Norway,2022/23,2022,country,reported,,4000.0,,4000.0
Norway,2023/24,2023,country,reported,,4000.0,,4000.0
Norway,2024/25,2024,country,provisional,,4000.0,,4000.0
Palestine,1992/93,1992,country,reported,31000.0,10000.0,11000.0,0.0
Palestine,1993/94,1993,country,reported,1000.0,8000.0,1000.0,0.0
Palestine,1994/95,1994,country,reported,8000.0,5000.0,4500.0,500.0
Palestine,1995/96,1995,country,reported,12000.0,7000.0,3500.0,0.0
Palestine,1996/97,1996,country,reported,12000.0,6500.0,4000.0,0.0
Palestine,1997/98,1997,country,reported,9000.0,5500.0,5000.0,0.0
Palestine,2008/09,2008,country,reported,20000.0,14000.0,3000.0,0.0
Palestine,2009/10,2009,country,reported,5500.0,8000.0,500.0,500.0
Palestine,2010/11,2010,country,reported,25000.0,16000.0,4000.0,0.0
Palestine,2011/12,2011,country,reported,15500.0,13500.0,3500.0,0.0
Palestine,2012/13,2012,country,reported,15500.0,13500.0,3500.0,0.0
Palestine,2013/14,2013,country,reported,17500.0,15000.0,4000.0,0.0
Palestine,2014/15,2014,country,reported,24500.0,17000.0,6500.0,0.0
Palestine,2015/16,2015,country,reported,21000.0,17000.0,4500.0,0.0
Palestine,2016/17,2016,country,reported,20000.0,15000.0,6500.0,0.0
Palestine,2017/18,2017,country,reported,19500.0,15000.0,4500.0,0.0
Palestine,2018/19,2018,country,reported,15000.0,12500.0,2500.0,0.0
Palestine,2019/20,2019,country,reported,39500.0,17000.0,8000.0,0.0
Palestine,2020/21,2020,country,reported,14500.0,16000.0,6000.0,0.0
Palestine,2021/22,2021,country,reported,14500.0,17000.0,7500.0,0.0
Palestine,2022/23,2022,country,reported,36000.0,17000.0,8500.0,0.0
Palestine,2023/24,2023,country,reported,10500.0,15000.0,3500.0,0.0
Palestine,2024/25,2024,country,provisional,22000.0,16500.0,4000.0,0.0
Poland,2003/04,2003,country,reported,,3200.0,300.0,0.0
Poland,2004/05,2004,country,reported,,3300.0,100.0,0.0
Poland,2005/06,2005,country,reported,,3200.0,0.0,0.0
Poland,2006/07,2006,country,reported,,3400.0,200.0,0.0
Poland,2007/08,2007,country,reported,,3500.0,100.0,0.0
Poland,2008/09,2008,country,reported,,5100.0,0.0,0.0
Poland,2009/10,2009,country,reported,,3500.0,200.0,0.0
Poland,2010/11,2010,country,reported,,9600.0,200.0,0.0
Poland,2011/12,2011,country,reported,,10400.0,200.0,0.0
Poland,2012/13,2012,country,reported,,7900.0,700.0,0.0
Poland,2013/14,2013,country,reported,,8000.0,1000.0,0.0
Poland,2014/15,2014,country,reported,,7800.0,600.0,0.0
Poland,2015/16,2015,country,reported,,7400.0,700.0,0.0
Poland,2016/17,2016,country,reported,,6700.0,1100.0,0.0
Poland,2017/18,2017,country,reported,,8200.0,700.0,0.0
Poland,2018/19,2018,country,reported,,9600.0,700.0,0.0
Poland,2019/20,2019,country,reported,,12200.0,1200.0,0.0
Poland,2020/21,2020,country,reported,,11200.0,1200.0,0.0
Poland,2021/22,2021,country,reported,,17300.0,1600.0,0.0
Poland,2022/23,2022,country,reported,,14000.0,1400.0,0.0
Poland,2023/24,2023,country,reported,,11300.0,700.0,0.0
Poland,2024/25,2024,country,provisional,,11000.0,800.0,0.0
Portugal,1990/91,1990,country,reported,20000.0,27000.0,6400.0,0.0
Portugal,1991/92,1991,country,reported,62000.0,45000.0,6100.0,0.0
Portugal,1992/93,1992,country,reported,22000.0,49900.0,7500.0,900.0
Portugal,1993/94,1993,country,reported,32100.0,59000.0,10500.0,4400.0
Portugal,1994/95,1994,country,reported,32200.000000000004,58000.0,13100.0,8200.0
Portugal,1995/96,1995,country,reported,43700.0,58400.0,11800.0,1700.0
Portugal,1996/97,1996,country,reported,44800.0,62000.0,17000.0,1700.0
Portugal,1997/98,1997,country,reported,42000.0,69300.0,17400.0,200.0
Portugal,1998/99,1998,country,reported,35100.0,66100.0,12400.0,7000.0
Portugal,1999/00,1999,country,reported,50200.0,66500.0,17500.0,1400.0
Portugal,2000/01,2000,country,reported,24600.0,60500.0,17300.0,0.0
Portugal,2001/02,2001,country,reported,33700.0,61500.0,16200.0,0.0
Portugal,2002/03,2002,country,reported,28900.0,64900.00000000001,13100.0,200.0
Portugal,2003/04,2003,country,reported,31200.0,67000.0,15900.0,1400.0
Portugal,2004/05,2004,country,reported,41200.0,74500.0,16600.0,1800.0
Portugal,2005/06,2005,country,reported,29100.0,71600.0,16700.0,3200.0
Portugal,2006/07,2006,country,reported,47500.0,76800.0,23200.0,2200.0
Portugal,2007/08,2007,country,reported,,75800.0,29000.0,100.0
Portugal,2008/09,2008,country,reported,53400.0,87500.0,30700.0,100.0
Portugal,2009/10,2009,country,reported,62500.0,87800.0,35800.0,1100.0
Portugal,2010/11,2010,country,reported,62900.0,82000.0,42700.0,0.0
Portugal,2011/12,2011,country,reported,76200.0,78000.0,51500.0,100.0
Portugal,2012/13,2012,country,reported,59200.0,74000.0,50500.0,8100.0
Portugal,2013/14,2013,country,reported,91600.0,75000.0,53800.0,2100.0
Portugal,2014/15,2014,country,reported,61000.0,70000.0,47600.0,9400.0
Portugal,2015/16,2015,country,reported,109100.0,70000.0,40500.0,900.0
Portugal,2016/17,2016,country,reported,69400.0,70000.0,39500.0,1900.0
Portugal,2017/18,2017,country,reported,134800.0,75000.0,58300.0,4000.0
Portugal,2018/19,2018,country,reported,100300.0,54400.0,64900.00000000001,700.0
Portugal,2019/20,2019,country,reported,140500.0,71600.0,80200.0,2300.0
Portugal,2020/21,2020,country,reported,100000.0,61800.0,76100.0,400.0
Portugal,2021/22,2021,country,reported,206200.0,59300.0,72700.0,0.0
Portugal,2022/23,2022,country,reported,126000.0,39100.0,59000.0,2300.0
Portugal,2023/24,2023,country,reported,160900.0,60900.0,55100.0,11500.0
Portugal,2024/25,2024,country,provisional,195000.0,72400.0,60000.0,13700.0
Romania,2006/07,2006,country,reported,,2000.0,,0.0
Romania,2007/08,2007,country,reported,,2700.0,0.0,100.0
Romania,2008/09,2008,country,reported,,1500.0,0.0,0.0
Romania,2009/10,2009,country,reported,,3200.0,0.0,0.0
Romania,2010/11,2010,country,reported,,5700.0,0.0,0.0
Romania,2011/12,2011,country,reported,,3700.0,100.0,0.0
Romania,2012/13,2012,country,reported,,3500.0,0.0,0.0
Romania,2013/14,2013,country,reported,,3600.0,0.0,0.0
Romania,2014/15,2014,country,reported,,3200.0,0.0,0.0
Romania,2015/16,2015,country,reported,,3600.0,0.0,0.0
Romania,2016/17,2016,country,reported,,3100.0,0.0,0.0
Romania,2017/18,2017,country,reported,,3700.0,0.0,0.0
Romania,2018/19,2018,country,reported,,3900.0,0.0,0.0
Romania,2019/20,2019,country,reported,,5100.0,0.0,100.0
Romania,2020/21,2020,country,reported,,5900.0,0.0,100.0
Romania,2021/22,2021,country,reported,,4900.0,100.0,100.0
Romania,2022/23,2022,country,reported,,5000.0,100.0,0.0
Romania,2023/24,2023,country,reported,,5300.0,0.0,100.0
Romania,2024/25,2024,country,provisional,,5200.0,0.0,100.0
Russia,1990/91,1990,country,reported,,5000.0,,5000.0
Russia,1991/92,1991,country,reported,,9000.0,,9000.0
Russia,1992/93,1992,country,reported,,5000.0,,5000.0
Russia,1993/94,1993,country,reported,,6000.0,,6000.0
Russia,1994/95,1994,country,reported,,5500.0,,5500.0
Russia,1995/96,1995,country,reported,,1000.0,,1000.0
Russia,1996/97,1996,country,reported,,1500.0,,1500.0
Russia,1997/98,1997,country,reported,,1500.0,,1500.0
Russia,2008/09,2008,country,reported,,15000.0,,15000.0
Russia,2009/10,2009,country,reported,,22000.0,,22000.0
Russia,2010/11,2010,country,reported,,21000.0,,21000.0
Russia,2011/12,2011,country,reported,,24000.0,,24000.0
Russia,2012/13,2012,country,reported,,27000.0,,27000.0
Russia,2013/14,2013,country,reported,,30000.0,,30000.0
Russia,2014/15,2014,country,reported,,19000.0,,19000.0
Russia,2015/16,2015,country,reported,,19500.0,,19500.0
Russia,2016/17,2016,country,reported,,19500.0,,19500.0
Russia,2017/18,2017,country,reported,,20500.0,,20500.0
Russia,2018/19,2018,country,reported,,24000.0,,24000.0
Russia,2019/20,2019,country,reported,,27000.0,,27000.0
Russia,2020/21,2020,country,reported,,32000.0,,32000.0
Russia,2021/22,2021,country,reported,,19500.0,,19500.0
Russia,2022/23,2022,country,reported,,12000.0,,12000.0
Russia,2023/24,2023,country,reported,,10000.0,,10000.0
Russia,2024/25,2024,country,provisional,,16000.0,,16000.0
Saudi Arabia,1990/91,1990,country,reported,,6500.0,0.0,6500.0
Saudi Arabia,1991/92,1991,country,reported,,7000.0,0.0,7000.0
Saudi Arabia,1992/93,1992,country,reported,,7000.0,0.0,7000.0
Saudi Arabia,1993/94,1993,country,reported,,5000.0,0.0,5000.0
Saudi Arabia,1994/95,1994,country,reported,,5000.0,0.0,5000.0
Saudi Arabia,1995/96,1995,country,reported,,4000.0,0.0,4000.0
Saudi Arabia,1996/97,1996,country,reported,,5000.0,0.0,5000.0
Saudi Arabia,1997/98,1997,country,reported,,5000.0,0.0,5000.0
Saudi Arabia,2008/09,2008,country,reported,3000.0,6500.0,500.0,5500.0
Saudi Arabia,2009/10,2009,country,reported,3000.0,6500.0,500.0,5500.0
Saudi Arabia,2010/11,2010,country,reported,3000.0,15000.0,500.0,13500.0
Saudi Arabia,2011/12,2011,country,reported,3000.0,16000.0,500.0,13500.0
Saudi Arabia,2012/13,2012,country,reported,3000.0,21000.0,500.0,19500.0
Saudi Arabia,2013/14,2013,country,reported,3000.0,22000.0,500.0,20000.0
Saudi Arabia,2014/15,2014,country,reported,3000.0,25000.0,500.0,22000.0
Saudi Arabia,2015/16,2015,country,reported,3000.0,25000.0,500.0,22000.0
Saudi Arabia,2016/17,2016,country,reported,3000.0,28000.0,500.0,23000.0
Saudi Arabia,2017/18,2017,country,reported,3000.0,33500.0,500.0,33500.0
Saudi Arabia,2018/19,2018,country,reported,3000.0,37500.0,500.0,34500.0
Saudi Arabia,2019/20,2019,country,reported,3000.0,41500.0,0.0,38500.0
Saudi Arabia,2020/21,2020,country,reported,3000.0,33000.0,500.0,28000.0
Saudi Arabia,2021/22,2021,country,reported,5000.0,36500.0,500.0,35500.0
Saudi Arabia,2022/23,2022,country,reported,29500.0,66000.0,0.0,37000.0
Saudi Arabia,2023/24,2023,country,reported,32000.0,66500.0,500.0,35000.0
Saudi Arabia,2024/25,2024,country,provisional,33500.0,70000.0,500.0,37000.0
Slovakia,2003/04,2003,country,reported,,300.0,0.0,0.0
Slovakia,2004/05,2004,country,reported,,900.0,0.0,0.0
Slovakia,2005/06,2005,country,reported,,500.0,0.0,0.0
Slovakia,2006/07,2006,country,reported,,700.0,0.0,0.0
Slovakia,2007/08,2007,country,reported,,900.0,0.0,0.0
Slovakia,2008/09,2008,country,reported,,1100.0,0.0,0.0
Slovakia,2009/10,2009,country,reported,,1200.0,0.0,0.0
Slovakia,2010/11,2010,country,reported,,1800.0,0.0,0.0
Slovakia,2011/12,2011,country,reported,,1800.0,0.0,0.0
Slovakia,2012/13,2012,country,reported,,1600.0,0.0,0.0
Slovakia,2013/14,2013,country,reported,,1700.0,0.0,0.0
Slovakia,2014/15,2014,country,reported,,1600.0,0.0,0.0
Slovakia,2015/16,2015,country,reported,,1800.0,0.0,0.0
Slovakia,2016/17,2016,country,reported,,1600.0,0.0,0.0
Slovakia,2017/18,2017,country,reported,,1600.0,0.0,0.0
Slovakia,2018/19,2018,country,reported,,2000.0,0.0,0.0
Slovakia,2019/20,2019,country,reported,,2100.0,0.0,0.0
Slovakia,2020/21,2020,country,reported,,2900.0,0.0,0.0
Slovakia,2021/22,2021,country,reported,,1800.0,0.0,0.0
Slovakia,2022/23,2022,country,reported,,2000.0,0.0,0.0
Slovakia,2023/24,2023,country,reported,,1600.0,0.0,0.0
Slovakia,2024/25,2024,country,provisional,,1500.0,0.0,0.0
Slovenia,2003/04,2003,country,reported,200.0,2000.0,0.0,100.0
Slovenia,2004/05,2004,country,reported,0.0,1100.0,0.0,100.0
Slovenia,2005/06,2005,country,reported,500.0,1500.0,0.0,100.0
Slovenia,2006/07,2006,country,reported,300.0,1500.0,0.0,100.0
Slovenia,2007/08,2007,country,reported,,1700.0,100.0,100.0
Slovenia,2008/09,2008,country,reported,500.0,1800.0,0.0,100.0
Slovenia,2009/10,2009,country,reported,700.0,2000.0,0.0,100.0
Slovenia,2010/11,2010,country,reported,700.0,2100.0,100.0,0.0
Slovenia,2011/12,2011,country,reported,500.0,1900.0,100.0,0.0
Slovenia,2012/13,2012,country,reported,200.0,1900.0,0.0,0.0
Slovenia,2013/14,2013,country,reported,600.0,2300.0,0.0,0.0
Slovenia,2014/15,2014,country,reported,200.0,2000.0,0.0,0.0
Slovenia,2015/16,2015,country,reported,500.0,2000.0,100.0,0.0
Slovenia,2016/17,2016,country,reported,400.0,2100.0,200.0,0.0
Slovenia,2017/18,2017,country,reported,400.0,2000.0,0.0,0.0
Slovenia,2018/19,2018,country,reported,900.0,2400.0,0.0,100.0
Slovenia,2019/20,2019,country,reported,300.0,2500.0,100.0,0.0
Slovenia,2020/21,2020,country,reported,900.0,2800.0,100.0,0.0
Slovenia,2021/22,2021,country,reported,300.0,2200.0,100.0,0.0
Slovenia,2022/23,2022,country,reported,700.0,2300.0,300.0,0.0
Slovenia,2023/24,2023,country,reported,500.0,2600.0,100.0,100.0
Slovenia,2024/25,2024,country,provisional,600.0,2600.0,100.0,0.0
Spain,1990/91,1990,country,reported,639400.0,394100.0,65800.0,26700.0
Spain,1991/92,1991,country,reported,593000.0,418700.0,62800.0,31000.0
Spain,1992/93,1992,country,reported,623100.0,421400.0,51600.0,13100.0
Spain,1993/94,1993,country,reported,550900.0,421000.0,54600.0,54000.0
Spain,1994/95,1994,country,reported,538800.0,420000.0,54000.0,61600.0
Spain,1995/96,1995,country,reported,337600.0,352100.0,48800.0,24000.0
Spain,1996/97,1996,country,reported,947300.0,470200.0,66700.0,35500.0
Spain,1997/98,1997,country,reported,1077000.0,550400.0,76200.0,28000.0
Spain,1998/99,1998,country,reported,791900.0,528500.0,63600.0,81500.0
Spain,1999/00,1999,country,reported,669100.0,502600.0,87700.0,13200.0
Spain,2000/01,2000,country,reported,973700.0,580800.0,88300.0,15800.0
Spain,2001/02,2001,country,reported,1411400.0,631200.0,112500.0,1600.0
Spain,2002/03,2002,country,reported,861100.0,591300.0,107000.0,18200.0
Spain,2003/04,2003,country,reported,1412000.0,613900.0,114200.0,49400.0
Spain,2004/05,2004,country,reported,989800.0,615700.0,110900.0,39200.0
Spain,2005/06,2005,country,reported,826900.0,477800.0,99000.0,48000.0
Spain,2006/07,2006,country,reported,1111400.0,538700.0,124800.0,67900.0
Spain,2007/08,2007,country,reported,1236100.0,546300.0,133900.0,40300.0
Spain,2008/09,2008,country,reported,1030000.0,533600.0,153400.0,10800.0
Spain,2009/10,2009,country,reported,1401500.0,539400.0,196500.0,13700.0
Spain,2010/11,2010,country,reported,1391900.0,554200.0,196200.0,14700.0
Spain,2011/12,2011,country,reported,1615000.0,574000.0,248000.0,14200.0
Spain,2012/13,2012,country,reported,618200.0,486900.0,197600.0,54700.0
Spain,2013/14,2013,country,reported,1781500.0,524800.0,289700.0,14400.0
Spain,2014/15,2014,country,reported,842200.0,492200.0,236800.0,104700.0
Spain,2015/16,2015,country,reported,1403300.0,494500.0,297800.0,47300.0
Spain,2016/17,2016,country,reported,1290600.0,442900.0,291200.0,41000.0
Spain,2017/18,2017,country,reported,1262200.0,478100.0,292000.0,99400.0
Spain,2018/19,2018,country,reported,1789900.0,525700.0,355800.0,84000.0
Spain,2019/20,2019,country,reported,1125300.0,518600.0,420700.0,151900.0
Spain,2020/21,2020,country,reported,1389000.0,541100.0,464600.0,100700.0
Spain,2021/22,2021,country,reported,1493000.0,579900.0,468100.0,85600.0
Spain,2022/23,2022,country,reported,665800.0,363200.0,316500.0,97800.0
Spain,2023/24,2023,country,reported,854000.0,402300.0,332400.0,108600.0
Spain,2024/25,2024,country,provisional,1289900.0,460000.0,415500.0,92800.0
Sweden,1994/95,1994,country,reported,,1000.0,0.0,100.0
Sweden,1995/96,1995,country,reported,,1200.0,0.0,0.0
Sweden,1996/97,1996,country,reported,,2200.0,0.0,0.0
Sweden,1997/98,1997,country,reported,,2700.0,0.0,0.0
Sweden,1998/99,1998,country,reported,,2900.0,0.0,0.0
Sweden,1999/00,1999,country,reported,,2800.0,0.0,0.0
Sweden,2000/01,2000,country,reported,,4700.0,0.0,0.0
Sweden,2001/02,2001,country,reported,,5300.0,0.0,0.0
Sweden,2002/03,2002,country,reported,,5300.0,200.0,0.0
Sweden,2003/04,2003,country,reported,,3800.0,100.0,0.0
Sweden,2004/05,2004,country,reported,,4300.0,100.0,0.0
Sweden,2005/06,2005,country,reported,,4300.0,100.0,0.0
Sweden,2006/07,2006,country,reported,,6700.0,100.0,0.0
Sweden,2007/08,2007,country,reported,,6400.0,100.0,100.0
Sweden,2008/09,2008,country,reported,,7200.0,100.0,200.0
Sweden,2009/10,2009,country,reported,,7400.0,100.0,100.0
Sweden,2010/11,2010,country,reported,,8100.0,0.0,0.0
Sweden,2011/12,2011,country,reported,,8400.0,100.0,0.0
Sweden,2012/13,2012,country,reported,,8300.0,100.0,0.0
Sweden,2013/14,2013,country,reported,,10000.0,100.0,100.0
Sweden,2014/15,2014,country,reported,,9700.0,100.0,200.0
Sweden,2015/16,2015,country,reported,,10600.0,100.0,100.0
Sweden,2016/17,2016,country,reported,,9600.0,200.0,200.0
Sweden,2017/18,2017,country,reported,,9600.0,100.0,200.0
Sweden,2018/19,2018,country,reported,,10000.0,0.0,200.0
Sweden,2019/20,2019,country,reported,,12500.0,0.0,400.0
Sweden,2020/21,2020,country,reported,,13200.0,100.0,300.0
Sweden,2021/22,2021,country,reported,,11900.0,0.0,200.0
Sweden,2022/23,2022,country,reported,,10800.0,0.0,200.0
Sweden,2023/24,2023,country,reported,,10400.0,100.0,200.0
Sweden,2024/25,2024,country,provisional,,10400.0,0.0,300.0
Switzerland,1990/91,1990,country,reported,,3000.0,0.0,3000.0
Switzerland,1991/92,1991,country,reported,,3000.0,0.0,3000.0
Switzerland,1992/93,1992,country,reported,,3000.0,0.0,3000.0
Switzerland,1993/94,1993,country,reported,,3000.0,0.0,3000.0
Switzerland,1994/95,1994,country,reported,,4000.0,0.0,4000.0
Switzerland,1995/96,1995,country,reported,,3500.0,0.0,3500.0
Switzerland,1996/97,1996,country,reported,,3500.0,1500.0,5000.0
Switzerland,1997/98,1997,country,reported,,5500.0,0.0,5500.0
Switzerland,2008/09,2008,country,reported,,6000.0,0.0,6000.0
Switzerland,2009/10,2009,country,reported,,13000.0,,13000.0
Switzerland,2010/11,2010,country,reported,,13000.0,,13000.0
Switzerland,2011/12,2011,country,reported,,13500.0,,13500.0
Switzerland,2012/13,2012,country,reported,,13500.0,,13500.0
Switzerland,2013/14,2013,country,reported,,13500.0,,13500.0
Switzerland,2014/15,2014,country,reported,,14000.0,,14000.0
Switzerland,2015/16,2015,country,reported,,14500.0,,14500.0
Switzerland,2016/17,2016,country,reported,,14500.0,,14500.0
Switzerland,2017/18,2017,country,reported,,14500.0,,14500.0
Switzerland,2018/19,2018,country,reported,,15000.0,,15000.0
Switzerland,2019/20,2019,country,reported,,18000.0,,18000.0
Switzerland,2020/21,2020,country,reported,,18000.0,,18000.0
Switzerland,2021/22,2021,country,reported,,17500.0,,17500.0
Switzerland,2022/23,2022,country,reported,,16000.0,,16000.0
Switzerland,2023/24,2023,country,reported,,9500.0,,9500.0
Switzerland,2024/25,2024,country,provisional,,10000.0,,12500.0
Syria,1990/91,1990,country,reported,83000.0,62000.0,0.0,0.0
Syria,1991/92,1991,country,reported,42000.0,66000.0,0.0,0.0
Syria,1992/93,1992,country,reported,86000.0,67000.0,0.0,0.0
Syria,1993/94,1993,country,reported,65000.0,69000.0,0.0,0.0
Syria,1994/95,1994,country,reported,90000.0,78000.0,5000.0,0.0
Syria,1995/96,1995,country,reported,76000.0,78000.0,11000.0,0.0
Syria,1996/97,1996,country,reported,125000.0,85000.0,6000.0,0.0
Syria,1997/98,1997,country,reported,70000.0,95000.0,3000.0,0.0
Syria,2008/09,2008,country,reported,130000.0,110000.0,15000.0,5000.0
Syria,2009/10,2009,country,reported,150000.0,120500.0,18000.0,0.0
Syria,2010/11,2010,country,reported,180000.0,130500.0,23000.0,0.0
Syria,2011/12,2011,country,reported,198000.0,135500.0,25000.0,0.0
Syria,2012/13,2012,country,reported,175000.0,160500.0,30000.0,0.0
Syria,2013/14,2013,country,reported,180000.0,170500.0,10000.0,0.0
Syria,2014/15,2014,country,reported,105000.0,126000.0,0.0,
Syria,2015/16,2015,country,reported,110000.0,104000.0,6000.0,0.0
Syria,2016/17,2016,country,reported,110000.0,98000.0,12000.0,0.0
Syria,2017/18,2017,country,reported,100000.0,80000.0,20000.0,0.0
Syria,2018/19,2018,country,reported,154000.0,136000.0,18000.0,0.0
Syria,2019/20,2019,country,reported,118000.0,103500.0,15000.0,500.0
Syria,2020/21,2020,country,reported,143000.0,124500.0,18500.0,0.0
Syria,2021/22,2021,country,reported,105000.0,81500.0,23500.0,0.0
Syria,2022/23,2022,country,reported,134000.0,62500.0,41000.0,0.0
Syria,2023/24,2023,country,reported,80000.0,51000.0,48000.0,0.0
Syria,2024/25,2024,country,provisional,105000.0,58500.0,38000.0,0.0
Taiwan,1997/98,1997,country,reported,,4500.0,,4500.0
Taiwan,2008/09,2008,country,reported,,3000.0,,3000.0
Taiwan,2009/10,2009,country,reported,,4000.0,,4000.0
Taiwan,2010/11,2010,country,reported,,5000.0,,5000.0
Taiwan,2011/12,2011,country,reported,,5000.0,,5000.0
Taiwan,2012/13,2012,country,reported,,6000.0,,6000.0
Taiwan,2013/14,2013,country,reported,,8500.0,,8500.0
Taiwan,2014/15,2014,country,reported,,8000.0,,8000.0
Taiwan,2015/16,2015,country,reported,,6500.0,,6500.0
Taiwan,2016/17,2016,country,reported,,6500.0,,6500.0
Taiwan,2017/18,2017,country,reported,,7500.0,,7500.0
Taiwan,2018/19,2018,country,reported,,8000.0,,8000.0
Taiwan,2019/20,2019,country,reported,,9500.0,,9500.0
Taiwan,2020/21,2020,country,reported,,10500.0,,10500.0
Taiwan,2021/22,2021,country,reported,,13000.0,,13000.0
Taiwan,2022/23,2022,country,reported,,9000.0,,9000.0
Taiwan,2023/24,2023,country,reported,,7000.0,,7000.0
Taiwan,2024/25,2024,country,provisional,,7000.0,,7000.0
Tunisia,1990/91,1990,country,reported,175000.0,54500.0,161500.0,0.0
Tunisia,1991/92,1991,country,reported,250000.0,60000.0,96500.0,0.0
Tunisia,1992/93,1992,country,reported,120000.0,60000.0,110000.0,0.0
Tunisia,1993/94,1993,country,reported,235000.0,56000.0,178000.0,0.0
Tunisia,1994/95,1994,country,reported,100000.0,46000.0,104000.0,0.0
Tunisia,1995/96,1995,country,reported,60000.0,34500.0,26500.0,0.0
Tunisia,1996/97,1996,country,reported,270000.0,70000.0,115000.0,0.0
Tunisia,1997/98,1997,country,reported,93000.0,52000.0,117000.0,0.0
Tunisia,2008/09,2008,country,reported,160000.0,21000.0,142000.0,0.0
Tunisia,2009/10,2009,country,reported,150000.0,30000.0,97000.0,0.0
Tunisia,2010/11,2010,country,reported,120000.0,30000.0,108000.0,0.0
Tunisia,2011/12,2011,country,reported,182000.0,35000.0,129500.0,0.0
Tunisia,2012/13,2012,country,reported,220000.0,40000.0,170000.0,0.0
Tunisia,2013/14,2013,country,reported,70000.0,37000.0,58000.0,0.0
Tunisia,2014/15,2014,country,reported,340000.0,30000.0,304000.0,0.0
Tunisia,2015/16,2015,country,reported,140000.0,35000.0,102500.0,0.0
Tunisia,2016/17,2016,country,reported,100000.0,21000.0,89500.0,0.0
Tunisia,2017/18,2017,country,reported,325000.0,40000.0,205000.0,0.0
Tunisia,2018/19,2018,country,reported,140000.0,40000.0,160000.0,0.0
Tunisia,2019/20,2019,country,reported,440000.0,38000.0,355000.0,0.0
Tunisia,2020/21,2020,country,reported,140000.0,30000.0,205000.0,0.0
Tunisia,2021/22,2021,country,reported,240000.0,30000.0,187000.0,0.0
Tunisia,2022/23,2022,country,reported,217000.0,30000.0,198500.0,0.0
Tunisia,2023/24,2023,country,reported,220000.0,28000.0,196500.0,0.0
Tunisia,2024/25,2024,country,provisional,340000.0,30000.0,310000.0,0.0
Türkiye,1990/91,1990,country,reported,80000.0,55000.0,10000.0,0.0
Türkiye,1991/92,1991,country,reported,60000.0,50000.0,10500.0,0.0
Türkiye,1992/93,1992,country,reported,56000.0,50000.0,5500.0,1500.0
Türkiye,1993/94,1993,country,reported,48000.0,54000.0,9000.0,0.0
Türkiye,1994/95,1994,country,reported,160000.0,55000.0,55000.0,0.0
Türkiye,1995/96,1995,country,reported,40000.0,63000.0,19000.0,0.0
Türkiye,1996/97,1996,country,reported,200000.0,75000.0,40500.0,0.0
Türkiye,1997/98,1997,country,reported,40000.0,85500.0,35000.0,0.0
Türkiye,1998/99,1998,country,reported,170000.0,85000.0,86000.0,1000.0
Türkiye,1999/00,1999,country,reported,70000.0,60000.0,16500.0,2000.0
Türkiye,2000/01,2000,country,reported,175000.0,72500.0,92000.0,0.0
Türkiye,2001/02,2001,country,reported,65000.0,55000.0,28000.0,0.0
Türkiye,2002/03,2002,country,reported,140000.0,50000.0,74000.0,0.0
Türkiye,2003/04,2003,country,reported,79000.0,46000.0,46000.0,0.0
Türkiye,2004/05,2004,country,reported,145000.0,60000.0,93500.0,0.0
Türkiye,2005/06,2005,country,reported,112000.0,50000.0,73000.0,0.0
Türkiye,2006/07,2006,country,reported,165000.0,80000.0,45000.0,0.0
Türkiye,2007/08,2007,country,reported,72000.0,85000.0,15000.0,0.0
Türkiye,2008/09,2008,country,reported,130000.0,108000.0,31000.0,0.0
Türkiye,2009/10,2009,country,reported,147000.0,110000.0,29500.0,0.0
Türkiye,2010/11,2010,country,reported,160000.0,131000.0,12000.0,0.0
Türkiye,2011/12,2011,country,reported,191000.0,150000.0,20000.0,0.0
Türkiye,2012/13,2012,country,reported,195000.0,150000.0,92000.0,0.0
Türkiye,2013/14,2013,country,reported,135000.0,105000.0,35000.0,0.0
Türkiye,2014/15,2014,country,reported,160000.0,125000.0,30000.0,0.0
Türkiye,2015/16,2015,country,reported,150000.0,116000.0,15000.0,0.0
Türkiye,2016/17,2016,country,reported,178000.0,150000.0,45000.0,0.0
Türkiye,2017/18,2017,country,reported,263000.0,176500.0,66000.0,0.0
Türkiye,2018/19,2018,country,reported,193500.0,163000.0,55000.0,0.0
Türkiye,2019/20,2019,country,reported,230000.0,170000.0,45000.0,0.0
Türkiye,2020/21,2020,country,reported,193500.0,150000.0,42000.0,0.0
Türkiye,2021/22,2021,country,reported,235000.0,170000.0,58000.0,0.0
Türkiye,2022/23,2022,country,reported,451000.0,165000.0,150000.0,0.0
Türkiye,2023/24,2023,country,reported,215000.0,165000.0,69000.0,0.0
Türkiye,2024/25,2024,country,provisional,450000.0,200000.0,150000.0,0.0
United Kingdom,1990/91,1990,country,reported,,6800.0,100.0,100.0
United Kingdom,1991/92,1991,country,reported,,9400.0,100.0,0.0
United Kingdom,1992/93,1992,country,reported,,12000.0,100.0,0.0
United Kingdom,1993/94,1993,country,reported,,16800.0,200.0,0.0
United Kingdom,1994/95,1994,country,reported,,17300.0,1000.0,100.0
United Kingdom,1995/96,1995,country,reported,,15000.0,500.0,0.0
United Kingdom,1996/97,1996,country,reported,,25100.0,400.0,0.0
United Kingdom,1997/98,1997,country,reported,,25600.0,600.0,0.0
United Kingdom,1998/99,1998,country,reported,,29900.0,500.0,0.0
United Kingdom,1999/00,1999,country,reported,,40000.0,700.0,0.0
United Kingdom,2000/01,2000,country,reported,,33800.0,800.0,0.0
United Kingdom,2001/02,2001,country,reported,,25500.0,1500.0,0.0
United Kingdom,2002/03,2002,country,reported,,47000.0,500.0,0.0
United Kingdom,2003/04,2003,country,reported,,71600.0,600.0,100.0
United Kingdom,2004/05,2004,country,reported,,60100.0,600.0,100.0
United Kingdom,2005/06,2005,country,reported,,48800.0,700.0,100.0
United Kingdom,2006/07,2006,country,reported,,47600.0,700.0,200.0
United Kingdom,2007/08,2007,country,reported,,56100.0,500.0,200.0
United Kingdom,2008/09,2008,country,reported,,56400.0,200.0,200.0
United Kingdom,2009/10,2009,country,reported,,55300.0,100.0,100.0
United Kingdom,2010/11,2010,country,reported,,69500.0,400.0,300.0
United Kingdom,2011/12,2011,country,reported,,59200.0,900.0,300.0
United Kingdom,2012/13,2012,country,reported,,62000.0,1200.0,300.0
United Kingdom,2013/14,2013,country,reported,,61300.0,800.0,400.0
United Kingdom,2014/15,2014,country,reported,,62900.0,600.0,300.0
United Kingdom,2015/16,2015,country,reported,,65099.99999999999,200.0,300.0
United Kingdom,2016/17,2016,country,reported,,69600.0,500.0,300.0
United Kingdom,2017/18,2017,country,reported,,62700.0,400.0,300.0
United Kingdom,2018/19,2018,country,reported,,63500.0,700.0,200.0
United Kingdom,2019/20,2019,country,reported,,72300.0,700.0,200.0
United States,1990/91,1990,country,reported,1000.0,88000.0,3000.0,90000.0
United States,1991/92,1991,country,reported,500.0,79000.0,9000.0,87500.0
United States,1992/93,1992,country,reported,1000.0,104000.0,2000.0,108500.0
United States,1993/94,1993,country,reported,4500.0,115500.0,2000.0,111500.0
United States,1994/95,1994,country,reported,1000.0,115500.0,7000.0,121500.0
United States,1995/96,1995,country,reported,1000.0,101000.0,9000.0,105000.0
United States,1996/97,1996,country,reported,1000.0,130500.0,8000.0,140500.0
United States,1997/98,1997,country,reported,1000.0,142500.0,4500.0,144000.0
United States,2008/09,2008,country,reported,3000.0,256000.0,3000.0,255000.0
United States,2009/10,2009,country,reported,3000.0,258000.0,2500.0,258000.0
United States,2010/11,2010,country,reported,4000.0,275000.0,3000.0,275000.0
United States,2011/12,2011,country,reported,4000.0,300000.0,4500.0,300000.0
United States,2012/13,2012,country,reported,4000.0,287000.0,6000.0,288000.0
United States,2013/14,2013,country,reported,12000.0,301500.0,5500.0,302500.0
United States,2014/15,2014,country,reported,5000.0,295000.0,6500.0,294500.0
United States,2015/16,2015,country,reported,14000.0,321000.0,7500.0,314000.0
United States,2016/17,2016,country,reported,15000.0,315000.0,8000.0,305000.0
United States,2017/18,2017,country,reported,16000.0,315000.0,8500.0,310500.0
United States,2018/19,2018,country,reported,16000.0,351000.0,6500.0,346500.0
United States,2019/20,2019,country,reported,16000.0,402500.0,3500.0,391000.0
United States,2020/21,2020,country,reported,16000.0,389000.0,4000.0,379500.0
United States,2021/22,2021,country,reported,15500.0,412000.0,3500.0,399000.0
United States,2022/23,2022,country,reported,9000.0,374000.0,5500.0,358500.0
United States,2023/24,2023,country,reported,15000.0,368500.0,9000.0,362000.0
United States,2024/25,2024,country,provisional,10000.0,398000.0,10000.0,398000.0
Uruguay,2013/14,2013,country,reported,500.0,1500.0,0.0,1000.0
Uruguay,2014/15,2014,country,reported,500.0,1500.0,0.0,1000.0
Uruguay,2015/16,2015,country,reported,500.0,1500.0,0.0,1000.0
Uruguay,2016/17,2016,country,reported,500.0,1500.0,0.0,1000.0
Uruguay,2017/18,2017,country,reported,1000.0,1500.0,0.0,1000.0
Uruguay,2018/19,2018,country,reported,500.0,2000.0,0.0,1000.0
Uruguay,2019/20,2019,country,reported,2500.0,2000.0,1000.0,1000.0
Uruguay,2020/21,2020,country,reported,500.0,1500.0,500.0,1000.0
Uruguay,2021/22,2021,country,reported,1500.0,1500.0,500.0,1000.0
Uruguay,2022/23,2022,country,reported,1500.0,2000.0,500.0,500.0
Uruguay,2023/24,2023,country,reported,2000.0,2000.0,500.0,500.0
Uruguay,2024/25,2024,country,provisional,1000.0,1000.0,0.0,0.0
Uzbekistan,2018/19,2018,country,reported,,0.0,0.0,0.0
Uzbekistan,2019/20,2019,country,reported,,500.0,0.0,500.0
Uzbekistan,2020/21,2020,country,reported,,500.0,0.0,500.0
Uzbekistan,2021/22,2021,country,reported,0.0,500.0,0.0,500.0
Uzbekistan,2022/23,2022,country,reported,0.0,500.0,0.0,500.0
Uzbekistan,2023/24,2023,country,reported,0.0,500.0,0.0,500.0
Uzbekistan,2024/25,2024,country,provisional,0.0,500.0,0.0,500.0
World,1990/91,1990,world,reported,1453000.0,1666500.0,337000.0,310000.0
World,1991/92,1991,world,reported,2206000.0,1857000.0,303500.0,346500.0
World,1992/93,1992,world,reported,1811500.0,1904000.0,298000.0,323000.0
World,1993/94,1993,world,reported,1825000.0,1985000.0,378000.0,378000.0
World,1994/95,1994,world,reported,1845500.0,1994500.0,368500.0,436500.0
World,1995/96,1995,world,reported,1735500.0,1888500.0,256500.0,288500.0
World,1996/97,1996,world,reported,2595000.0,2241500.0,438000.0,437500.0
World,1997/98,1997,world,reported,2465500.0,2381500.0,407000.0,423000.0
World,1998/99,1998,world,reported,2402500.0,2413000.0,506000.0,551000.0
World,1999/00,1999,world,reported,2374500.0,2442500.0,444500.0,479000.0
World,2000/01,2000,world,reported,2565500.0,2590500.0,502000.0,517000.0
World,2001/02,2001,world,reported,2825500.0,2606500.0,394500.0,437000.0
World,2002/03,2002,world,reported,2495500.0,2677500.0,483000.0,492500.0
World,2003/04,2003,world,reported,3174000.0,2882500.0,657500.0,663000.0
World,2004/05,2004,world,reported,3013000.0,2923500.0,633500.0,634000.0
World,2005/06,2005,world,reported,2572500.0,2690500.0,603500.0,639000.0
World,2006/07,2006,world,reported,2767000.0,2798500.0,662000.0,704500.0
World,2007/08,2007,world,reported,2713000.0,2754500.0,562500.0,636000.0
World,2008/09,2008,world,reported,2669500.0,2831500.0,608500.0,600500.0
World,2009/10,2009,world,reported,2973500.0,2902000.0,653000.0,652000.0
World,2010/11,2010,world,reported,3075000.0,3061000.0,695500.0,704500.0
World,2011/12,2011,world,reported,3321000.0,3085500.0,803000.0,769000.0
World,2012/13,2012,world,reported,2401500.0,2989000.0,843000.0,853000.0
World,2013/14,2013,world,reported,3252000.0,3075500.0,785000.0,779500.0
World,2014/15,2014,world,reported,2458000.0,2916000.0,929000.0,920500.0
World,2015/16,2015,world,reported,3176500.0,2979500.0,788500.0,790500.0
World,2016/17,2016,world,reported,2561500.0,2726000.0,782500.0,781500.0
World,2017/18,2017,world,reported,3379000.0,3039000.0,944500.0,943000.0
World,2018/19,2018,world,reported,3304000.0,3093000.0,969000.0,975000.0
World,2019/20,2019,world,reported,3269000.0,3268500.0,1240000.0,1240000.0
World,2020/21,2020,world,reported,3019500.0,3175500.0,1146500.0,1146500.0
World,2021/22,2021,world,reported,3414500.0,3328000.0,1177500.0,1177500.0
World,2022/23,2022,world,reported,2760000.0,2859000.0,1084000.0,1084000.0
World,2023/24,2023,world,reported,2589000.0,2788500.0,1041500.0,1041500.0
World,2024/25,2024,world,provisional,3572000.0,3215000.0,1302500.0,1197500.0
