faostat,m49 code,Country,Item Code,Item,Year,Yield (kg/ha),Yield (kg/ha) flag,Production (tonnes),Production (tonnes) flag,Area harvested (ha),Area harvested (ha) flag
68,250,France,260,Olives,1961,44.9,A,2009,A,44756,A
124,434,Libya,260,Olives,1961,,,35100,A,,M
138,484,Mexico,260,Olives,1961,1419.6,A,3691,A,2600,A
231,840,United States of America,260,Olives,1961,3498.2,A,39915,A,11410,A
248,890,Yugoslav SFR,260,Olives,1961,,,28300,A,,M
106,380,Italy,260,Olives,1961,1831.1,E,2250000,A,1228800,X
170,604,Peru,260,Olives,1961,4070,A,12210,A,3000,A
2,4,Afghanistan,260,Olives,1961,1666.7,E,1000,E,600,E
9,32,Argentina,260,Olives,1961,,,36000,A,,M
10,36,Australia,260,Olives,1961,992.6,A,1080,A,1088,A
143,504,Morocco,260,Olives,1961,900.6,E,139600,A,155000,E
212,760,Syrian Arab Republic,260,Olives,1961,1037.5,E,83000,A,80000,E
214,158,"China, Taiwan Province of",260,Olives,1961,6860.2,A,1276,A,186,A
3,8,Albania,260,Olives,1961,957,E,17800,E,18600,A
4,12,Algeria,260,Olives,1961,,,160000,A,,A
60,222,El Salvador,260,Olives,1961,652.2,A,1500,A,2300,A
102,364,Iran (Islamic Republic of),260,Olives,1961,3000,E,15000,X,5000,E
105,376,Israel,260,Olives,1961,2080,E,20800,A,10000,E
112,400,Jordan,260,Olives,1961,1802,E,114428,A,63500,E
134,470,Malta,260,Olives,1961,1071.4,E,15,E,14,E
59,818,Egypt,260,Olives,1961,3058.6,E,8564,A,2800,E
174,620,Portugal,260,Olives,1961,,,867000,A,,M
222,788,Tunisia,260,Olives,1961,350,E,189000,A,540000,E
40,152,Chile,260,Olives,1961,,,20000,E,,M
118,414,Kuwait,260,Olives,1961,,,,A,,A
21,76,Brazil,260,Olives,1961,,,442,A,,M
50,196,Cyprus,260,Olives,1961,1373,E,27940,A,20350,X
121,422,Lebanon,260,Olives,1961,2407.4,E,65000,A,27000,E
103,368,Iraq,260,Olives,1961,,,8000,X,,M
234,858,Uruguay,260,Olives,1961,,,1692,A,,M
84,300,Greece,260,Olives,1961,,,1502500,A,,M
223,792,Türkiye,260,Olives,1961,1759.4,A,689324,A,391800,A
203,724,Spain,260,Olives,1961,,,1863400,A,,M
2,4,Afghanistan,260,Olives,1962,1833.3,E,1100,E,600,E
105,376,Israel,260,Olives,1962,960,E,4800,A,5000,E
138,484,Mexico,260,Olives,1962,1575.3,A,4266,A,2708,A
174,620,Portugal,260,Olives,1962,,,370000,A,,M
203,724,Spain,260,Olives,1962,,,1641000,A,,M
214,158,"China, Taiwan Province of",260,Olives,1962,10471.9,A,1864,A,178,A
103,368,Iraq,260,Olives,1962,,,8000,X,,M
118,414,Kuwait,260,Olives,1962,,,,A,,A
248,890,Yugoslav SFR,260,Olives,1962,,,17700,A,,M
21,76,Brazil,260,Olives,1962,,,575,A,,M
50,196,Cyprus,260,Olives,1962,307.6,E,6299,A,20480,X
134,470,Malta,260,Olives,1962,1000,E,16,E,16,E
3,8,Albania,260,Olives,1962,1391.8,E,27000,E,19400,A
4,12,Algeria,260,Olives,1962,,,143000,A,,A
9,32,Argentina,260,Olives,1962,,,45000,A,,M
84,300,Greece,260,Olives,1962,,,469700,A,,M
143,504,Morocco,260,Olives,1962,906.3,E,145000,A,160000,E
59,818,Egypt,260,Olives,1962,2931.3,E,11725,A,4000,E
112,400,Jordan,260,Olives,1962,574.5,E,7354,A,12800,E
170,604,Peru,260,Olives,1962,3589.2,A,15272,A,4255,A
106,380,Italy,260,Olives,1962,1394.7,E,1741000,A,1248300,X
121,422,Lebanon,260,Olives,1962,1600,E,16000,A,10000,E
68,250,France,260,Olives,1962,223.4,A,9424,A,42191,A
102,364,Iran (Islamic Republic of),260,Olives,1962,3000,E,15000,X,5000,E
212,760,Syrian Arab Republic,260,Olives,1962,1091.1,E,87285,A,80000,E
222,788,Tunisia,260,Olives,1962,346.2,E,225000,A,650000,E
40,152,Chile,260,Olives,1962,,,20000,E,,M
231,840,United States of America,260,Olives,1962,4119.9,A,47173,A,11450,A
124,434,Libya,260,Olives,1962,,,36700,A,,M
223,792,Türkiye,260,Olives,1962,726.6,A,290190,A,399393,A
10,36,Australia,260,Olives,1962,941.1,A,958,A,1018,A
60,222,El Salvador,260,Olives,1962,652.2,A,1500,A,2300,A
234,858,Uruguay,260,Olives,1962,,,1000,X,,M
2,4,Afghanistan,260,Olives,1963,1666.7,E,1000,E,600,E
9,32,Argentina,260,Olives,1963,,,54000,A,,M
50,196,Cyprus,260,Olives,1963,591.6,E,12192,A,20610,X
174,620,Portugal,260,Olives,1963,,,790000,A,,M
214,158,"China, Taiwan Province of",260,Olives,1963,9780.1,A,1868,A,191,A
134,470,Malta,260,Olives,1963,1133.3,E,17,E,15,E
222,788,Tunisia,260,Olives,1963,344.6,E,448000,A,1300000,E
4,12,Algeria,260,Olives,1963,,,148300,A,,A
10,36,Australia,260,Olives,1963,1010.5,A,1056,A,1045,A
40,152,Chile,260,Olives,1963,,,20000,E,,M
112,400,Jordan,260,Olives,1963,685.7,A,38655,A,56374,A
223,792,Türkiye,260,Olives,1963,1528.9,A,618857,A,404760,A
3,8,Albania,260,Olives,1963,1295.2,E,27200,E,21000,A
59,818,Egypt,260,Olives,1963,2890.7,E,7805,A,2700,E
68,250,France,260,Olives,1963,254.8,A,10384,A,40753,A
21,76,Brazil,260,Olives,1963,,,718,A,,M
103,368,Iraq,260,Olives,1963,,,8000,X,,M
118,414,Kuwait,260,Olives,1963,,,,A,,A
143,504,Morocco,260,Olives,1963,869.6,E,200000,A,230000,E
212,760,Syrian Arab Republic,260,Olives,1963,850,E,68000,A,80000,E
60,222,El Salvador,260,Olives,1963,652.2,A,1500,A,2300,A
84,300,Greece,260,Olives,1963,,,1254000,A,,M
231,840,United States of America,260,Olives,1963,4500.3,A,51709,A,11490,A
248,890,Yugoslav SFR,260,Olives,1963,,,63100,A,,M
121,422,Lebanon,260,Olives,1963,2181.8,A,60000,A,27500,A
138,484,Mexico,260,Olives,1963,1563,A,4367,A,2794,A
102,364,Iran (Islamic Republic of),260,Olives,1963,3000,E,15000,X,5000,E
105,376,Israel,260,Olives,1963,1300,E,13000,A,10000,E
170,604,Peru,260,Olives,1963,3589.2,A,15272,A,4255,A
234,858,Uruguay,260,Olives,1963,,,1000,X,,M
203,724,Spain,260,Olives,1963,,,3124300,A,,M
106,380,Italy,260,Olives,1963,2334.9,E,2861000,A,1225300,X
124,434,Libya,260,Olives,1963,,,32000,A,,M
4,12,Algeria,260,Olives,1964,,,148559,A,,A
60,222,El Salvador,260,Olives,1964,652.2,A,1500,A,2300,A
59,818,Egypt,260,Olives,1964,2951.1,E,10329,A,3500,E
105,376,Israel,260,Olives,1964,1909.1,E,21000,A,11000,E
112,400,Jordan,260,Olives,1964,1694.2,A,98312,A,58029,A
134,470,Malta,260,Olives,1964,1052.6,E,20,E,19,E
9,32,Argentina,260,Olives,1964,,,55600,A,,M
21,76,Brazil,260,Olives,1964,,,865,A,,M
40,152,Chile,260,Olives,1964,,,20000,E,,M
50,196,Cyprus,260,Olives,1964,319,E,6604,A,20700,X
121,422,Lebanon,260,Olives,1964,1048.3,A,30000,A,28618,A
231,840,United States of America,260,Olives,1964,4234.1,A,48988,A,11570,A
10,36,Australia,260,Olives,1964,1495.4,A,1627,A,1088,A
68,250,France,260,Olives,1964,132.8,A,4826,A,36348,A
124,434,Libya,260,Olives,1964,,,18600,A,,M
2,4,Afghanistan,260,Olives,1964,1833.3,E,1100,E,600,E
84,300,Greece,260,Olives,1964,,,711900,A,,M
102,364,Iran (Islamic Republic of),260,Olives,1964,3000,E,15000,X,5000,E
138,484,Mexico,260,Olives,1964,2612.1,A,7562,A,2895,A
174,620,Portugal,260,Olives,1964,,,309000,A,,M
212,760,Syrian Arab Republic,260,Olives,1964,1114.5,E,122592,A,110000,E
143,504,Morocco,260,Olives,1964,885,E,177000,A,200000,E
234,858,Uruguay,260,Olives,1964,,,1000,X,,M
103,368,Iraq,260,Olives,1964,,,9000,X,,M
170,604,Peru,260,Olives,1964,3887.9,A,10614,A,2730,A
203,724,Spain,260,Olives,1964,,,572700,A,,M
222,788,Tunisia,260,Olives,1964,346.2,E,450000,X,1300000,E
118,414,Kuwait,260,Olives,1964,,,,A,,A
214,158,"China, Taiwan Province of",260,Olives,1964,13837.7,A,2643,A,191,A
223,792,Türkiye,260,Olives,1964,1636.6,A,694486,A,424347,A
3,8,Albania,260,Olives,1964,2096.1,E,48000,E,22900,A
106,380,Italy,260,Olives,1964,1521.6,E,1878000,A,1234200,X
248,890,Yugoslav SFR,260,Olives,1964,,,17300,A,,M
60,222,El Salvador,260,Olives,1965,652.2,A,1500,A,2300,A
68,250,France,260,Olives,1965,204,A,7034,A,34482,A
112,400,Jordan,260,Olives,1965,572.5,A,37417,A,65358,A
118,414,Kuwait,260,Olives,1965,,,,A,,A
143,504,Morocco,260,Olives,1965,890.3,E,267100,A,300000,E
106,380,Italy,260,Olives,1965,1796.1,E,2232000,A,1242700,X
170,604,Peru,260,Olives,1965,3476.4,A,8239,A,2370,A
223,792,Türkiye,260,Olives,1965,920.2,A,394146,A,428347,A
231,840,United States of America,260,Olives,1965,4046.3,A,45359,A,11210,A
9,32,Argentina,260,Olives,1965,,,65200,A,,M
10,36,Australia,260,Olives,1965,954,A,1058,A,1109,A
21,76,Brazil,260,Olives,1965,,,871,A,,M
50,196,Cyprus,260,Olives,1965,1136.5,E,23673,A,20830,X
2,4,Afghanistan,260,Olives,1965,1666.7,E,1000,E,600,E
212,760,Syrian Arab Republic,260,Olives,1965,596.6,E,65630,A,110000,E
3,8,Albania,260,Olives,1965,1195.2,E,30000,E,25100,A
84,300,Greece,260,Olives,1965,,,969640,A,,M
214,158,"China, Taiwan Province of",260,Olives,1965,8531.4,A,1766,A,207,A
59,818,Egypt,260,Olives,1965,2962.9,E,10370,A,3500,E
102,364,Iran (Islamic Republic of),260,Olives,1965,3000,E,15000,X,5000,E
103,368,Iraq,260,Olives,1965,,,9000,X,,M
134,470,Malta,260,Olives,1965,1055.6,E,19,E,18,E
203,724,Spain,260,Olives,1965,,,1656100,A,,M
234,858,Uruguay,260,Olives,1965,,,1000,E,,M
40,152,Chile,260,Olives,1965,,,20000,E,,M
248,890,Yugoslav SFR,260,Olives,1965,,,20400,A,,M
105,376,Israel,260,Olives,1965,954.5,E,10500,A,11000,E
174,620,Portugal,260,Olives,1965,,,570000,A,,M
138,484,Mexico,260,Olives,1965,2705.8,A,8407,A,3107,A
121,422,Lebanon,260,Olives,1965,1840.9,A,49000,A,26618,A
222,788,Tunisia,260,Olives,1965,426.8,E,277400,A,650000,E
4,12,Algeria,260,Olives,1965,,,153169,A,,A
124,434,Libya,260,Olives,1965,,,101372,A,,M
4,12,Algeria,260,Olives,1966,,,143030,A,,A
102,364,Iran (Islamic Republic of),260,Olives,1966,3000,E,15000,X,5000,E
121,422,Lebanon,260,Olives,1966,1089.4,A,29376,A,26965,A
170,604,Peru,260,Olives,1966,3119.7,A,8186,A,2624,A
222,788,Tunisia,260,Olives,1966,360.7,E,97400,A,270000,E
3,8,Albania,260,Olives,1966,1212.1,E,32000,E,26400,A
21,76,Brazil,260,Olives,1966,,,889,A,,M
105,376,Israel,260,Olives,1966,956.1,A,10900,A,11400,A
143,504,Morocco,260,Olives,1966,888.9,E,240000,A,270000,E
212,760,Syrian Arab Republic,260,Olives,1966,987.7,A,116272,A,117724,A
214,158,"China, Taiwan Province of",260,Olives,1966,8316.8,A,1680,A,202,A
50,196,Cyprus,260,Olives,1966,822.1,E,17272,A,21010,X
60,222,El Salvador,260,Olives,1966,652.2,A,1500,A,2300,A
59,818,Egypt,260,Olives,1966,3022.6,E,6952,A,2300,E
134,470,Malta,260,Olives,1966,1058.8,E,18,E,17,E
138,484,Mexico,260,Olives,1966,2707.6,A,8464,A,3126,A
231,840,United States of America,260,Olives,1966,5309.6,A,57152,A,10764,A
106,380,Italy,260,Olives,1966,1432.1,E,1808400,A,1262800,X
112,400,Jordan,260,Olives,1966,500.3,A,32700,A,65358,A
223,792,Türkiye,260,Olives,1966,1893.2,A,840600,A,444000,A
40,152,Chile,260,Olives,1966,,,20000,E,,M
84,300,Greece,260,Olives,1966,,,983080,A,,M
234,858,Uruguay,260,Olives,1966,,,1265,A,,M
248,890,Yugoslav SFR,260,Olives,1966,,,30000,A,,M
2,4,Afghanistan,260,Olives,1966,1833.3,E,1100,E,600,E
9,32,Argentina,260,Olives,1966,,,49000,A,,M
68,250,France,260,Olives,1966,226.7,A,7800,A,34400,A
124,434,Libya,260,Olives,1966,,,94988,A,,M
203,724,Spain,260,Olives,1966,,,2101500,A,,M
174,620,Portugal,260,Olives,1966,,,270607,A,,M
118,414,Kuwait,260,Olives,1966,,,,A,,A
10,36,Australia,260,Olives,1966,1590.3,A,1762,A,1108,A
103,368,Iraq,260,Olives,1966,,,9000,X,,M
3,8,Albania,260,Olives,1967,1107.4,E,33000,E,29800,A
21,76,Brazil,260,Olives,1967,,,1042,A,,M
68,250,France,260,Olives,1967,257.3,A,7566,A,29405,A
4,12,Algeria,260,Olives,1967,,,138189,A,,A
214,158,"China, Taiwan Province of",260,Olives,1967,9040.2,A,1799,A,199,A
59,818,Egypt,260,Olives,1967,2973,E,11000,A,3700,E
231,840,United States of America,260,Olives,1967,1162.4,A,12700,A,10926,A
234,858,Uruguay,260,Olives,1967,,,1500,E,,M
84,300,Greece,260,Olives,1967,,,1088490,A,,M
106,380,Italy,260,Olives,1967,2142.2,E,2712200,A,1266100,X
134,470,Malta,260,Olives,1967,1062.5,E,17,E,16,E
112,400,Jordan,260,Olives,1967,1717.5,A,106753,A,62157,A
138,484,Mexico,260,Olives,1967,2591.5,A,8754,A,3378,A
174,620,Portugal,260,Olives,1967,,,570000,A,,M
203,724,Spain,260,Olives,1967,,,1372000,A,,M
10,36,Australia,260,Olives,1967,1524.4,A,1314,A,862,A
170,604,Peru,260,Olives,1967,3644.9,A,9710,A,2664,A
222,788,Tunisia,260,Olives,1967,404.6,E,275100,A,680000,E
102,364,Iran (Islamic Republic of),260,Olives,1967,3000,E,15000,X,5000,E
124,434,Libya,260,Olives,1967,,,134294,A,,M
248,890,Yugoslav SFR,260,Olives,1967,,,39900,A,,M
50,196,Cyprus,260,Olives,1967,1441.8,E,30480,A,21140,X
60,222,El Salvador,260,Olives,1967,652.2,A,1500,A,2300,A
2,4,Afghanistan,260,Olives,1967,1666.7,E,1000,E,600,E
40,152,Chile,260,Olives,1967,,,20000,E,,M
118,414,Kuwait,260,Olives,1967,,,,A,,A
121,422,Lebanon,260,Olives,1967,2525.4,A,67773,A,26837,A
143,504,Morocco,260,Olives,1967,894.1,E,152000,A,170000,E
212,760,Syrian Arab Republic,260,Olives,1967,797.9,A,113083,A,141718,A
103,368,Iraq,260,Olives,1967,,,9000,X,,M
223,792,Türkiye,260,Olives,1967,1100.8,A,495000,A,449667,A
9,32,Argentina,260,Olives,1967,,,78077,A,,M
105,376,Israel,260,Olives,1967,2227.3,A,24500,A,11000,A
2,4,Afghanistan,260,Olives,1968,2000,E,1200,E,600,E
40,152,Chile,260,Olives,1968,,,20000,E,,M
106,380,Italy,260,Olives,1968,1522.4,E,1932900,A,1269600,X
59,818,Egypt,260,Olives,1968,3200,E,8000,A,2500,E
248,890,Yugoslav SFR,260,Olives,1968,,,11400,A,,M
3,8,Albania,260,Olives,1968,1082.8,E,34000,E,31400,A
102,364,Iran (Islamic Republic of),260,Olives,1968,3000,E,15000,X,5000,E
143,504,Morocco,260,Olives,1968,892.7,E,491000,A,550000,E
170,604,Peru,260,Olives,1968,3608,A,8450,A,2342,A
212,760,Syrian Arab Republic,260,Olives,1968,786.2,A,111808,A,142214,A
223,792,Türkiye,260,Olives,1968,1848.4,A,822000,A,444707,A
231,840,United States of America,260,Olives,1968,7140.5,A,78017,A,10926,A
68,250,France,260,Olives,1968,360.5,A,11123,A,30855,A
214,158,"China, Taiwan Province of",260,Olives,1968,15019.6,A,3064,A,204,A
50,196,Cyprus,260,Olives,1968,714.8,E,15240,A,21320,X
9,32,Argentina,260,Olives,1968,,,45647,A,,M
10,36,Australia,260,Olives,1968,1693,A,2189,A,1293,A
21,76,Brazil,260,Olives,1968,,,1044,A,,M
60,222,El Salvador,260,Olives,1968,652.2,A,1500,A,2300,A
103,368,Iraq,260,Olives,1968,,,9000,X,,M
4,12,Algeria,260,Olives,1968,,,171639,A,,A
112,400,Jordan,260,Olives,1968,1896.2,A,16715,A,8815,A
118,414,Kuwait,260,Olives,1968,,,,A,,A
121,422,Lebanon,260,Olives,1968,1198.1,A,32184,A,26863,A
222,788,Tunisia,260,Olives,1968,399.9,E,279900,A,700000,E
234,858,Uruguay,260,Olives,1968,,,1650,E,,M
84,300,Greece,260,Olives,1968,,,830920,A,,M
134,470,Malta,260,Olives,1968,1058.8,A,18,A,17,A
138,484,Mexico,260,Olives,1968,2652.9,A,9532,A,3593,A
174,620,Portugal,260,Olives,1968,,,377000,A,,M
105,376,Israel,260,Olives,1968,871.6,A,9500,A,10900,A
203,724,Spain,260,Olives,1968,,,2274300,A,,M
124,434,Libya,260,Olives,1968,,,143109,A,,M
143,504,Morocco,260,Olives,1969,914.3,E,320000,A,350000,E
203,724,Spain,260,Olives,1969,,,1738300,A,,M
212,760,Syrian Arab Republic,260,Olives,1969,899.6,A,128896,A,143285,A
59,818,Egypt,260,Olives,1969,3200,E,8000,A,2500,E
2,4,Afghanistan,260,Olives,1969,1666.7,E,1000,E,600,E
214,158,"China, Taiwan Province of",260,Olives,1969,12365.7,A,2164,A,175,A
84,300,Greece,260,Olives,1969,,,718900,A,,M
121,422,Lebanon,260,Olives,1969,1672.6,A,46268,A,27663,A
222,788,Tunisia,260,Olives,1969,406.1,E,129950,A,320000,E
21,76,Brazil,260,Olives,1969,,,1042,A,,M
50,196,Cyprus,260,Olives,1969,903.7,E,19304,A,21360,X
103,368,Iraq,260,Olives,1969,,,7000,X,,M
106,380,Italy,260,Olives,1969,1896.6,E,2412800,A,1272200,X
118,414,Kuwait,260,Olives,1969,,,,A,,A
170,604,Peru,260,Olives,1969,2918.2,A,7310,A,2505,A
231,840,United States of America,260,Olives,1969,5747.6,A,63500,A,11048,A
3,8,Albania,260,Olives,1969,945.1,E,31000,E,32800,A
10,36,Australia,260,Olives,1969,1774.5,A,2243,A,1264,A
40,152,Chile,260,Olives,1969,,,15000,E,,M
102,364,Iran (Islamic Republic of),260,Olives,1969,2400,E,12000,X,5000,E
138,484,Mexico,260,Olives,1969,2770.9,A,10161,A,3667,A
68,250,France,260,Olives,1969,650.5,A,20257,A,31139,A
112,400,Jordan,260,Olives,1969,1592.9,A,23676,A,14863,A
234,858,Uruguay,260,Olives,1969,,,1800,E,,M
134,470,Malta,260,Olives,1969,1133.3,A,17,A,15,A
4,12,Algeria,260,Olives,1969,1222.5,A,118902,A,97260,A
9,32,Argentina,260,Olives,1969,,,75981,A,,M
60,222,El Salvador,260,Olives,1969,652.2,A,1500,A,2300,A
174,620,Portugal,260,Olives,1969,,,516000,A,,M
223,792,Türkiye,260,Olives,1969,687.9,A,307800,A,447447,A
248,890,Yugoslav SFR,260,Olives,1969,,,7118,A,,M
105,376,Israel,260,Olives,1969,1972,A,21100,A,10700,A
124,434,Libya,260,Olives,1969,,,33610,A,,M
2,4,Afghanistan,260,Olives,1970,2000,E,1200,E,600,E
60,222,El Salvador,260,Olives,1970,652.2,A,1500,A,2300,A
105,376,Israel,260,Olives,1970,622.6,A,6600,A,10600,A
212,760,Syrian Arab Republic,260,Olives,1970,686.2,A,85402,A,124452,A
248,890,Yugoslav SFR,260,Olives,1970,,,7762,A,,M
106,380,Italy,260,Olives,1970,1623.8,E,2120500,A,1305900,X
143,504,Morocco,260,Olives,1970,888.9,E,160000,A,180000,E
203,724,Spain,260,Olives,1970,,,2100000,A,,M
222,788,Tunisia,260,Olives,1970,429.2,A,454600,A,1059200,A
234,858,Uruguay,260,Olives,1970,,,2000,A,,M
10,36,Australia,260,Olives,1970,1496.1,A,1939,A,1296,A
50,196,Cyprus,260,Olives,1970,356,A,7620,A,21405,A
112,400,Jordan,260,Olives,1970,1076.7,A,10373,A,9634,A
134,470,Malta,260,Olives,1970,611.1,A,11,A,18,A
138,484,Mexico,260,Olives,1970,2649.1,A,9815,A,3705,A
214,158,"China, Taiwan Province of",260,Olives,1970,7863.1,A,1321,A,168,A
223,792,Türkiye,260,Olives,1970,1501.1,A,681000,A,453673,A
4,12,Algeria,260,Olives,1970,1391.9,A,137571,A,98840,A
9,32,Argentina,260,Olives,1970,,,48992,A,,M
68,250,France,260,Olives,1970,180.1,E,5583,A,31000,E
231,840,United States of America,260,Olives,1970,4223.2,A,47173,A,11170,A
84,300,Greece,260,Olives,1970,,,992170,A,,M
174,620,Portugal,260,Olives,1970,,,454002,A,,M
59,818,Egypt,260,Olives,1970,3043.5,E,7000,A,2300,E
118,414,Kuwait,260,Olives,1970,,,,A,,A
121,422,Lebanon,260,Olives,1970,1640.3,A,44396,A,27066,A
102,364,Iran (Islamic Republic of),260,Olives,1970,3000,E,15000,X,5000,E
170,604,Peru,260,Olives,1970,3317.6,A,8513,A,2566,A
40,152,Chile,260,Olives,1970,,,11000,X,,M
3,8,Albania,260,Olives,1970,549.5,E,20000,E,36400,A
103,368,Iraq,260,Olives,1970,,,10000,X,,M
124,434,Libya,260,Olives,1970,,,73254,A,,M
21,76,Brazil,260,Olives,1970,,,1086,A,,M
68,250,France,260,Olives,1971,560.8,A,17562,A,31317,A
223,792,Türkiye,260,Olives,1971,711.9,A,326000,A,457900,A
2,4,Afghanistan,260,Olives,1971,1666.7,E,1000,E,600,E
3,8,Albania,260,Olives,1971,1029.8,E,38000,E,36900,A
84,300,Greece,260,Olives,1971,,,915450,A,,M
102,364,Iran (Islamic Republic of),260,Olives,1971,1475,E,2950,A,2000,E
203,724,Spain,260,Olives,1971,,,1744000,A,,M
4,12,Algeria,260,Olives,1971,1341.7,A,167836,A,125090,A
112,400,Jordan,260,Olives,1971,665.2,A,18500,A,27810,A
121,422,Lebanon,260,Olives,1971,1989.9,A,54759,A,27518,A
214,158,"China, Taiwan Province of",260,Olives,1971,8445.9,A,1250,A,148,A
21,76,Brazil,260,Olives,1971,,,1000,A,,M
118,414,Kuwait,260,Olives,1971,,,,A,,A
222,788,Tunisia,260,Olives,1971,752.1,A,842000,A,1119500,A
134,470,Malta,260,Olives,1971,1357.1,A,19,A,14,A
9,32,Argentina,260,Olives,1971,,,86262,A,,M
10,36,Australia,260,Olives,1971,1735.4,E,2256,A,1300,E
40,152,Chile,260,Olives,1971,,,11000,X,,M
50,196,Cyprus,260,Olives,1971,712,A,15240,A,21405,A
60,222,El Salvador,260,Olives,1971,666.7,E,1800,E,2700,E
105,376,Israel,260,Olives,1971,1213.6,A,12500,A,10300,A
231,840,United States of America,260,Olives,1971,4450.9,A,49895,A,11210,A
59,818,Egypt,260,Olives,1971,2937.5,E,5875,A,2000,E
234,858,Uruguay,260,Olives,1971,,,2100,E,,M
124,434,Libya,260,Olives,1971,,,6000,A,,M
143,504,Morocco,260,Olives,1971,903.6,E,506000,A,560000,E
212,760,Syrian Arab Republic,260,Olives,1971,936.9,A,117120,A,125014,A
138,484,Mexico,260,Olives,1971,2921.9,A,9467,A,3240,A
248,890,Yugoslav SFR,260,Olives,1971,,,15625,A,,M
103,368,Iraq,260,Olives,1971,,,10000,E,,M
170,604,Peru,260,Olives,1971,3725.9,A,10261,A,2754,A
106,380,Italy,260,Olives,1971,2259.1,E,3055900,A,1352700,X
174,620,Portugal,260,Olives,1971,,,296266,A,,M
9,32,Argentina,260,Olives,1972,,,59034,A,,M
21,76,Brazil,260,Olives,1972,,,832,A,,M
112,400,Jordan,260,Olives,1972,1101.3,A,35000,A,31780,A
121,422,Lebanon,260,Olives,1972,1413.3,A,39603,A,28021,A
134,470,Malta,260,Olives,1972,533.3,A,8,A,15,A
138,484,Mexico,260,Olives,1972,2796.8,A,12527,A,4479,A
222,788,Tunisia,260,Olives,1972,287,A,358000,A,1247400,A
68,250,France,260,Olives,1972,223.5,A,6680,A,29890,A
106,380,Italy,260,Olives,1972,1322.4,E,1779200,A,1345400,X
234,858,Uruguay,260,Olives,1972,,,2150,E,,M
40,152,Chile,260,Olives,1972,,,11000,X,,M
59,818,Egypt,260,Olives,1972,3200,E,8000,A,2500,E
84,300,Greece,260,Olives,1972,,,1235320,A,,M
203,724,Spain,260,Olives,1972,,,2309500,A,,M
50,196,Cyprus,260,Olives,1972,949.3,A,20320,A,21405,A
118,414,Kuwait,260,Olives,1972,,,,A,,A
170,604,Peru,260,Olives,1972,3831.6,A,11081,A,2892,A
103,368,Iraq,260,Olives,1972,,,10000,E,,M
105,376,Israel,260,Olives,1972,2621.4,A,27000,A,10300,A
143,504,Morocco,260,Olives,1972,886.4,E,195000,A,220000,E
60,222,El Salvador,260,Olives,1972,666.7,E,2000,E,3000,E
231,840,United States of America,260,Olives,1972,1917.4,A,21954,A,11450,A
214,158,"China, Taiwan Province of",260,Olives,1972,6791,A,910,A,134,A
124,434,Libya,260,Olives,1972,,,94533,A,,M
4,12,Algeria,260,Olives,1972,1172.6,A,171550,A,146300,A
102,364,Iran (Islamic Republic of),260,Olives,1972,2700,E,13500,A,5000,E
223,792,Türkiye,260,Olives,1972,2215.2,A,1019000,A,460000,A
2,4,Afghanistan,260,Olives,1972,2000,E,1200,E,600,E
3,8,Albania,260,Olives,1972,1081.1,E,40000,E,37000,E
10,36,Australia,260,Olives,1972,1756.2,E,2283,A,1300,E
174,620,Portugal,260,Olives,1972,,,406029,A,,M
212,760,Syrian Arab Republic,260,Olives,1972,1079.6,A,161326,A,149436,A
248,890,Yugoslav SFR,260,Olives,1972,,,11771,A,,M
50,196,Cyprus,260,Olives,1973,75.9,A,1524,A,20067,A
112,400,Jordan,260,Olives,1973,292.7,A,9489,A,32420,A
121,422,Lebanon,260,Olives,1973,1068.2,A,30178,A,28251,A
222,788,Tunisia,260,Olives,1973,512.6,A,657200,A,1282150,A
234,858,Uruguay,260,Olives,1973,,,2200,E,,M
106,380,Italy,260,Olives,1973,1997.8,E,2695800,A,1349400,X
223,792,Türkiye,260,Olives,1973,710.2,A,332500,A,468200,A
248,890,Yugoslav SFR,260,Olives,1973,,,14511,A,,M
2,4,Afghanistan,260,Olives,1973,1666.7,E,1000,E,600,E
10,36,Australia,260,Olives,1973,1925.4,E,2503,A,1300,E
21,76,Brazil,260,Olives,1973,,,834,A,,M
174,620,Portugal,260,Olives,1973,,,285660,A,,M
231,840,United States of America,260,Olives,1973,5488.6,A,63503,A,11570,A
4,12,Algeria,260,Olives,1973,787.8,A,119061,A,151130,A
60,222,El Salvador,260,Olives,1973,647.1,E,2200,E,3400,E
102,364,Iran (Islamic Republic of),260,Olives,1973,2600,E,13000,X,5000,E
134,470,Malta,260,Olives,1973,785.7,A,11,A,14,A
103,368,Iraq,260,Olives,1973,,,9000,E,,M
105,376,Israel,260,Olives,1973,400,A,4000,A,10000,A
212,760,Syrian Arab Republic,260,Olives,1973,417.5,A,73183,A,175275,A
214,158,"China, Taiwan Province of",260,Olives,1973,9868.4,A,1125,A,114,A
124,434,Libya,260,Olives,1973,,,149313,A,,M
203,724,Spain,260,Olives,1973,,,2249400,A,,M
68,250,France,260,Olives,1973,500.4,A,14668,A,29315,A
84,300,Greece,260,Olives,1973,,,1078660,A,,M
143,504,Morocco,260,Olives,1973,909.6,E,254700,A,280000,E
59,818,Egypt,260,Olives,1973,3200,E,8000,A,2500,E
9,32,Argentina,260,Olives,1973,,,128000,A,,M
40,152,Chile,260,Olives,1973,,,8000,X,,M
118,414,Kuwait,260,Olives,1973,,,,A,,A
3,8,Albania,260,Olives,1973,1331.7,E,53000,E,39800,A
138,484,Mexico,260,Olives,1973,2025.2,A,9010,A,4449,A
170,604,Peru,260,Olives,1973,3411.9,A,10819,A,3171,A
103,368,Iraq,260,Olives,1974,,,8500,E,,M
203,724,Spain,260,Olives,1974,,,1640200,A,,M
212,760,Syrian Arab Republic,260,Olives,1974,1195.6,A,215010,A,179834,A
2,4,Afghanistan,260,Olives,1974,2166.7,E,1300,E,600,E
9,32,Argentina,260,Olives,1974,,,92200,A,,M
3,8,Albania,260,Olives,1974,1175,E,47000,E,40000,E
21,76,Brazil,260,Olives,1974,,,1027,A,,M
59,818,Egypt,260,Olives,1974,3200,E,8000,A,2500,E
105,376,Israel,260,Olives,1974,3050.5,A,30200,A,9900,A
4,12,Algeria,260,Olives,1974,1040.2,A,172896,A,166220,A
50,196,Cyprus,260,Olives,1974,759.5,A,8128,A,10702,A
84,300,Greece,260,Olives,1974,,,1234960,A,,M
121,422,Lebanon,260,Olives,1974,2864.3,A,81167,A,28337,A
143,504,Morocco,260,Olives,1974,742.8,A,218900,A,294700,A
222,788,Tunisia,260,Olives,1974,462.1,A,594200,A,1285760,A
223,792,Türkiye,260,Olives,1974,1770.8,A,840000,A,474367,A
231,840,United States of America,260,Olives,1974,4602.8,A,53070,A,11530,A
10,36,Australia,260,Olives,1974,1939.2,E,2521,A,1300,E
68,250,France,260,Olives,1974,391,A,11570,A,29590,A
60,222,El Salvador,260,Olives,1974,657.5,E,2400,E,3650,E
124,434,Libya,260,Olives,1974,,,95000,A,,M
134,470,Malta,260,Olives,1974,700,A,21,A,30,A
112,400,Jordan,260,Olives,1974,1262.3,A,40529,A,32106,A
170,604,Peru,260,Olives,1974,3637.4,A,11705,A,3218,A
102,364,Iran (Islamic Republic of),260,Olives,1974,3200,E,16000,X,5000,E
248,890,Yugoslav SFR,260,Olives,1974,,,11440,A,,M
174,620,Portugal,260,Olives,1974,,,339412,A,,M
106,380,Italy,260,Olives,1974,1610.3,E,2237000,A,1389200,X
118,414,Kuwait,260,Olives,1974,,,,A,,A
138,484,Mexico,260,Olives,1974,1389.5,A,7631,A,5492,A
40,152,Chile,260,Olives,1974,,,9350,A,,M
214,158,"China, Taiwan Province of",260,Olives,1974,8779.8,A,957,A,109,A
234,858,Uruguay,260,Olives,1974,,,2250,E,,M
10,36,Australia,260,Olives,1975,1649.2,E,1979,A,1200,E
21,76,Brazil,260,Olives,1975,,,1059,A,,M
138,484,Mexico,260,Olives,1975,1363.7,A,7631,A,5596,A
170,604,Peru,260,Olives,1975,3397.9,A,11237,A,3307,A
231,840,United States of America,260,Olives,1975,5159.7,A,60781,A,11780,A
234,858,Uruguay,260,Olives,1975,,,2300,E,,M
4,12,Algeria,260,Olives,1975,1121.4,A,197267,A,175910,A
214,158,"China, Taiwan Province of",260,Olives,1975,7219,A,758,A,105,A
50,196,Cyprus,260,Olives,1975,1234.2,A,13208,A,10702,A
103,368,Iraq,260,Olives,1975,,,8000,E,,M
105,376,Israel,260,Olives,1975,490,A,4900,A,10000,A
134,470,Malta,260,Olives,1975,633.3,A,19,A,30,A
143,504,Morocco,260,Olives,1975,993,A,312200,A,314400,A
222,788,Tunisia,260,Olives,1975,676.3,A,875200,A,1294130,A
40,152,Chile,260,Olives,1975,,,11420,A,,M
112,400,Jordan,260,Olives,1975,217.6,A,4683,A,21519,A
121,422,Lebanon,260,Olives,1975,1250,E,35000,E,28000,E
59,818,Egypt,260,Olives,1975,3200,E,8000,A,2500,E
102,364,Iran (Islamic Republic of),260,Olives,1975,2600,E,13000,X,5000,E
212,760,Syrian Arab Republic,260,Olives,1975,856.6,A,156865,A,183126,A
2,4,Afghanistan,260,Olives,1975,1666.7,E,1000,E,600,E
106,380,Italy,260,Olives,1975,2327.7,E,3228000,A,1386800,X
118,414,Kuwait,260,Olives,1975,1000,E,4,A,4,E
84,300,Greece,260,Olives,1975,,,1364880,A,,M
203,724,Spain,260,Olives,1975,,,2357700,A,,M
248,890,Yugoslav SFR,260,Olives,1975,,,25817,A,,M
60,222,El Salvador,260,Olives,1975,650,E,2600,E,4000,E
223,792,Türkiye,260,Olives,1975,1157.2,A,561000,A,484800,A
3,8,Albania,260,Olives,1975,1300,E,52000,E,40000,E
68,250,France,260,Olives,1975,522.8,A,15534,A,29715,A
174,620,Portugal,260,Olives,1975,,,335161,A,,M
9,32,Argentina,260,Olives,1975,,,89000,A,,M
124,434,Libya,260,Olives,1975,,,150918,A,,M
21,76,Brazil,260,Olives,1976,,,1190,A,,M
124,434,Libya,260,Olives,1976,,,155096,A,,M
203,724,Spain,260,Olives,1976,,,2138800,A,,M
2,4,Afghanistan,260,Olives,1976,2226.7,E,1336,A,600,E
84,300,Greece,260,Olives,1976,,,1099240,A,,M
102,364,Iran (Islamic Republic of),260,Olives,1976,1875,E,9000,A,4800,E
105,376,Israel,260,Olives,1976,1936.4,A,19500,A,10070,A
138,484,Mexico,260,Olives,1976,1746.5,A,9728,A,5570,A
170,604,Peru,260,Olives,1976,3412.4,A,11800,A,3458,A
174,620,Portugal,260,Olives,1976,,,277891,A,,M
231,840,United States of America,260,Olives,1976,5824.6,A,72574,A,12460,A
234,858,Uruguay,260,Olives,1976,,,2500,E,,M
9,32,Argentina,260,Olives,1976,,,79300,A,,M
50,196,Cyprus,260,Olives,1976,943.4,A,10160,A,10769,A
59,818,Egypt,260,Olives,1976,2821.1,E,7617,A,2700,E
118,414,Kuwait,260,Olives,1976,1000,E,4,A,4,E
214,158,"China, Taiwan Province of",260,Olives,1976,8892.1,A,1236,A,139,A
223,792,Türkiye,260,Olives,1976,2239.8,A,1097000,A,489780,A
3,8,Albania,260,Olives,1976,1000,E,42000,E,42000,E
40,152,Chile,260,Olives,1976,,,7410,A,,M
121,422,Lebanon,260,Olives,1976,1888.9,E,51000,E,27000,E
134,470,Malta,260,Olives,1976,642.9,A,18,A,28,A
4,12,Algeria,260,Olives,1976,1200.6,A,221015,A,184080,A
10,36,Australia,260,Olives,1976,2418.5,E,3144,A,1300,E
103,368,Iraq,260,Olives,1976,,,7000,E,,M
212,760,Syrian Arab Republic,260,Olives,1976,1063.7,A,233403,A,219422,A
248,890,Yugoslav SFR,260,Olives,1976,,,11943,A,,M
222,788,Tunisia,260,Olives,1976,330,A,435200,A,1318600,A
143,504,Morocco,260,Olives,1976,894.1,E,304000,A,340000,E
112,400,Jordan,260,Olives,1976,881.5,A,22540,A,25571,A
68,250,France,260,Olives,1976,542.4,A,16212,A,29890,A
60,222,El Salvador,260,Olives,1976,651.2,E,2800,E,4300,E
106,380,Italy,260,Olives,1976,1203.8,E,1668100,A,1385700,X
84,300,Greece,260,Olives,1977,,,1304120,A,,M
106,380,Italy,260,Olives,1977,2495.5,E,3459500,A,1386300,X
234,858,Uruguay,260,Olives,1977,,,2500,E,,M
4,12,Algeria,260,Olives,1977,696.7,A,116363,A,167020,A
59,818,Egypt,260,Olives,1977,3272.6,E,5498,A,1680,X
103,368,Iraq,260,Olives,1977,,,6500,E,,M
138,484,Mexico,260,Olives,1977,2497.8,A,13236,A,5299,A
248,890,Yugoslav SFR,260,Olives,1977,,,12713,A,,M
105,376,Israel,260,Olives,1977,776.6,A,8100,A,10430,A
118,414,Kuwait,260,Olives,1977,1000,E,5,A,5,E
170,604,Peru,260,Olives,1977,2770,A,10274,A,3709,A
9,32,Argentina,260,Olives,1977,,,94000,A,,M
10,36,Australia,260,Olives,1977,1320.7,E,1981,A,1500,E
21,76,Brazil,260,Olives,1977,,,977,A,,M
60,222,El Salvador,260,Olives,1977,652.2,E,3000,E,4600,E
112,400,Jordan,260,Olives,1977,452.6,A,8320,A,18382,A
203,724,Spain,260,Olives,1977,,,1934200,A,,M
222,788,Tunisia,260,Olives,1977,478,A,633000,A,1324300,A
68,250,France,260,Olives,1977,346.8,A,10304,A,29710,A
3,8,Albania,260,Olives,1977,1181.8,E,52000,E,44000,E
50,196,Cyprus,260,Olives,1977,797,A,8636,A,10836,A
102,364,Iran (Islamic Republic of),260,Olives,1977,2291.7,E,11000,E,4800,E
223,792,Türkiye,260,Olives,1977,810.8,A,400000,A,493333,A
231,840,United States of America,260,Olives,1977,2913.3,A,39009,A,13390,A
2,4,Afghanistan,260,Olives,1977,2291.7,E,1375,A,600,E
214,158,"China, Taiwan Province of",260,Olives,1977,11103.9,A,855,A,77,A
174,620,Portugal,260,Olives,1977,,,233132,A,,M
134,470,Malta,260,Olives,1977,1210.5,A,23,A,19,A
143,504,Morocco,260,Olives,1977,900,E,180000,X,200000,E
40,152,Chile,260,Olives,1977,,,10300,A,,M
121,422,Lebanon,260,Olives,1977,925.9,E,25000,X,27000,E
124,434,Libya,260,Olives,1977,,,42028,A,,M
212,760,Syrian Arab Republic,260,Olives,1977,769,A,175537,A,228263,A
102,364,Iran (Islamic Republic of),260,Olives,1978,2000,E,9000,E,4500,E
105,376,Israel,260,Olives,1978,3083.7,A,35000,A,11350,A
174,620,Portugal,260,Olives,1978,,,324050,A,,M
212,760,Syrian Arab Republic,260,Olives,1978,1299.7,A,304677,A,234427,A
50,196,Cyprus,260,Olives,1978,1936.6,A,10363,A,5351,A
112,400,Jordan,260,Olives,1978,1712.6,A,36938,A,21569,A
118,414,Kuwait,260,Olives,1978,1000,E,1,A,1,E
121,422,Lebanon,260,Olives,1978,3095.2,X,65000,X,21000,X
124,434,Libya,260,Olives,1978,,,143400,A,,M
134,470,Malta,260,Olives,1978,772.7,A,17,A,22,A
170,604,Peru,260,Olives,1978,2614.4,A,11148,A,4264,A
40,152,Chile,260,Olives,1978,,,7200,X,,M
68,250,France,260,Olives,1978,492.8,A,14707,A,29843,A
103,368,Iraq,260,Olives,1978,,,5000,E,,M
143,504,Morocco,260,Olives,1978,909.1,E,200000,X,220000,E
222,788,Tunisia,260,Olives,1978,308.8,A,410000,A,1327640,A
223,792,Türkiye,260,Olives,1978,2244.9,A,1100000,A,490000,A
248,890,Yugoslav SFR,260,Olives,1978,,,12453,A,,M
2,4,Afghanistan,260,Olives,1978,2117.2,A,1319,A,623,A
10,36,Australia,260,Olives,1978,2095.4,E,2724,A,1300,E
106,380,Italy,260,Olives,1978,1666.4,E,2308100,A,1385100,X
3,8,Albania,260,Olives,1978,883.7,E,38000,E,43000,E
59,818,Egypt,260,Olives,1978,3367.5,E,5590,A,1660,E
214,158,"China, Taiwan Province of",260,Olives,1978,8769.2,A,570,A,65,A
60,222,El Salvador,260,Olives,1978,652.2,E,3000,E,4600,E
9,32,Argentina,260,Olives,1978,,,75000,A,,M
231,840,United States of America,260,Olives,1978,7595,A,114305,A,15050,A
4,12,Algeria,260,Olives,1978,516.4,A,88414,A,171220,A
84,300,Greece,260,Olives,1978,,,1283250,A,,M
203,724,Spain,260,Olives,1978,,,2780700,A,,M
234,858,Uruguay,260,Olives,1978,,,2600,E,,M
138,484,Mexico,260,Olives,1978,5375.6,A,37108,A,6903,A
21,76,Brazil,260,Olives,1978,,,973,A,,M
102,364,Iran (Islamic Republic of),260,Olives,1979,1555.6,E,7000,E,4500,E
138,484,Mexico,260,Olives,1979,4548.8,A,30782,A,6767,A
214,158,"China, Taiwan Province of",260,Olives,1979,9254.5,A,509,A,55,A
124,434,Libya,260,Olives,1979,,,100000,A,,M
9,32,Argentina,260,Olives,1979,,,95000,A,,M
50,196,Cyprus,260,Olives,1979,1944.9,A,10668,A,5485,A
68,250,France,260,Olives,1979,500,E,13000,A,26000,E
84,300,Greece,260,Olives,1979,,,1182380,A,,M
105,376,Israel,260,Olives,1979,669.9,A,8200,A,12240,A
212,760,Syrian Arab Republic,260,Olives,1979,812.2,A,195950,A,241254,A
231,840,United States of America,260,Olives,1979,3767.6,A,56250,A,14930,A
234,858,Uruguay,260,Olives,1979,,,2700,E,,M
2,4,Afghanistan,260,Olives,1979,1125,E,900,E,800,E
3,8,Albania,260,Olives,1979,747.7,E,32000,E,42800,A
10,36,Australia,260,Olives,1979,2142.9,E,3000,E,1400,E
21,76,Brazil,260,Olives,1979,,,975,A,,M
60,222,El Salvador,260,Olives,1979,666.7,E,3000,E,4500,E
106,380,Italy,260,Olives,1979,1898.7,E,2370000,A,1248200,X
118,414,Kuwait,260,Olives,1979,1000,E,5,A,5,E
121,422,Lebanon,260,Olives,1979,652.2,E,15000,X,23000,E
223,792,Türkiye,260,Olives,1979,877.6,A,430000,A,490000,A
59,818,Egypt,260,Olives,1979,3595.1,A,6108,A,1699,A
40,152,Chile,260,Olives,1979,,,11225,A,,M
112,400,Jordan,260,Olives,1979,210.7,A,6842,A,32471,A
134,470,Malta,260,Olives,1979,772.7,A,17,A,22,A
103,368,Iraq,260,Olives,1979,,,3500,E,,M
170,604,Peru,260,Olives,1979,2824.7,A,12748,A,4513,A
174,620,Portugal,260,Olives,1979,,,409780,A,,M
203,724,Spain,260,Olives,1979,,,2300100,A,,M
222,788,Tunisia,260,Olives,1979,328.4,A,437000,A,1330500,A
248,890,Yugoslav SFR,260,Olives,1979,,,13400,A,,M
4,12,Algeria,260,Olives,1979,861.3,A,156920,A,182180,A
143,504,Morocco,260,Olives,1979,907,E,390000,X,430000,E
40,152,Chile,260,Olives,1980,,,10200,X,,M
212,760,Syrian Arab Republic,260,Olives,1980,1572.3,A,392015,A,249328,A
10,36,Australia,260,Olives,1980,1537,E,1537,A,1000,E
50,196,Cyprus,260,Olives,1980,2649.1,A,15240,A,5753,A
105,376,Israel,260,Olives,1980,4736.8,A,45000,A,9500,A
106,380,Italy,260,Olives,1980,2799.6,E,3490800,A,1246900,X
112,400,Jordan,260,Olives,1980,1607.4,A,44461,A,27660,A
234,858,Uruguay,260,Olives,1980,,,2800,E,,M
21,76,Brazil,260,Olives,1980,,,956,A,,M
68,250,France,260,Olives,1980,604,E,15100,A,25000,E
118,414,Kuwait,260,Olives,1980,1000,E,5,A,5,E
214,158,"China, Taiwan Province of",260,Olives,1980,8156.3,A,522,A,64,A
59,818,Egypt,260,Olives,1980,1947.5,A,4191,A,2152,A
60,222,El Salvador,260,Olives,1980,666.7,E,3000,E,4500,E
248,890,Yugoslav SFR,260,Olives,1980,,,8163,A,,M
138,484,Mexico,260,Olives,1980,4353.8,A,28731,A,6599,A
143,504,Morocco,260,Olives,1980,890,E,267000,E,300000,E
174,620,Portugal,260,Olives,1980,,,235923,A,,M
203,724,Spain,260,Olives,1980,1949.8,A,2255000,A,1156500,A
3,8,Albania,260,Olives,1980,619.8,A,26900,A,43400,A
102,364,Iran (Islamic Republic of),260,Olives,1980,2222.2,E,10000,E,4500,E
223,792,Türkiye,260,Olives,1980,2745.8,A,1350000,A,491667,A
121,422,Lebanon,260,Olives,1980,2580.6,A,80000,A,31000,A
222,788,Tunisia,260,Olives,1980,547.7,A,725000,A,1323800,A
231,840,United States of America,260,Olives,1980,6731.1,A,98880,A,14690,A
103,368,Iraq,260,Olives,1980,,,2100,A,,M
134,470,Malta,260,Olives,1980,1071.4,A,15,A,14,A
170,604,Peru,260,Olives,1980,2121.4,A,10032,A,4729,A
2,4,Afghanistan,260,Olives,1980,1170,E,1170,A,1000,E
84,300,Greece,260,Olives,1980,,,1746370,A,,M
4,12,Algeria,260,Olives,1980,576.1,A,103431,A,179540,A
124,434,Libya,260,Olives,1980,,,160983,A,,M
9,32,Argentina,260,Olives,1980,,,82000,A,,M
2,4,Afghanistan,260,Olives,1981,833.3,E,1000,E,1200,E
10,36,Australia,260,Olives,1981,1024.7,E,1537,A,1500,E
214,158,"China, Taiwan Province of",260,Olives,1981,5311.5,A,648,A,122,A
68,250,France,260,Olives,1981,445.6,A,10500,A,23565,A
103,368,Iraq,260,Olives,1981,,,2000,A,,M
4,12,Algeria,260,Olives,1981,1212.3,A,213812,A,176370,A
21,76,Brazil,260,Olives,1981,,,248,A,,M
59,818,Egypt,260,Olives,1981,2424.1,A,5396,A,2226,A
212,760,Syrian Arab Republic,260,Olives,1981,806.3,A,207892,A,257825,A
248,890,Yugoslav SFR,260,Olives,1981,,,33500,A,,M
84,300,Greece,260,Olives,1981,,,1466990,A,,M
105,376,Israel,260,Olives,1981,1991.9,A,19700,A,9890,A
112,400,Jordan,260,Olives,1981,645.5,A,18851,A,29202,A
138,484,Mexico,260,Olives,1981,2594.2,A,6942,A,2676,A
222,788,Tunisia,260,Olives,1981,296.3,A,400000,A,1350000,A
9,32,Argentina,260,Olives,1981,,,99000,A,,M
40,152,Chile,260,Olives,1981,,,8525,A,,M
121,422,Lebanon,260,Olives,1981,483.9,A,15000,A,31000,A
60,222,El Salvador,260,Olives,1981,673.9,E,3100,E,4600,E
203,724,Spain,260,Olives,1981,743.7,A,1520800,A,2045000,A
231,840,United States of America,260,Olives,1981,2934.4,A,40730,A,13880,A
102,364,Iran (Islamic Republic of),260,Olives,1981,3461.5,E,9000,E,2600,E
223,792,Türkiye,260,Olives,1981,789.5,A,400000,A,506667,A
134,470,Malta,260,Olives,1981,1076.9,A,14,A,13,A
143,504,Morocco,260,Olives,1981,826.1,E,200000,E,242100,A
170,604,Peru,260,Olives,1981,2270.2,A,10863,A,4785,A
174,620,Portugal,260,Olives,1981,,,165881,A,,M
3,8,Albania,260,Olives,1981,553,A,24000,A,43400,A
50,196,Cyprus,260,Olives,1981,1833.3,A,10668,A,5819,A
234,858,Uruguay,260,Olives,1981,,,2900,E,,M
118,414,Kuwait,260,Olives,1981,1000,E,5,E,5,E
106,380,Italy,260,Olives,1981,2428.9,E,3024000,A,1245000,X
124,434,Libya,260,Olives,1981,,,154800,A,,M
212,760,Syrian Arab Republic,260,Olives,1982,1770,A,471000,A,266104,A
231,840,United States of America,260,Olives,1982,9385.6,A,132900,A,14160,A
234,858,Uruguay,260,Olives,1982,,,3000,E,,M
40,152,Chile,260,Olives,1982,,,9165,A,,M
50,196,Cyprus,260,Olives,1982,2194,A,13208,A,6020,A
59,818,Egypt,260,Olives,1982,3304.3,A,7600,A,2300,A
68,250,France,260,Olives,1982,695,E,13900,A,20000,E
118,414,Kuwait,260,Olives,1982,1000,E,5,E,5,E
174,620,Portugal,260,Olives,1982,,,528554,A,,M
84,300,Greece,260,Olives,1982,,,1783230,A,,M
143,504,Morocco,260,Olives,1982,1667.1,A,432950,A,259700,A
203,724,Spain,260,Olives,1982,1631.6,A,3337900,A,2045800,A
223,792,Türkiye,260,Olives,1982,2654.2,A,1320000,A,497333,A
2,4,Afghanistan,260,Olives,1982,640,E,800,E,1250,E
3,8,Albania,260,Olives,1982,406,A,17700,A,43600,A
4,12,Algeria,260,Olives,1982,810,A,143265,A,176880,A
134,470,Malta,260,Olives,1982,1666.7,A,20,A,12,A
214,158,"China, Taiwan Province of",260,Olives,1982,10702.1,A,503,A,47,A
10,36,Australia,260,Olives,1982,1858.7,E,2788,A,1500,E
21,76,Brazil,260,Olives,1982,,,207,A,,M
60,222,El Salvador,260,Olives,1982,670.2,E,3150,E,4700,E
121,422,Lebanon,260,Olives,1982,2419.4,A,75000,A,31000,A
102,364,Iran (Islamic Republic of),260,Olives,1982,3790.6,A,9848,A,2598,A
103,368,Iraq,260,Olives,1982,,,2500,A,,M
248,890,Yugoslav SFR,260,Olives,1982,,,4300,A,,M
112,400,Jordan,260,Olives,1982,1332,A,40366,A,30305,A
9,32,Argentina,260,Olives,1982,,,88400,A,,M
105,376,Israel,260,Olives,1982,3303.7,A,37200,A,11260,A
106,380,Italy,260,Olives,1982,1715.2,E,2131700,A,1242800,X
138,484,Mexico,260,Olives,1982,3260.8,A,13578,A,4164,A
222,788,Tunisia,260,Olives,1982,213.8,A,275000,A,1286100,A
124,434,Libya,260,Olives,1982,,,143000,A,,M
170,604,Peru,260,Olives,1982,3154.6,A,15975,A,5064,A
3,8,Albania,260,Olives,1983,1029.7,A,45000,A,43700,A
9,32,Argentina,260,Olives,1983,,,108000,A,,M
124,434,Libya,260,Olives,1983,,,144000,A,,M
134,470,Malta,260,Olives,1983,1750,A,21,A,12,A
222,788,Tunisia,260,Olives,1983,576.9,E,750000,A,1300000,E
60,222,El Salvador,260,Olives,1983,666.7,E,3200,E,4800,E
121,422,Lebanon,260,Olives,1983,645.2,E,20000,A,31000,E
143,504,Morocco,260,Olives,1983,971.6,A,273900,A,281900,A
103,368,Iraq,260,Olives,1983,,,3000,A,,M
138,484,Mexico,260,Olives,1983,2620.7,A,10635,A,4058,A
212,760,Syrian Arab Republic,260,Olives,1983,561.7,A,152000,A,270600,A
102,364,Iran (Islamic Republic of),260,Olives,1983,2175.1,A,7541,A,3467,A
106,380,Italy,260,Olives,1983,3388.9,A,4206000,A,1241126,A
4,12,Algeria,260,Olives,1983,734.4,A,135317,A,184260,A
223,792,Türkiye,260,Olives,1983,800.2,A,400000,A,499900,A
234,858,Uruguay,260,Olives,1983,,,3000,E,,M
2,4,Afghanistan,260,Olives,1983,384.6,E,500,E,1300,E
68,250,France,260,Olives,1983,815.8,E,15500,A,19000,E
10,36,Australia,260,Olives,1983,868,E,868,A,1000,E
214,158,"China, Taiwan Province of",260,Olives,1983,13595.7,A,639,A,47,A
84,300,Greece,260,Olives,1983,,,1430530,A,,M
112,400,Jordan,260,Olives,1983,798.7,A,22200,A,27795,A
118,414,Kuwait,260,Olives,1983,1000,E,5,E,5,E
170,604,Peru,260,Olives,1983,1597.9,A,8670,A,5426,A
231,840,United States of America,260,Olives,1983,3897.2,A,55340,A,14200,A
21,76,Brazil,260,Olives,1983,,,171,A,,M
203,724,Spain,260,Olives,1983,647.9,A,1328400,A,2050400,A
248,890,Yugoslav SFR,260,Olives,1983,,,12139,A,,M
59,818,Egypt,260,Olives,1983,3600,A,9000,A,2500,A
174,620,Portugal,260,Olives,1983,,,90692,A,,M
40,152,Chile,260,Olives,1983,,,7150,A,,M
105,376,Israel,260,Olives,1983,2892.7,A,37200,A,12860,A
50,196,Cyprus,260,Olives,1983,492.9,A,3000,A,6087,A
10,36,Australia,260,Olives,1984,1843.8,E,1475,A,800,E
40,152,Chile,260,Olives,1984,,,6000,A,,M
84,300,Greece,260,Olives,1984,,,1306623,A,,M
59,818,Egypt,260,Olives,1984,3174.6,A,8000,A,2520,A
60,222,El Salvador,260,Olives,1984,673.5,E,3300,E,4900,E
118,414,Kuwait,260,Olives,1984,1200,E,6,E,5,E
121,422,Lebanon,260,Olives,1984,1612.9,E,50000,A,31000,E
134,470,Malta,260,Olives,1984,1666.7,E,20,E,12,E
138,484,Mexico,260,Olives,1984,2650.8,A,10635,A,4012,A
143,504,Morocco,260,Olives,1984,1139.9,A,326700,A,286600,A
68,250,France,260,Olives,1984,740.8,A,13570,A,18318,A
248,890,Yugoslav SFR,260,Olives,1984,,,17274,A,,M
102,364,Iran (Islamic Republic of),260,Olives,1984,2510.2,A,10302,A,4104,A
214,158,"China, Taiwan Province of",260,Olives,1984,13500,A,756,A,56,A
4,12,Algeria,260,Olives,1984,632.7,A,102031,A,161260,A
212,760,Syrian Arab Republic,260,Olives,1984,1104.4,A,310000,A,280700,A
231,840,United States of America,260,Olives,1984,6008.8,A,82200,A,13680,A
2,4,Afghanistan,260,Olives,1984,140.1,A,194,A,1385,A
3,8,Albania,260,Olives,1984,833.3,E,25000,E,30000,E
50,196,Cyprus,260,Olives,1984,1908.4,A,12000,A,6288,A
222,788,Tunisia,260,Olives,1984,362.6,A,475000,A,1310000,A
234,858,Uruguay,260,Olives,1984,,,3000,E,,M
105,376,Israel,260,Olives,1984,1468.6,A,17300,A,11780,A
106,380,Italy,260,Olives,1984,1484.3,A,1844500,A,1242704,A
124,434,Libya,260,Olives,1984,,,121600,A,,M
9,32,Argentina,260,Olives,1984,,,81500,A,,M
170,604,Peru,260,Olives,1984,751.9,A,4231,A,5627,A
103,368,Iraq,260,Olives,1984,,,5000,A,,M
174,620,Portugal,260,Olives,1984,,,363342,A,,M
203,724,Spain,260,Olives,1984,1728.9,A,3525400,A,2039100,A
223,792,Türkiye,260,Olives,1984,1600,A,800000,A,500000,A
21,76,Brazil,260,Olives,1984,,,95,A,,M
112,400,Jordan,260,Olives,1984,1631.3,A,49951,A,30620,A
40,152,Chile,260,Olives,1985,1894.1,E,6440,A,3400,E
212,760,Syrian Arab Republic,260,Olives,1985,625.6,A,184999,A,295693,A
223,792,Türkiye,260,Olives,1985,1186.6,A,600000,A,505667,A
59,818,Egypt,260,Olives,1985,3571.4,A,9000,A,2520,A
248,890,Yugoslav SFR,260,Olives,1985,353.1,E,8827,A,25000,E
60,222,El Salvador,260,Olives,1985,680,E,3400,E,5000,E
68,250,France,260,Olives,1985,477.2,A,8500,A,17813,A
143,504,Morocco,260,Olives,1985,1255.1,A,368000,A,293200,A
50,196,Cyprus,260,Olives,1985,1828.9,A,11500,A,6288,A
203,724,Spain,260,Olives,1985,970,A,1989500,A,2051000,A
234,858,Uruguay,260,Olives,1985,2307.7,E,3000,E,1300,E
9,32,Argentina,260,Olives,1985,2817.4,E,64800,A,23000,E
10,36,Australia,260,Olives,1985,1900,E,1520,A,800,E
2,4,Afghanistan,260,Olives,1985,579.8,A,803,A,1385,A
112,400,Jordan,260,Olives,1985,661.6,A,19700,A,29775,A
124,434,Libya,260,Olives,1985,2064.5,E,128000,A,62000,E
102,364,Iran (Islamic Republic of),260,Olives,1985,1870.7,A,8278,A,4425,A
105,376,Israel,260,Olives,1985,3424.1,A,39000,A,11390,A
121,422,Lebanon,260,Olives,1985,1000,X,33000,X,33000,X
231,840,United States of America,260,Olives,1985,6543.2,A,87090,A,13310,A
3,8,Albania,260,Olives,1985,759.1,A,33400,A,44000,A
21,76,Brazil,260,Olives,1985,1525,E,61,A,40,E
84,300,Greece,260,Olives,1985,2656,E,1907000,A,718000,E
174,620,Portugal,260,Olives,1985,686,E,240095,A,350000,E
214,158,"China, Taiwan Province of",260,Olives,1985,9221.1,A,876,A,95,A
103,368,Iraq,260,Olives,1985,1714.3,E,6000,E,3500,E
106,380,Italy,260,Olives,1985,2862.7,A,3387900,A,1183467,A
170,604,Peru,260,Olives,1985,3584.6,A,19120,A,5334,A
222,788,Tunisia,260,Olives,1985,399.2,A,525000,A,1315000,A
118,414,Kuwait,260,Olives,1985,1166.7,E,7,E,6,E
4,12,Algeria,260,Olives,1985,978,A,159155,A,162740,A
134,470,Malta,260,Olives,1985,1666.7,E,20,E,12,E
138,484,Mexico,260,Olives,1985,4866.1,A,21922,A,4505,A
134,470,Malta,260,Olives,1986,1666.7,E,20,E,12,E
138,484,Mexico,260,Olives,1986,2881,A,12806,A,4445,A
143,504,Morocco,260,Olives,1986,1326.7,A,400000,A,301500,A
4,12,Algeria,260,Olives,1986,1224.7,A,201625,A,164630,A
59,818,Egypt,260,Olives,1986,3383.5,A,27000,A,7980,A
60,222,El Salvador,260,Olives,1986,680,E,3400,E,5000,E
102,364,Iran (Islamic Republic of),260,Olives,1986,3109,A,13972,A,4494,A
112,400,Jordan,260,Olives,1986,921.4,A,31781,A,34493,A
121,422,Lebanon,260,Olives,1986,1515.2,X,50000,X,33000,X
231,840,United States of America,260,Olives,1986,7739.2,A,101151,A,13070,A
234,858,Uruguay,260,Olives,1986,2307.7,E,3000,E,1300,E
248,890,Yugoslav SFR,260,Olives,1986,314.5,E,7863,A,25000,E
9,32,Argentina,260,Olives,1986,3024,E,75600,A,25000,E
103,368,Iraq,260,Olives,1986,2000,E,7000,E,3500,E
174,620,Portugal,260,Olives,1986,1048.2,A,355878,A,339511,A
214,158,"China, Taiwan Province of",260,Olives,1986,7361.1,A,1060,A,144,A
3,8,Albania,260,Olives,1986,406.8,A,17900,A,44000,A
21,76,Brazil,260,Olives,1986,875,E,35,A,40,E
106,380,Italy,260,Olives,1986,1581.7,A,1820400,A,1150949,A
118,414,Kuwait,260,Olives,1986,1285.7,E,9,A,7,E
212,760,Syrian Arab Republic,260,Olives,1986,1346.3,A,414534,A,307900,A
222,788,Tunisia,260,Olives,1986,430.2,A,570000,A,1325000,A
170,604,Peru,260,Olives,1986,2136.2,A,12108,A,5668,A
50,196,Cyprus,260,Olives,1986,1908.4,A,12000,A,6288,A
68,250,France,260,Olives,1986,461.7,A,8100,A,17542,A
223,792,Türkiye,260,Olives,1986,1967.5,A,1010000,A,513333,A
124,434,Libya,260,Olives,1986,1935.5,E,120000,X,62000,E
2,4,Afghanistan,260,Olives,1986,1444.8,A,2001,A,1385,A
10,36,Australia,260,Olives,1986,1605,E,1284,A,800,E
105,376,Israel,260,Olives,1986,3102,A,38000,A,12250,A
40,152,Chile,260,Olives,1986,1735.3,E,5900,A,3400,E
84,300,Greece,260,Olives,1986,1854,E,1336761,A,721000,E
203,724,Spain,260,Olives,1986,1239.4,A,2556800,A,2063000,A
3,8,Albania,260,Olives,1987,851,A,37700,A,44300,A
214,158,"China, Taiwan Province of",260,Olives,1987,7762.9,A,1506,A,194,A
50,196,Cyprus,260,Olives,1987,1272.5,A,8000,A,6287,A
60,222,El Salvador,260,Olives,1987,680,E,3400,E,5000,E
112,400,Jordan,260,Olives,1987,536.7,A,20474,A,38145,A
143,504,Morocco,260,Olives,1987,1655.6,A,453960,A,274200,A
223,792,Türkiye,260,Olives,1987,1139.2,A,600000,A,526667,A
106,380,Italy,260,Olives,1987,3007.3,A,3457400,A,1149676,A
118,414,Kuwait,260,Olives,1987,1000,E,6,E,6,E
9,32,Argentina,260,Olives,1987,3070.8,E,73700,A,24000,E
21,76,Brazil,260,Olives,1987,600,E,24,A,40,E
102,364,Iran (Islamic Republic of),260,Olives,1987,1623.8,A,8382,A,5162,A
103,368,Iraq,260,Olives,1987,2571.4,E,9000,E,3500,E
222,788,Tunisia,260,Olives,1987,377.4,A,500000,A,1325000,A
234,858,Uruguay,260,Olives,1987,2307.7,E,3000,E,1300,E
248,890,Yugoslav SFR,260,Olives,1987,1205.3,E,30132,A,25000,E
10,36,Australia,260,Olives,1987,972,E,486,A,500,E
40,152,Chile,260,Olives,1987,2470.6,E,8400,A,3400,E
59,818,Egypt,260,Olives,1987,3002.1,A,29000,A,9660,A
134,470,Malta,260,Olives,1987,1750,E,21,E,12,E
105,376,Israel,260,Olives,1987,2003.2,A,25000,A,12480,A
124,434,Libya,260,Olives,1987,966.7,E,58002,A,60000,E
174,620,Portugal,260,Olives,1987,855.3,A,290675,A,339835,A
84,300,Greece,260,Olives,1987,1890.2,E,1372315,A,726000,E
121,422,Lebanon,260,Olives,1987,1675.2,A,68328,A,40789,A
138,484,Mexico,260,Olives,1987,3138.8,A,14379,A,4581,A
170,604,Peru,260,Olives,1987,2871.1,A,16331,A,5688,A
231,840,United States of America,260,Olives,1987,4791.5,A,61235,A,12780,A
4,12,Algeria,260,Olives,1987,1040.2,A,168172,A,161680,A
203,724,Spain,260,Olives,1987,1885.8,A,3879000,A,2057000,A
212,760,Syrian Arab Republic,260,Olives,1987,683.2,A,220831,A,323233,A
68,250,France,260,Olives,1987,764.9,A,13300,A,17388,A
2,4,Afghanistan,260,Olives,1987,692.3,E,900,E,1300,E
9,32,Argentina,260,Olives,1988,3005.4,E,111200,A,37000,E
21,76,Brazil,260,Olives,1988,275,E,11,A,40,E
60,222,El Salvador,260,Olives,1988,680,E,3400,E,5000,E
102,364,Iran (Islamic Republic of),260,Olives,1988,2437.7,A,14312,A,5871,A
118,414,Kuwait,260,Olives,1988,1250,E,10,E,8,E
3,8,Albania,260,Olives,1988,525.8,A,23400,A,44500,A
10,36,Australia,260,Olives,1988,1492.5,E,597,A,400,E
170,604,Peru,260,Olives,1988,1787,A,8565,A,4793,A
222,788,Tunisia,260,Olives,1988,199.2,A,270000,A,1355300,A
234,858,Uruguay,260,Olives,1988,2307.7,E,3000,E,1300,E
106,380,Italy,260,Olives,1988,1943.8,A,2218130,A,1141145,A
212,760,Syrian Arab Republic,260,Olives,1988,1423.6,A,487179,A,342221,A
103,368,Iraq,260,Olives,1988,3142.9,E,11000,X,3500,E
105,376,Israel,260,Olives,1988,3127.5,A,39000,A,12470,A
112,400,Jordan,260,Olives,1988,1951.6,A,70795,A,36276,A
248,890,Yugoslav SFR,260,Olives,1988,678.1,E,16953,A,25000,E
121,422,Lebanon,260,Olives,1988,962.5,A,39420,A,40955,A
124,434,Libya,260,Olives,1988,1032.6,E,61958,A,60000,E
174,620,Portugal,260,Olives,1988,381.2,A,129700,A,340261,A
223,792,Türkiye,260,Olives,1988,2080.2,A,1100000,A,528793,A
40,152,Chile,260,Olives,1988,1529.4,E,5200,A,3400,E
214,158,"China, Taiwan Province of",260,Olives,1988,6551.7,A,1900,A,290,A
50,196,Cyprus,260,Olives,1988,2857.1,A,18000,A,6300,A
59,818,Egypt,260,Olives,1988,3312.7,A,30609,A,9240,A
84,300,Greece,260,Olives,1988,2364.9,A,1603430,A,678000,A
138,484,Mexico,260,Olives,1988,2252.3,A,10516,A,4669,A
231,840,United States of America,260,Olives,1988,6225.9,A,79380,A,12750,A
203,724,Spain,260,Olives,1988,1092.7,A,2223700,A,2035000,A
134,470,Malta,260,Olives,1988,1500,E,18,E,12,E
4,12,Algeria,260,Olives,1988,886.7,A,142892,A,161150,A
143,504,Morocco,260,Olives,1988,1045.5,A,347000,A,331900,A
68,250,France,260,Olives,1988,465,A,7400,A,15915,A
2,4,Afghanistan,260,Olives,1988,823.1,E,1070,A,1300,E
2,4,Afghanistan,260,Olives,1989,615.4,E,800,E,1300,E
118,414,Kuwait,260,Olives,1989,1000,E,7,E,7,E
231,840,United States of America,260,Olives,1989,9252.3,A,111583,A,12060,A
214,158,"China, Taiwan Province of",260,Olives,1989,11636.1,A,3421,A,294,A
59,818,Egypt,260,Olives,1989,3343.4,A,32297,A,9660,A
103,368,Iraq,260,Olives,1989,3428.6,E,12000,X,3500,E
112,400,Jordan,260,Olives,1989,705.6,A,25683,A,36397,A
138,484,Mexico,260,Olives,1989,2851.3,A,7057,A,2475,A
9,32,Argentina,260,Olives,1989,3291.7,E,79000,E,24000,E
174,620,Portugal,260,Olives,1989,971.5,A,330795,A,340515,A
223,792,Türkiye,260,Olives,1989,943.9,A,500000,A,529733,A
234,858,Uruguay,260,Olives,1989,2307.7,E,3000,E,1300,E
10,36,Australia,260,Olives,1989,1307.5,E,523,A,400,E
105,376,Israel,260,Olives,1989,1572.6,A,19500,A,12400,A
124,434,Libya,260,Olives,1989,1083.3,E,64998,A,60000,E
134,470,Malta,260,Olives,1989,1500,A,15,A,10,A
143,504,Morocco,260,Olives,1989,1804.1,A,650000,A,360300,A
21,76,Brazil,260,Olives,1989,725,E,29,A,40,E
212,760,Syrian Arab Republic,260,Olives,1989,333.7,A,119796,A,359000,A
121,422,Lebanon,260,Olives,1989,1079.8,A,45906,A,42515,A
170,604,Peru,260,Olives,1989,3952.8,A,22448,A,5679,A
248,890,Yugoslav SFR,260,Olives,1989,610.4,E,15261,A,25000,E
60,222,El Salvador,260,Olives,1989,680,E,3400,E,5000,E
68,250,France,260,Olives,1989,705.1,A,11000,A,15600,A
102,364,Iran (Islamic Republic of),260,Olives,1989,1990.1,A,12637,A,6350,A
203,724,Spain,260,Olives,1989,1434.1,A,2945700,A,2054000,A
222,788,Tunisia,260,Olives,1989,481.3,A,650000,A,1350400,A
50,196,Cyprus,260,Olives,1989,1428.6,A,9000,A,6300,A
106,380,Italy,260,Olives,1989,2686,A,3055810,A,1137672,A
40,152,Chile,260,Olives,1989,3294.1,E,11200,A,3400,E
3,8,Albania,260,Olives,1989,697.3,A,31100,A,44600,A
4,12,Algeria,260,Olives,1989,572.5,A,92453,A,161500,A
84,300,Greece,260,Olives,1989,2407.5,A,1646725,A,684000,A
9,32,Argentina,260,Olives,1990,3034.5,E,88000,E,29000,E
21,76,Brazil,260,Olives,1990,1333.3,A,52,A,39,A
214,158,"China, Taiwan Province of",260,Olives,1990,10118.5,A,3501,A,346,A
60,222,El Salvador,260,Olives,1990,553.6,E,3142,E,5676,E
112,400,Jordan,260,Olives,1990,1746.4,A,63669,A,36457,A
248,890,Yugoslav SFR,260,Olives,1990,166.7,E,4377,A,26256,E
4,12,Algeria,260,Olives,1990,1045.5,A,177907,A,170170,A
118,414,Kuwait,260,Olives,1990,1200,E,12,E,10,E
124,434,Libya,260,Olives,1990,1092.4,E,67998,A,62247,E
174,620,Portugal,260,Olives,1990,586.3,A,197686,A,337189,A
203,724,Spain,260,Olives,1990,1632.4,A,3369300,A,2064000,A
222,788,Tunisia,260,Olives,1990,592.7,A,825000,A,1392000,A
2,4,Afghanistan,260,Olives,1990,774.6,E,1100,E,1420,E
10,36,Australia,260,Olives,1990,1780,E,534,A,300,E
40,152,Chile,260,Olives,1990,2086.7,E,6500,A,3115,E
105,376,Israel,260,Olives,1990,3280.6,A,41500,A,12650,A
170,604,Peru,260,Olives,1990,1353.3,A,4995,A,3691,A
231,840,United States of America,260,Olives,1990,9699.2,A,119300,A,12300,A
102,364,Iran (Islamic Republic of),260,Olives,1990,2329.2,A,16153,A,6935,A
134,470,Malta,260,Olives,1990,1777.8,E,16,E,9,E
138,484,Mexico,260,Olives,1990,3426.7,A,12953,A,3780,A
234,858,Uruguay,260,Olives,1990,2444.4,E,2200,E,900,E
59,818,Egypt,260,Olives,1990,4636.7,A,41962,A,9050,A
106,380,Italy,260,Olives,1990,804.6,A,912540,A,1134133,A
68,250,France,260,Olives,1990,548.3,A,8450,A,15412,A
143,504,Morocco,260,Olives,1990,1084.9,A,396000,A,365000,A
103,368,Iraq,260,Olives,1990,3304.9,E,12000,X,3631,E
212,760,Syrian Arab Republic,260,Olives,1990,1177.1,A,460500,A,391200,A
84,300,Greece,260,Olives,1990,1452.6,A,1003724,A,691000,A
121,422,Lebanon,260,Olives,1990,1450,A,62335,A,42989,A
223,792,Türkiye,260,Olives,1990,2047.1,A,1100000,A,537333,A
3,8,Albania,260,Olives,1990,222.2,A,10000,A,45000,A
50,196,Cyprus,260,Olives,1990,1666.7,A,10500,A,6300,A
10,36,Australia,260,Olives,1991,1710,E,684,A,400,E
214,158,"China, Taiwan Province of",260,Olives,1991,10199.3,A,3121,A,306,A
84,300,Greece,260,Olives,1991,2880.9,A,2031000,A,705000,A
103,368,Iraq,260,Olives,1991,3454.7,E,7000,E,2026,I
143,504,Morocco,260,Olives,1991,1527.8,A,550000,A,360000,A
203,724,Spain,260,Olives,1991,1438.3,A,2983000,A,2074000,A
68,250,France,260,Olives,1991,929.3,A,14139.5,A,15216,A
106,380,Italy,260,Olives,1991,3537.8,A,3945830,A,1115322,A
112,400,Jordan,260,Olives,1991,1108.3,A,40571,A,36607,A
121,422,Lebanon,260,Olives,1991,1018.8,A,43841,A,43031,A
50,196,Cyprus,260,Olives,1991,1111.1,A,7000,A,6300,A
59,818,Egypt,260,Olives,1991,4553.7,A,48725,A,10700,A
118,414,Kuwait,260,Olives,1991,888.9,E,8,E,9,E
124,434,Libya,260,Olives,1991,1230.8,E,80000,E,65000,E
248,890,Yugoslav SFR,260,Olives,1991,1505.3,E,35655,A,23686,I
299,275,Palestine,260,Olives,1991,,,,M,,M
102,364,Iran (Islamic Republic of),260,Olives,1991,2244.4,A,8322.3,A,3708,A
105,376,Israel,260,Olives,1991,1308.8,A,17000,A,12989,A
134,470,Malta,260,Olives,1991,1625,E,13,E,8,E
138,484,Mexico,260,Olives,1991,3426.4,A,13051,A,3809,A
223,792,Türkiye,260,Olives,1991,1177.6,A,640000,A,543467,A
21,76,Brazil,260,Olives,1991,1000,A,10,A,10,A
174,620,Portugal,260,Olives,1991,1329.2,A,443633,A,333757,A
222,788,Tunisia,260,Olives,1991,949.8,A,1325000,A,1395000,A
231,840,United States of America,260,Olives,1991,4906,A,58970,A,12020,A
234,858,Uruguay,260,Olives,1991,3714.3,E,2600,E,700,E
2,4,Afghanistan,260,Olives,1991,692.3,A,900,A,1300,A
9,32,Argentina,260,Olives,1991,3025,E,121000,E,40000,E
170,604,Peru,260,Olives,1991,4925.5,A,28415,A,5769,A
4,12,Algeria,260,Olives,1991,533.3,A,87736,A,164520,A
60,222,El Salvador,260,Olives,1991,1427,E,3374.48,I,2365,I
3,8,Albania,260,Olives,1991,784.4,A,35300,A,45000,A
212,760,Syrian Arab Republic,260,Olives,1991,556.7,A,226000,A,406000,A
40,152,Chile,260,Olives,1991,2281.6,E,10000,A,4383,I
2,4,Afghanistan,260,Olives,1992,846.2,A,1100,A,1300,A
52,31,Azerbaijan,260,Olives,1992,57.3,A,112,A,1953,A
21,76,Brazil,260,Olives,1992,1000,A,7,A,7,A
214,158,"China, Taiwan Province of",260,Olives,1992,7577.6,A,2296,A,303,A
50,196,Cyprus,260,Olives,1992,3114.8,A,19000,A,6100,A
105,376,Israel,260,Olives,1992,3655.8,A,48000,A,13130,A
134,470,Malta,260,Olives,1992,1363.6,E,15,E,11,E
212,760,Syrian Arab Republic,260,Olives,1992,1251.4,A,519315,A,415000,A
222,788,Tunisia,260,Olives,1992,482.1,A,675000,A,1400000,A
124,434,Libya,260,Olives,1992,1428.6,E,100000,E,70000,E
174,620,Portugal,260,Olives,1992,463.6,A,157125,A,338948,A
198,705,Slovenia,260,Olives,1992,1793.5,A,165,A,92,A
231,840,United States of America,260,Olives,1992,12290.6,A,149700,A,12180,A
234,858,Uruguay,260,Olives,1992,3375,E,2700,E,800,E
60,222,El Salvador,260,Olives,1992,1451.7,E,3500,E,2411,I
103,368,Iraq,260,Olives,1992,3454.8,E,14000,X,4052,I
121,422,Lebanon,260,Olives,1992,2396.7,A,103119,A,43026,A
170,604,Peru,260,Olives,1992,1467.8,A,6049,A,4121,A
4,12,Algeria,260,Olives,1992,1616.2,A,265520,A,164290,A
68,250,France,260,Olives,1992,814.4,A,12197.9,A,14977,A
80,70,Bosnia and Herzegovina,260,Olives,1992,,,,M,,M
112,400,Jordan,260,Olives,1992,2086.1,A,81808,A,39215,A
223,792,Türkiye,260,Olives,1992,1384.4,A,750000,A,541733,A
235,860,Uzbekistan,260,Olives,1992,900,E,90,E,100,E
40,152,Chile,260,Olives,1992,2291.4,E,7000,A,3055,I
98,191,Croatia,260,Olives,1992,1345.4,A,20181,A,15000,A
106,380,Italy,260,Olives,1992,2102.6,A,2366366,A,1125435,A
186,891,Serbia and Montenegro,260,Olives,1992,383.3,E,1035,A,2700,E
138,484,Mexico,260,Olives,1992,4404.7,A,20799,A,4722,A
299,275,Palestine,260,Olives,1992,,,,M,,M
143,504,Morocco,260,Olives,1992,962,A,380000,A,395000,A
203,724,Spain,260,Olives,1992,1549.4,A,3177900,A,2051000,A
102,364,Iran (Islamic Republic of),260,Olives,1992,3046,A,11366,A,3732,A
3,8,Albania,260,Olives,1992,448.9,A,20200,A,45000,A
10,36,Australia,260,Olives,1992,1555,E,933,A,600,E
118,414,Kuwait,260,Olives,1992,1333.3,A,0.04,A,,A
9,32,Argentina,260,Olives,1992,2956.5,E,68000,E,23000,E
84,300,Greece,260,Olives,1992,2590.5,A,1847000,A,713000,A
59,818,Egypt,260,Olives,1992,4187.8,A,94991,A,22683,A
154,807,North Macedonia,260,Olives,1992,,,,M,,M
52,31,Azerbaijan,260,Olives,1993,50.7,A,97,A,1912,A
9,32,Argentina,260,Olives,1993,3076.9,E,80000,A,26000,E
102,364,Iran (Islamic Republic of),260,Olives,1993,1851.3,A,7555,A,4081,A
121,422,Lebanon,260,Olives,1993,1162.8,E,50000,E,43000,E
170,604,Peru,260,Olives,1993,2816.6,A,16435,A,5835,A
21,76,Brazil,260,Olives,1993,1312.5,A,21,A,16,A
68,250,France,260,Olives,1993,839.9,A,11350.8,A,13514,A
106,380,Italy,260,Olives,1993,2674.1,A,2992866,A,1119210,A
134,470,Malta,260,Olives,1993,1000,E,10,E,10,E
231,840,United States of America,260,Olives,1993,9087,A,110680,A,12180,A
234,858,Uruguay,260,Olives,1993,3200,E,2400,E,750,E
60,222,El Salvador,260,Olives,1993,1476.3,E,3758.48,I,2546,I
103,368,Iraq,260,Olives,1993,3454.9,E,15000,X,4342,I
138,484,Mexico,260,Olives,1993,2915.4,A,14927,A,5120,A
186,891,Serbia and Montenegro,260,Olives,1993,1209.5,E,947,A,783,I
222,788,Tunisia,260,Olives,1993,721.7,A,1050000,A,1454850,A
299,275,Palestine,260,Olives,1993,,,,M,,M
50,196,Cyprus,260,Olives,1993,1900.8,A,11500,A,6050,A
235,860,Uzbekistan,260,Olives,1993,899.3,E,80,E,89,I
3,8,Albania,260,Olives,1993,562.2,A,25300,A,45000,A
59,818,Egypt,260,Olives,1993,4166.6,A,111687,A,26805,A
212,760,Syrian Arab Republic,260,Olives,1993,836.3,A,325164,A,388800,A
223,792,Türkiye,260,Olives,1993,973.4,A,550000,A,565039,A
4,12,Algeria,260,Olives,1993,1276.9,A,206073,A,161380,A
84,300,Greece,260,Olives,1993,2339.6,A,1681065.92,A,718514,A
112,400,Jordan,260,Olives,1993,804.3,A,31809,A,39547,A
118,414,Kuwait,260,Olives,1993,1666.7,A,0.05,A,,A
124,434,Libya,260,Olives,1993,1500,E,120000,E,80000,E
143,504,Morocco,260,Olives,1993,1014.6,A,418000,A,412000,A
80,70,Bosnia and Herzegovina,260,Olives,1993,,,,M,,M
2,4,Afghanistan,260,Olives,1993,692.3,A,900,A,1300,A
98,191,Croatia,260,Olives,1993,596,A,8940,A,15000,A
198,705,Slovenia,260,Olives,1993,2271,A,243,A,107,A
10,36,Australia,260,Olives,1993,1562.1,E,801,A,513,I
40,152,Chile,260,Olives,1993,2459.9,E,11000,A,4472,I
105,376,Israel,260,Olives,1993,732.5,A,9500,A,12970,A
203,724,Spain,260,Olives,1993,1343.2,A,2809907,A,2092000,A
214,158,"China, Taiwan Province of",260,Olives,1993,8162.6,A,2661,A,326,A
174,620,Portugal,260,Olives,1993,729.6,A,248485,A,340579,A
154,807,North Macedonia,260,Olives,1993,,,,M,,M
2,4,Afghanistan,260,Olives,1994,846.2,A,1100,A,1300,A
106,380,Italy,260,Olives,1994,2360.1,A,2640328,A,1118740,A
112,400,Jordan,260,Olives,1994,1760.5,A,94071,A,53435,A
138,484,Mexico,260,Olives,1994,2095.4,A,10303,A,4917,A
198,705,Slovenia,260,Olives,1994,1689,A,429,A,254,A
154,807,North Macedonia,260,Olives,1994,,,,M,,M
84,300,Greece,260,Olives,1994,2758.3,A,2001782.49,A,725718,A
121,422,Lebanon,260,Olives,1994,1821.3,A,77889,A,42765,A
223,792,Türkiye,260,Olives,1994,2445.8,A,1400000,A,572410,A
59,818,Egypt,260,Olives,1994,6475.2,A,130287,A,20121,A
80,70,Bosnia and Herzegovina,260,Olives,1994,,,,M,,M
143,504,Morocco,260,Olives,1994,1162.8,A,500000,A,430000,A
186,891,Serbia and Montenegro,260,Olives,1994,1080,E,216,A,200,I
203,724,Spain,260,Olives,1994,1336.7,A,2799000,A,2094000,A
212,760,Syrian Arab Republic,260,Olives,1994,1287.1,A,517892,A,402362,A
214,158,"China, Taiwan Province of",260,Olives,1994,8260.7,A,2503,A,303,A
234,858,Uruguay,260,Olives,1994,3421.1,E,2600,E,760,E
3,8,Albania,260,Olives,1994,666.7,A,30000,A,45000,A
68,250,France,260,Olives,1994,1028.9,A,15342.6,A,14911,A
105,376,Israel,260,Olives,1994,1903.7,A,26500,A,13920,A
118,414,Kuwait,260,Olives,1994,1666.7,A,0.5,A,,A
231,840,United States of America,260,Olives,1994,5884.2,A,76200,A,12950,A
10,36,Australia,260,Olives,1994,1573.5,E,936,A,595,I
40,152,Chile,260,Olives,1994,2418,A,7000,A,2895,A
235,860,Uzbekistan,260,Olives,1994,899.2,E,70,E,78,I
9,32,Argentina,260,Olives,1994,2775.8,A,77452,A,27903,A
98,191,Croatia,260,Olives,1994,1116.1,A,16742,A,15000,A
102,364,Iran (Islamic Republic of),260,Olives,1994,3981.4,A,17562,A,4411,A
170,604,Peru,260,Olives,1994,3526.1,A,20589,A,5839,A
174,620,Portugal,260,Olives,1994,681.6,A,232210,A,340672,A
50,196,Cyprus,260,Olives,1994,2105.3,A,12000,A,5700,A
103,368,Iraq,260,Olives,1994,3425.9,E,14000,E,4087,I
134,470,Malta,260,Olives,1994,888.9,E,8,E,9,E
299,275,Palestine,260,Olives,1994,1021.7,A,83652,A,81872,A
222,788,Tunisia,260,Olives,1994,256.8,E,350000,A,1363000,X
60,222,El Salvador,260,Olives,1994,1501,E,3964.64,I,2641,I
4,12,Algeria,260,Olives,1994,1056.4,A,170360,A,161260,A
52,31,Azerbaijan,260,Olives,1994,47.9,A,91,A,1898,A
21,76,Brazil,260,Olives,1994,1000,A,4,A,4,A
124,434,Libya,260,Olives,1994,1647.1,E,140000,E,85000,E
214,158,"China, Taiwan Province of",260,Olives,1995,9101.1,A,2521,A,277,A
84,300,Greece,260,Olives,1995,2963.9,A,2161730.87,A,729344,A
102,364,Iran (Islamic Republic of),260,Olives,1995,3986.4,A,19310,A,4844,A
112,400,Jordan,260,Olives,1995,1164,A,63151,A,54253,A
59,818,Egypt,260,Olives,1995,9421.2,A,207982,A,22076,A
235,860,Uzbekistan,260,Olives,1995,899.1,E,82.11,I,91,I
2,4,Afghanistan,260,Olives,1995,692.3,A,900,A,1300,A
9,32,Argentina,260,Olives,1995,3115.5,A,88683,A,28465,A
50,196,Cyprus,260,Olives,1995,2347.8,A,13500,A,5750,A
106,380,Italy,260,Olives,1995,2971.6,A,3288580,A,1106662,A
299,275,Palestine,260,Olives,1995,540,A,44452,A,82313,A
223,792,Türkiye,260,Olives,1995,925.9,A,515000,A,556209,A
3,8,Albania,260,Olives,1995,861.4,A,38763,A,45000,A
21,76,Brazil,260,Olives,1995,1000,A,3,A,3,A
60,222,El Salvador,260,Olives,1995,1525.7,E,4180.61,I,2740,I
68,250,France,260,Olives,1995,770.8,A,11631.5,A,15090,A
103,368,Iraq,260,Olives,1995,3421.4,E,13000,E,3800,I
231,840,United States of America,260,Olives,1995,5154.7,A,70310,A,13640,A
80,70,Bosnia and Herzegovina,260,Olives,1995,,,,M,,M
138,484,Mexico,260,Olives,1995,3209.6,A,19450,A,6060,A
174,620,Portugal,260,Olives,1995,959.8,A,319752,A,333144,A
105,376,Israel,260,Olives,1995,2550.7,A,36500,A,14310,A
121,422,Lebanon,260,Olives,1995,1255.8,E,54000,E,43000,E
186,891,Serbia and Montenegro,260,Olives,1995,1039.8,E,7634,A,7342,I
4,12,Algeria,260,Olives,1995,814.6,A,130964,A,160780,A
40,152,Chile,260,Olives,1995,3086.4,A,9000,A,2916,A
124,434,Libya,260,Olives,1995,1866.7,E,168000,X,90000,E
170,604,Peru,260,Olives,1995,4694.3,A,28842,A,6144,A
198,705,Slovenia,260,Olives,1995,2051.7,A,913,A,445,A
212,760,Syrian Arab Republic,260,Olives,1995,1004.2,A,423358,A,421600,A
98,191,Croatia,260,Olives,1995,2273.8,A,34107,A,15000,A
118,414,Kuwait,260,Olives,1995,2000,A,0.6,A,,A
134,470,Malta,260,Olives,1995,769.2,A,10,A,13,A
203,724,Spain,260,Olives,1995,799.4,A,1694200,A,2119395,A
222,788,Tunisia,260,Olives,1995,205.5,A,300000,A,1460000,A
234,858,Uruguay,260,Olives,1995,3750,E,3000,E,800,E
154,807,North Macedonia,260,Olives,1995,,,,M,,M
52,31,Azerbaijan,260,Olives,1995,48.9,A,91,A,1862,A
143,504,Morocco,260,Olives,1995,1051,A,436360,A,415200,A
10,36,Australia,260,Olives,1995,1575.4,E,900,E,571,I
3,8,Albania,260,Olives,1996,628.6,A,27660,A,44000,A
60,222,El Salvador,260,Olives,1996,1550.4,E,4406.84,I,2842,I
68,250,France,260,Olives,1996,1041.6,A,15616.1,A,14992,A
103,368,Iraq,260,Olives,1996,3521.1,E,12500,E,3550,E
105,376,Israel,260,Olives,1996,2658.9,A,41000,A,15420,A
138,484,Mexico,260,Olives,1996,2034.2,A,7205,A,3542,A
186,891,Serbia and Montenegro,260,Olives,1996,1075,E,172,A,160,I
2,4,Afghanistan,260,Olives,1996,846.2,A,1100,A,1300,A
98,191,Croatia,260,Olives,1996,1071.4,A,16071,A,15000,A
106,380,Italy,260,Olives,1996,1944.8,A,2147340,A,1104120,A
10,36,Australia,260,Olives,1996,1454.5,E,800,E,550,E
50,196,Cyprus,260,Olives,1996,2166.4,A,12500,A,5770,A
59,818,Egypt,260,Olives,1996,8877.5,A,208133,A,23445,A
80,70,Bosnia and Herzegovina,260,Olives,1996,,,,M,,M
112,400,Jordan,260,Olives,1996,1617.1,A,88590,A,54782,A
124,434,Libya,260,Olives,1996,1856.8,E,185680,X,100000,E
214,158,"China, Taiwan Province of",260,Olives,1996,7410.3,A,2890,A,390,A
102,364,Iran (Islamic Republic of),260,Olives,1996,4801.6,A,24781,A,5161,A
170,604,Peru,260,Olives,1996,4609.7,A,27050,A,5868,A
212,760,Syrian Arab Republic,260,Olives,1996,1478.4,A,647645,A,438064,A
223,792,Türkiye,260,Olives,1996,3166.8,A,1800000,A,568405,A
234,858,Uruguay,260,Olives,1996,3500,E,2800,E,800,E
235,860,Uzbekistan,260,Olives,1996,899.2,E,80,E,89,I
52,31,Azerbaijan,260,Olives,1996,60.2,A,90,A,1495,A
118,414,Kuwait,260,Olives,1996,1666.7,A,0.5,A,,A
134,470,Malta,260,Olives,1996,2000,A,10,A,5,A
198,705,Slovenia,260,Olives,1996,1582.7,A,785,A,496,A
84,300,Greece,260,Olives,1996,2874.6,A,2131711.22,A,741568,A
4,12,Algeria,260,Olives,1996,1898.5,A,313334,A,165040,A
9,32,Argentina,260,Olives,1996,3318.8,A,91940,A,27703,A
40,152,Chile,260,Olives,1996,2635.9,A,8000,A,3035,A
154,807,North Macedonia,260,Olives,1996,,,,M,,M
299,275,Palestine,260,Olives,1996,1617.8,A,130514,A,80675,A
174,620,Portugal,260,Olives,1996,844,A,284118,A,336621,A
121,422,Lebanon,260,Olives,1996,2030,A,96475,A,47525,A
203,724,Spain,260,Olives,1996,2125.1,A,4517200,A,2125630,A
222,788,Tunisia,260,Olives,1996,954.4,A,1550000,A,1624000,A
231,840,United States of America,260,Olives,1996,11041.1,A,150600,A,13640,A
21,76,Brazil,260,Olives,1996,1465.1,A,63,A,43,A
143,504,Morocco,260,Olives,1996,2168.8,A,908300,A,418800,A
4,12,Algeria,260,Olives,1997,1961.9,A,319474,A,162840,A
10,36,Australia,260,Olives,1997,1426.7,E,642,A,450,E
214,158,"China, Taiwan Province of",260,Olives,1997,8078.3,A,3506,A,434,A
98,191,Croatia,260,Olives,1997,693.7,A,10405,A,15000,A
103,368,Iraq,260,Olives,1997,3611.1,E,13000,E,3600,E
174,620,Portugal,260,Olives,1997,943.7,A,319365,A,338414,A
59,818,Egypt,260,Olives,1997,8333.3,E,200000,E,24000,E
138,484,Mexico,260,Olives,1997,2990.8,A,17227,A,5760,A
170,604,Peru,260,Olives,1997,5324.6,A,31138,A,5848,A
105,376,Israel,260,Olives,1997,1188.8,A,18700,A,15730,A
118,414,Kuwait,260,Olives,1997,1600,A,1.6,A,1,A
143,504,Morocco,260,Olives,1997,1213.3,A,517600,A,426600,A
154,807,North Macedonia,260,Olives,1997,,,,M,,M
222,788,Tunisia,260,Olives,1997,416.7,E,500000,A,1200000,X
21,76,Brazil,260,Olives,1997,1422.2,A,64,A,45,A
68,250,France,260,Olives,1997,969.2,A,13587.8,A,14020,A
84,300,Greece,260,Olives,1997,2786.3,A,2087160.79,A,749090,A
121,422,Lebanon,260,Olives,1997,1849,A,93910,A,50789,A
198,705,Slovenia,260,Olives,1997,1782.8,E,962.73,I,540,A
231,840,United States of America,260,Olives,1997,6582.8,A,94035,A,14285,A
2,4,Afghanistan,260,Olives,1997,692.3,A,900,A,1300,A
3,8,Albania,260,Olives,1997,757.9,A,33347,A,44000,A
102,364,Iran (Islamic Republic of),260,Olives,1997,3809,A,23349.1,A,6130,A
124,434,Libya,260,Olives,1997,1809.5,E,190000,E,105000,E
40,152,Chile,260,Olives,1997,2662.5,A,12000,A,4507,A
50,196,Cyprus,260,Olives,1997,1475.4,A,9000,A,6100,A
60,222,El Salvador,260,Olives,1997,1575,E,4643.84,I,2948,I
106,380,Italy,260,Olives,1997,3194,A,3591085,A,1124320,A
112,400,Jordan,260,Olives,1997,927.6,A,57145,A,61602,A
203,724,Spain,260,Olives,1997,2663.4,A,5879640,A,2207556,A
52,31,Azerbaijan,260,Olives,1997,61,A,86,A,1409,A
235,860,Uzbekistan,260,Olives,1997,899.5,E,90,E,100,I
9,32,Argentina,260,Olives,1997,3319.1,E,91940,E,27700,E
299,275,Palestine,260,Olives,1997,605.3,A,50694,A,83757,A
186,891,Serbia and Montenegro,260,Olives,1997,1029.4,E,280,A,272,I
212,760,Syrian Arab Republic,260,Olives,1997,905.2,A,402956,A,445180,A
223,792,Türkiye,260,Olives,1997,775.5,A,510000,A,657647,A
134,470,Malta,260,Olives,1997,1249.5,E,8.75,I,7,E
80,70,Bosnia and Herzegovina,260,Olives,1997,,,,M,,M
234,858,Uruguay,260,Olives,1997,3368.4,E,3200,E,950,E
2,4,Afghanistan,260,Olives,1998,846.2,A,1100,A,1300,A
214,158,"China, Taiwan Province of",260,Olives,1998,6928.6,A,2813,A,406,A
60,222,El Salvador,260,Olives,1998,1599.7,E,4892.13,I,3058,I
299,275,Palestine,260,Olives,1998,1118.9,A,98137,A,87706,A
103,368,Iraq,260,Olives,1998,3698.6,E,13500,E,3650,E
143,504,Morocco,260,Olives,1998,1362.6,A,708550,A,520000,A
186,891,Serbia and Montenegro,260,Olives,1998,1021.7,E,4004,A,3919,I
3,8,Albania,260,Olives,1998,1065.1,A,46876,A,44011,A
9,32,Argentina,260,Olives,1998,3259.3,E,88000,E,27000,E
52,31,Azerbaijan,260,Olives,1998,85.4,A,109,A,1276,A
98,191,Croatia,260,Olives,1998,1370.5,A,20558,A,15000,A
50,196,Cyprus,260,Olives,1998,1621.2,A,10700,A,6600,A
59,818,Egypt,260,Olives,1998,8000,A,200000,A,25000,A
102,364,Iran (Islamic Republic of),260,Olives,1998,3659.2,A,25819,A,7056,A
106,380,Italy,260,Olives,1998,2285.5,A,2548510,A,1115100,A
121,422,Lebanon,260,Olives,1998,1939.8,A,100000,A,51552,A
134,470,Malta,260,Olives,1998,1000,E,2,A,2,E
40,152,Chile,260,Olives,1998,2500,E,7000,A,2800,E
68,250,France,260,Olives,1998,1419.3,A,20244.1,A,14263,A
138,484,Mexico,260,Olives,1998,3964.4,A,24072,A,6072,A
212,760,Syrian Arab Republic,260,Olives,1998,1707.6,A,785000,A,459700,A
4,12,Algeria,260,Olives,1998,750.7,A,124060,A,165260,A
84,300,Greece,260,Olives,1998,3202.1,A,2427612.57,A,758138,A
118,414,Kuwait,260,Olives,1998,1666.7,A,1,A,1,A
124,434,Libya,260,Olives,1998,1818.2,E,200000,E,110000,E
198,705,Slovenia,260,Olives,1998,1785.2,A,964,A,540,A
223,792,Türkiye,260,Olives,1998,2750,A,1650000,A,600000,A
21,76,Brazil,260,Olives,1998,1347.8,A,62,A,46,A
203,724,Spain,260,Olives,1998,1950.4,A,4279180,A,2194000,A
234,858,Uruguay,260,Olives,1998,3636.4,E,4000,E,1100,E
10,36,Australia,260,Olives,1998,1526,E,763,A,500,E
222,788,Tunisia,260,Olives,1998,713.2,A,950000,A,1332000,A
105,376,Israel,260,Olives,1998,2021.5,A,32000,A,15830,A
80,70,Bosnia and Herzegovina,260,Olives,1998,,,,M,,M
174,620,Portugal,260,Olives,1998,674.4,A,234194,A,347271,A
112,400,Jordan,260,Olives,1998,2197.1,A,137546,A,62604,A
154,807,North Macedonia,260,Olives,1998,,,,M,,M
170,604,Peru,260,Olives,1998,3366,A,12690,A,3770,A
235,860,Uzbekistan,260,Olives,1998,900.1,E,100,E,111,I
231,840,United States of America,260,Olives,1998,5715.8,A,81650,A,14285,A
2,4,Afghanistan,260,Olives,1999,692.3,A,900,A,1300,A
9,32,Argentina,260,Olives,1999,3103.4,E,90000,E,29000,E
214,158,"China, Taiwan Province of",260,Olives,1999,7886.7,A,4038,A,512,A
299,275,Palestine,260,Olives,1999,395.5,A,35347,A,89369,A
112,400,Jordan,260,Olives,1999,605.6,A,38313,A,63260,A
134,470,Malta,260,Olives,1999,1333.3,E,4,A,3,E
170,604,Peru,260,Olives,1999,2911.7,A,11382,A,3909,A
174,620,Portugal,260,Olives,1999,901.2,A,332563,A,369032,A
222,788,Tunisia,260,Olives,1999,750,A,1125000,A,1500000,A
223,792,Türkiye,260,Olives,1999,1008.4,A,600000,A,595000,A
98,191,Croatia,260,Olives,1999,2346.7,A,35200,A,15000,A
124,434,Libya,260,Olives,1999,1718.8,E,275000,A,160000,E
21,76,Brazil,260,Olives,1999,200,A,1,A,5,A
52,31,Azerbaijan,260,Olives,1999,234.7,A,345,A,1470,A
59,818,Egypt,260,Olives,1999,6574,A,287080,A,43669,A
84,300,Greece,260,Olives,1999,3128.4,A,2415049.29,A,771980,A
234,858,Uruguay,260,Olives,1999,2333.3,E,3150,E,1350,E
235,860,Uzbekistan,260,Olives,1999,900.9,E,135.13,I,150,E
10,36,Australia,260,Olives,1999,2003.3,E,2404,A,1200,E
60,222,El Salvador,260,Olives,1999,1624.4,E,5152.27,I,3172,I
68,250,France,260,Olives,1999,1074.2,A,16448.5,A,15313,A
102,364,Iran (Islamic Republic of),260,Olives,1999,2911.3,A,23392,A,8035,A
198,705,Slovenia,260,Olives,1999,2500,A,1350,A,540,A
212,760,Syrian Arab Republic,260,Olives,1999,852.4,A,400509,A,469857,A
3,8,Albania,260,Olives,1999,961.8,A,42012,A,43679,A
105,376,Israel,260,Olives,1999,1326.5,A,23200,A,17490,A
138,484,Mexico,260,Olives,1999,2185.1,A,9765,A,4469,A
231,840,United States of America,260,Olives,1999,7938.4,A,113400,A,14285,A
50,196,Cyprus,260,Olives,1999,2089.6,A,14000,A,6700,A
103,368,Iraq,260,Olives,1999,3833.3,E,11500,E,3000,E
40,152,Chile,260,Olives,1999,2678,A,12000,A,4481,A
118,414,Kuwait,260,Olives,1999,1571.4,A,1.1,A,1,A
186,891,Serbia and Montenegro,260,Olives,1999,994.2,E,2408,A,2422,I
80,70,Bosnia and Herzegovina,260,Olives,1999,,,,M,,M
143,504,Morocco,260,Olives,1999,914.9,A,475750,A,520000,A
154,807,North Macedonia,260,Olives,1999,2500,E,22000,E,8800,E
106,380,Italy,260,Olives,1999,3337.1,A,3765100,A,1128266,A
4,12,Algeria,260,Olives,1999,2194.3,A,363381,A,165600,A
121,422,Lebanon,260,Olives,1999,1299.4,A,66400,A,51100,A
203,724,Spain,260,Olives,1999,1572.8,A,3460100,A,2200000,A
80,70,Bosnia and Herzegovina,260,Olives,2000,,,,M,,M
98,191,Croatia,260,Olives,2000,1422.6,A,16215,A,11398,A
106,380,Italy,260,Olives,2000,2428.5,A,2821000,A,1161600,A
124,434,Libya,260,Olives,2000,1269.2,A,165000,A,130000,A
134,470,Malta,260,Olives,2000,1500,E,3,A,2,E
138,484,Mexico,260,Olives,2000,2146.5,A,9288,A,4327,A
3,8,Albania,260,Olives,2000,1110.4,A,36200,A,32600,A
9,32,Argentina,260,Olives,2000,3142.9,E,110000,E,35000,E
50,196,Cyprus,260,Olives,2000,2916.7,A,21000,A,7200,A
103,368,Iraq,260,Olives,2000,3000,E,6000,A,2000,E
121,422,Lebanon,260,Olives,2000,3405.5,A,189500,A,55646,A
154,807,North Macedonia,260,Olives,2000,2533.3,E,15200,E,6000,E
170,604,Peru,260,Olives,2000,4677.9,A,30023,A,6418,A
68,250,France,260,Olives,2000,1063.2,A,16541.5,A,15558,A
118,414,Kuwait,260,Olives,2000,1666.7,A,0.5,A,,A
198,705,Slovenia,260,Olives,2000,1962.5,A,1150,A,586,A
143,504,Morocco,260,Olives,2000,740.7,A,400000,A,540000,A
212,760,Syrian Arab Republic,260,Olives,2000,1811.9,A,866052,A,477993,A
222,788,Tunisia,260,Olives,2000,396.5,A,550000,A,1387240,A
223,792,Türkiye,260,Olives,2000,3000,A,1800000,A,600000,A
235,860,Uzbekistan,260,Olives,2000,901.9,E,108.23,I,120,E
174,620,Portugal,260,Olives,2000,474.8,A,174418,A,367351,A
186,891,Serbia and Montenegro,260,Olives,2000,706,E,1765,A,2500,E
203,724,Spain,260,Olives,2000,2149.5,E,4943800,A,2300000,E
299,275,Palestine,260,Olives,2000,1671.2,A,156493,A,93643,A
234,858,Uruguay,260,Olives,2000,2000,E,3200,E,1600,E
2,4,Afghanistan,260,Olives,2000,846.2,A,1100,A,1300,A
52,31,Azerbaijan,260,Olives,2000,648.5,A,952,A,1468,A
21,76,Brazil,260,Olives,2000,363.6,A,4,A,11,A
59,818,Egypt,260,Olives,2000,6190.4,A,281745,A,45513,A
84,300,Greece,260,Olives,2000,3206.1,A,2501916.4,A,780357,A
105,376,Israel,260,Olives,2000,2988.3,A,56000,A,18740,A
214,158,"China, Taiwan Province of",260,Olives,2000,8293,A,2604,A,314,A
40,152,Chile,260,Olives,2000,2276.8,E,11500,E,5051,A
112,400,Jordan,260,Olives,2000,2106.3,A,134285,A,63753,A
60,222,El Salvador,260,Olives,2000,1649.1,E,5424.88,I,3290,I
231,840,United States of America,260,Olives,2000,4980.8,A,72570,A,14570,A
4,12,Algeria,260,Olives,2000,1291.7,A,217112,A,168080,A
102,364,Iran (Islamic Republic of),260,Olives,2000,3540.3,A,34649.4,A,9787,A
10,36,Australia,260,Olives,2000,1831.3,E,1397,A,763,I
98,191,Croatia,260,Olives,2001,1701.1,A,19413,A,11412,A
105,376,Israel,260,Olives,2001,1336.8,A,26000,A,19450,A
203,724,Spain,260,Olives,2001,2817.8,E,6762600,A,2400000,E
222,788,Tunisia,260,Olives,2001,108.9,A,150000,A,1377700,A
223,792,Türkiye,260,Olives,2001,1000,A,600000,A,600000,A
154,807,North Macedonia,260,Olives,2001,2483.9,E,15400,E,6200,E
231,840,United States of America,260,Olives,2001,8343.2,A,121560,A,14570,A
9,32,Argentina,260,Olives,2001,3103.4,E,90000,E,29000,E
40,152,Chile,260,Olives,2001,2732.8,A,14500,A,5306,A
112,400,Jordan,260,Olives,2001,1025,A,65701,A,64101,A
134,470,Malta,260,Olives,2001,1000,E,1,A,1,E
174,620,Portugal,260,Olives,2001,642.3,A,232250,A,361606,A
198,705,Slovenia,260,Olives,2001,1375.4,A,806,A,586,A
212,760,Syrian Arab Republic,260,Olives,2001,1016.4,A,496952,A,488957,A
50,196,Cyprus,260,Olives,2001,2243.6,A,17500,A,7800,A
59,818,Egypt,260,Olives,2001,6185,A,293903,A,47519,A
103,368,Iraq,260,Olives,2001,3529.4,E,6000,A,1700,E
118,414,Kuwait,260,Olives,2001,1800,A,0.9,A,1,A
138,484,Mexico,260,Olives,2001,3527.8,A,16316,A,4625,A
299,275,Palestine,260,Olives,2001,417.4,A,38463,A,92147,A
68,250,France,260,Olives,2001,1056.5,A,16787.5,A,15889,A
84,300,Greece,260,Olives,2001,2984,A,2349933.77,A,787500,A
102,364,Iran (Islamic Republic of),260,Olives,2001,3135.5,A,38040,A,12132,A
214,158,"China, Taiwan Province of",260,Olives,2001,8229.4,A,2691,A,327,A
234,858,Uruguay,260,Olives,2001,2285.7,E,3200,E,1400,E
2,4,Afghanistan,260,Olives,2001,692.3,A,900,A,1300,A
3,8,Albania,260,Olives,2001,1500.2,A,39600,A,26396,A
10,36,Australia,260,Olives,2001,1630,E,2370,A,1454,X
52,31,Azerbaijan,260,Olives,2001,730.3,A,1083,A,1483,A
106,380,Italy,260,Olives,2001,2590,A,3016200,A,1164558,A
124,434,Libya,260,Olives,2001,1500,A,150000,A,100000,A
170,604,Peru,260,Olives,2001,4637.9,A,32442,A,6995,A
4,12,Algeria,260,Olives,2001,1130.5,A,200339,A,177220,A
60,222,El Salvador,260,Olives,2001,1673.7,E,5710.63,I,3412,I
21,76,Brazil,260,Olives,2001,333.3,A,2,A,6,A
235,860,Uzbekistan,260,Olives,2001,800,E,80,E,100,E
80,70,Bosnia and Herzegovina,260,Olives,2001,,,,M,,M
121,422,Lebanon,260,Olives,2001,1509.7,A,85800,A,56834,A
143,504,Morocco,260,Olives,2001,763.6,A,420000,A,550000,A
186,891,Serbia and Montenegro,260,Olives,2001,975.1,E,1800,E,1846,I
4,12,Algeria,260,Olives,2002,1007.2,A,191926,A,190550,A
21,76,Brazil,260,Olives,2002,333.3,E,2,E,6,E
112,400,Jordan,260,Olives,2002,2805.3,A,180900,A,64484,A
203,724,Spain,260,Olives,2002,1816.4,A,4414911,A,2430582,A
59,818,Egypt,260,Olives,2002,6792.4,A,336442,A,49532,A
214,158,"China, Taiwan Province of",260,Olives,2002,8247.6,A,2565,A,311,A
98,191,Croatia,260,Olives,2002,2870.6,A,32955,A,11480,A
68,250,France,260,Olives,2002,1209.8,A,20611,A,17037,A
102,364,Iran (Islamic Republic of),260,Olives,2002,2548.8,A,47252.1,A,18539,A
134,470,Malta,260,Olives,2002,1500,E,3,E,2,E
138,484,Mexico,260,Olives,2002,2910.9,A,14147,A,4860,A
299,275,Palestine,260,Olives,2002,1550.6,A,143630,A,92631,A
186,891,Serbia and Montenegro,260,Olives,2002,600,E,600,A,1000,E
212,760,Syrian Arab Republic,260,Olives,2002,1876.3,A,940941,A,501500,A
223,792,Türkiye,260,Olives,2002,2903.2,A,1800000,A,620000,A
9,32,Argentina,260,Olives,2002,3100,E,93000,E,30000,E
10,36,Australia,260,Olives,2002,1428,E,1428,A,1000,E
106,380,Italy,260,Olives,2002,2760.9,A,3231300,A,1170362,A
154,807,North Macedonia,260,Olives,2002,2520.7,E,13000,E,5157,I
198,705,Slovenia,260,Olives,2002,3099.9,A,2421,A,781,A
222,788,Tunisia,260,Olives,2002,254,E,350000,A,1377700,X
231,840,United States of America,260,Olives,2002,6413.6,A,93440,A,14569,A
234,858,Uruguay,260,Olives,2002,2241.4,E,3250,E,1450,E
103,368,Iraq,260,Olives,2002,3395.7,E,5500,A,1620,I
170,604,Peru,260,Olives,2002,4492.9,A,32488,A,7231,A
40,152,Chile,260,Olives,2002,3200.6,A,18000,A,5624,A
50,196,Cyprus,260,Olives,2002,3197.7,A,27500,A,8600,A
52,31,Azerbaijan,260,Olives,2002,423,A,656,A,1551,A
174,620,Portugal,260,Olives,2002,630.7,A,223298,A,354040,A
105,376,Israel,260,Olives,2002,2791.6,A,56000,A,20060,A
235,860,Uzbekistan,260,Olives,2002,915.6,E,97.25,I,106,I
60,222,El Salvador,260,Olives,2002,1698.4,E,6010.24,I,3539,I
84,300,Greece,260,Olives,2002,3608.2,A,2862958.42,A,793449,A
118,414,Kuwait,260,Olives,2002,1600,A,3.2,A,2,A
2,4,Afghanistan,260,Olives,2002,846.2,A,1100,A,1300,A
143,504,Morocco,260,Olives,2002,953.7,A,455200,A,477300,A
80,70,Bosnia and Herzegovina,260,Olives,2002,,,,M,,M
121,422,Lebanon,260,Olives,2002,3203.4,A,184421,A,57570,A
124,434,Libya,260,Olives,2002,1500,A,150000,A,100000,A
3,8,Albania,260,Olives,2002,975,A,27300,A,28000,A
2,4,Afghanistan,260,Olives,2003,1000,A,2400,A,2400,A
68,250,France,260,Olives,2003,1300,A,22558.2,A,17353,A
103,368,Iraq,260,Olives,2003,3200,E,4000,A,1250,E
198,705,Slovenia,260,Olives,2003,1049.9,A,820,A,781,A
212,760,Syrian Arab Republic,260,Olives,2003,1068.2,A,552277,A,517000,A
231,840,United States of America,260,Olives,2003,7347.3,A,107050,A,14570,A
186,891,Serbia and Montenegro,260,Olives,2003,592.7,E,889,A,1500,E
10,36,Australia,260,Olives,2003,2127.3,E,3191,A,1500,E
40,152,Chile,260,Olives,2003,3760.7,A,22000,A,5850,A
59,818,Egypt,260,Olives,2003,4104.9,A,204722,A,49873,A
84,300,Greece,260,Olives,2003,2785.5,A,2202856.49,A,790840,A
299,275,Palestine,260,Olives,2003,917,A,85024,A,92716,A
222,788,Tunisia,260,Olives,2003,847.3,E,1400000,A,1652400,X
21,76,Brazil,260,Olives,2003,333.3,E,2,E,6,E
102,364,Iran (Islamic Republic of),260,Olives,2003,2932,A,45420,A,15491,A
118,414,Kuwait,260,Olives,2003,1625,A,2.6,A,2,A
121,422,Lebanon,260,Olives,2003,1445.3,A,83200,A,57564,A
138,484,Mexico,260,Olives,2003,1866.7,A,7592,A,4067,A
154,807,North Macedonia,260,Olives,2003,2666.7,E,16000,E,6000,E
134,470,Malta,260,Olives,2003,1000,E,3,E,3,E
203,724,Spain,260,Olives,2003,3096.3,A,7553566,A,2439582,A
214,158,"China, Taiwan Province of",260,Olives,2003,8188.1,A,2481,A,303,A
3,8,Albania,260,Olives,2003,831.3,A,27933,A,33600,A
106,380,Italy,260,Olives,2003,3049.9,A,3546130,A,1162713,A
98,191,Croatia,260,Olives,2003,841,A,9482,A,11275,A
50,196,Cyprus,260,Olives,2003,1408.7,A,17765,A,12611,A
124,434,Libya,260,Olives,2003,1236.1,E,167375.99,I,135402,I
223,792,Türkiye,260,Olives,2003,1360,A,850000,A,625000,A
235,860,Uzbekistan,260,Olives,2003,930.8,E,100,E,107,I
170,604,Peru,260,Olives,2003,4914.7,A,38089,A,7750,A
4,12,Algeria,260,Olives,2003,799.3,A,167627,A,209730,A
60,222,El Salvador,260,Olives,2003,1723.1,E,6324.48,I,3670,I
105,376,Israel,260,Olives,2003,1038.6,E,21500,A,20700,E
52,31,Azerbaijan,260,Olives,2003,869.4,A,1325,A,1524,A
9,32,Argentina,260,Olives,2003,3000,E,99000,E,33000,E
112,400,Jordan,260,Olives,2003,1830.5,A,117958,A,64441,A
234,858,Uruguay,260,Olives,2003,2200,E,3300,E,1500,E
80,70,Bosnia and Herzegovina,260,Olives,2003,,,,M,,M
174,620,Portugal,260,Olives,2003,696.6,A,243865,A,350064,A
143,504,Morocco,260,Olives,2003,1725.8,A,830100,A,481000,A
4,12,Algeria,260,Olives,2004,2071.2,A,468800,A,226337,A
80,70,Bosnia and Herzegovina,260,Olives,2004,980,E,49,A,50,E
21,76,Brazil,260,Olives,2004,333.3,E,3,E,9,E
40,152,Chile,260,Olives,2004,4333.3,A,26000,A,6000,A
112,400,Jordan,260,Olives,2004,2492.3,A,160738,A,64495,A
118,414,Kuwait,260,Olives,2004,1800,A,3.6,A,2,A
198,705,Slovenia,260,Olives,2004,2600.5,A,2031,A,781,A
214,158,"China, Taiwan Province of",260,Olives,2004,8613.3,E,2584,A,300,E
124,434,Libya,260,Olives,2004,900,E,180000,E,200000,A
203,724,Spain,260,Olives,2004,2109.7,A,5200029,A,2464774,A
9,32,Argentina,260,Olives,2004,3280,E,147600,E,45000,E
59,818,Egypt,260,Olives,2004,6421.2,A,315193,A,49086,A
60,222,El Salvador,260,Olives,2004,1750.3,E,6654.19,I,3802,I
68,250,France,260,Olives,2004,1120.7,A,19962.2,A,17813,A
234,858,Uruguay,260,Olives,2004,2241.4,E,3250,E,1450,E
10,36,Australia,260,Olives,2004,2076.2,E,6540,A,3150,E
134,470,Malta,260,Olives,2004,1000,E,3,E,3,E
143,504,Morocco,260,Olives,2004,847.5,A,500000,A,590000,A
154,807,North Macedonia,260,Olives,2004,2561.3,E,14000,E,5466,I
174,620,Portugal,260,Olives,2004,896.5,A,311330,A,347276,A
222,788,Tunisia,260,Olives,2004,390.6,E,650000,A,1664300,X
84,300,Greece,260,Olives,2004,2775.3,A,2204020,A,794160,A
106,380,Italy,260,Olives,2004,3888.7,A,4534231,A,1166000,A
138,484,Mexico,260,Olives,2004,2598.4,A,10030,A,3860,A
170,604,Peru,260,Olives,2004,5289,A,42471,A,8030,A
235,860,Uzbekistan,260,Olives,2004,946.3,E,104.03,I,110,I
105,376,Israel,260,Olives,2004,2910.8,E,62000,A,21300,E
3,8,Albania,260,Olives,2004,1752.2,E,58700,A,33500,E
212,760,Syrian Arab Republic,260,Olives,2004,1933,A,1027200,A,531400,A
223,792,Türkiye,260,Olives,2004,2484.5,A,1600000,A,644000,A
231,840,United States of America,260,Olives,2004,7524.8,A,97522,A,12960,A
50,196,Cyprus,260,Olives,2004,1749.7,A,22633,A,12935,A
102,364,Iran (Islamic Republic of),260,Olives,2004,1860.2,A,38397,A,20641,A
103,368,Iraq,260,Olives,2004,3157.9,E,3000,A,950,E
186,891,Serbia and Montenegro,260,Olives,2004,666.6,E,2533,A,3800,E
2,4,Afghanistan,260,Olives,2004,2550,A,2550,A,1000,A
121,422,Lebanon,260,Olives,2004,2858.3,A,167300,A,58531,A
52,31,Azerbaijan,260,Olives,2004,1231.4,A,1857,A,1508,A
98,191,Croatia,260,Olives,2004,1663.5,A,20613,A,12391,A
299,275,Palestine,260,Olives,2004,1512.9,A,141354,A,93435,A
3,8,Albania,260,Olives,2005,1059.6,E,30200,A,28500,E
4,12,Algeria,260,Olives,2005,1322.3,A,316489,A,239352,A
9,32,Argentina,260,Olives,2005,3100,E,155000,E,50000,E
80,70,Bosnia and Herzegovina,260,Olives,2005,928.6,E,44,A,47,I
103,368,Iraq,260,Olives,2005,3235.4,E,3000,A,927,I
134,470,Malta,260,Olives,2005,1095.7,E,3.29,I,3,E
52,31,Azerbaijan,260,Olives,2005,648.2,A,984,A,1518,A
59,818,Egypt,260,Olives,2005,6326.5,E,310000,E,49000,E
60,222,El Salvador,260,Olives,2005,1780,E,7000.24,I,3933,I
105,376,Israel,260,Olives,2005,1318.2,E,29000,A,22000,E
143,504,Morocco,260,Olives,2005,1250,A,750000,A,600000,A
198,705,Slovenia,260,Olives,2005,3440.5,A,2687,A,781,A
222,788,Tunisia,260,Olives,2005,627.7,A,1050000,A,1672900,A
234,858,Uruguay,260,Olives,2005,2533.3,E,3800,E,1500,E
2,4,Afghanistan,260,Olives,2005,2454.3,A,2712,A,1105,A
10,36,Australia,260,Olives,2005,2094.6,E,23041,A,11000,E
40,152,Chile,260,Olives,2005,4561.4,A,26000,A,5700,A
98,191,Croatia,260,Olives,2005,2962,A,36602,A,12357,A
118,414,Kuwait,260,Olives,2005,1688.9,A,15.2,A,9,A
121,422,Lebanon,260,Olives,2005,1300.5,A,76500,A,58824,A
214,158,"China, Taiwan Province of",260,Olives,2005,8284.2,E,2400,A,290,I
68,250,France,260,Olives,2005,1192,A,21861,A,18339,A
84,300,Greece,260,Olives,2005,3297.2,A,2628910.54,A,797321,A
106,380,Italy,260,Olives,2005,3230.2,A,3774812,A,1168600,A
154,807,North Macedonia,260,Olives,2005,2512.4,E,13000,E,5174,I
170,604,Peru,260,Olives,2005,6315.4,A,54622,A,8649,A
203,724,Spain,260,Olives,2005,1631.4,A,4021720,A,2465258,A
212,760,Syrian Arab Republic,260,Olives,2005,1124,A,612223,A,544700,A
223,792,Türkiye,260,Olives,2005,1812.7,A,1200000,A,662000,A
174,620,Portugal,260,Olives,2005,605.8,A,211070,A,348426,A
186,891,Serbia and Montenegro,260,Olives,2005,679.6,E,1767,A,2600,E
231,840,United States of America,260,Olives,2005,9947.5,A,128820,A,12950,A
235,860,Uzbekistan,260,Olives,2005,961.9,E,106.51,I,111,I
112,400,Jordan,260,Olives,2005,1752.4,A,113070,A,64523,A
102,364,Iran (Islamic Republic of),260,Olives,2005,2579.5,A,61339,A,23780,A
50,196,Cyprus,260,Olives,2005,1194.7,A,16415,A,13740,A
124,434,Libya,260,Olives,2005,928.1,E,181118.26,I,195147,I
21,76,Brazil,260,Olives,2005,333.3,E,2,E,6,E
299,275,Palestine,260,Olives,2005,918.3,A,85765,A,93394,A
138,484,Mexico,260,Olives,2005,3588.1,A,13014,A,3627,A
80,70,Bosnia and Herzegovina,260,Olives,2006,906.4,E,41,A,45,I
40,152,Chile,260,Olives,2006,5172.4,A,30000,A,5800,A
68,250,France,260,Olives,2006,977.5,A,18382,A,18805,A
299,275,Palestine,260,Olives,2006,1488.9,A,137805,A,92555,A
105,376,Israel,260,Olives,2006,3000,E,60000,A,20000,E
106,380,Italy,260,Olives,2006,2924.7,A,3415683,A,1167862,A
118,414,Kuwait,260,Olives,2006,1656.3,A,26.5,A,16,A
198,705,Slovenia,260,Olives,2006,2259.9,A,1765,A,781,A
52,31,Azerbaijan,260,Olives,2006,744.5,A,1148,A,1542,A
103,368,Iraq,260,Olives,2006,3256.6,E,3000,A,921,I
273,499,Montenegro,260,Olives,2006,2410.7,E,1522.4,A,632,E
174,620,Portugal,260,Olives,2006,1069.3,A,372012,A,347901,A
203,724,Spain,260,Olives,2006,2286.5,A,5679021,A,2483697,A
231,840,United States of America,260,Olives,2006,3615.8,A,45360,A,12545,A
234,858,Uruguay,260,Olives,2006,2709.7,E,4200,E,1550,E
235,860,Uzbekistan,260,Olives,2006,977.5,E,107.78,I,110,I
59,818,Egypt,260,Olives,2006,10204.1,A,500000,A,49000,A
102,364,Iran (Islamic Republic of),260,Olives,2006,2796.9,A,54713,A,19562,A
134,470,Malta,260,Olives,2006,1000,E,5,E,5,E
138,484,Mexico,260,Olives,2006,2996.3,A,9642,A,3218,A
212,760,Syrian Arab Republic,260,Olives,2006,2107.6,A,1190780,A,565000,A
223,792,Türkiye,260,Olives,2006,2481.9,A,1766749,A,711843,A
2,4,Afghanistan,260,Olives,2006,692.2,A,1592,A,2300,A
9,32,Argentina,260,Olives,2006,3090.9,E,170000,E,55000,E
98,191,Croatia,260,Olives,2006,2060.2,A,27530,A,13363,A
4,12,Algeria,260,Olives,2006,1005.2,A,264733,A,263352,A
50,196,Cyprus,260,Olives,2006,1574,A,23400,A,14867,A
112,400,Jordan,260,Olives,2006,2275.3,A,146829,A,64532,A
154,807,North Macedonia,260,Olives,2006,2478.2,E,12000,E,4842,I
3,8,Albania,260,Olives,2006,1148.6,E,40200,A,35000,E
143,504,Morocco,260,Olives,2006,1207.4,A,631210,A,522800,A
10,36,Australia,260,Olives,2006,2108.8,E,42177,A,20000,E
84,300,Greece,260,Olives,2006,3043,A,2425149,A,796972,A
124,434,Libya,260,Olives,2006,900,X,180000,X,200000,X
21,76,Brazil,260,Olives,2006,333.3,E,2,E,6,E
60,222,El Salvador,260,Olives,2006,1809.7,E,7363.57,I,4069,I
222,788,Tunisia,260,Olives,2006,723.4,A,1218000,A,1683600,A
170,604,Peru,260,Olives,2006,5418.4,A,52298,A,9652,A
121,422,Lebanon,260,Olives,2006,3000,A,177300,A,59100,A
214,158,"China, Taiwan Province of",260,Olives,2006,8330,E,2499,A,300,E
2,4,Afghanistan,260,Olives,2007,692.2,A,1592,A,2300,A
3,8,Albania,260,Olives,2007,1104,E,27600,A,25000,E
60,222,El Salvador,260,Olives,2007,1839.4,E,7745.17,I,4211,I
68,250,France,260,Olives,2007,1202.4,A,22668,A,18853,A
103,368,Iraq,260,Olives,2007,3232.9,E,9052,A,2800,E
112,400,Jordan,260,Olives,2007,2079,A,125029,A,60140,A
134,470,Malta,260,Olives,2007,1000,E,6,E,6,E
231,840,United States of America,260,Olives,2007,9900.3,A,120200,A,12141,A
21,76,Brazil,260,Olives,2007,166.7,A,1,A,6,A
98,191,Croatia,260,Olives,2007,2406.7,A,34527,A,14346,A
50,196,Cyprus,260,Olives,2007,1177.5,A,13705,A,11639,A
174,620,Portugal,260,Olives,2007,608.1,A,211230,A,347369,A
212,760,Syrian Arab Republic,260,Olives,2007,824.8,A,495310,A,600498,A
223,792,Türkiye,260,Olives,2007,1428.8,A,1075854,A,753001,A
52,31,Azerbaijan,260,Olives,2007,472.9,A,836,A,1768,A
84,300,Greece,260,Olives,2007,2906.8,A,2313016.63,A,795724,A
121,422,Lebanon,260,Olives,2007,1300.3,A,76200,A,58600,A
124,434,Libya,260,Olives,2007,900,X,180000,X,200000,X
214,158,"China, Taiwan Province of",260,Olives,2007,8225.3,E,2579,A,314,I
10,36,Australia,260,Olives,2007,2115.7,E,57123,A,27000,E
105,376,Israel,260,Olives,2007,1843.8,E,29500,A,16000,E
106,380,Italy,260,Olives,2007,2798.4,A,3249800,A,1161311,A
118,414,Kuwait,260,Olives,2007,1623.5,A,27.6,A,17,A
222,788,Tunisia,260,Olives,2007,584.8,A,998000,A,1706700,A
273,499,Montenegro,260,Olives,2007,2410.7,E,1082.6,A,449,E
9,32,Argentina,260,Olives,2007,3008.5,E,176000,E,58500,E
170,604,Peru,260,Olives,2007,5546.1,A,52444,A,9456,A
102,364,Iran (Islamic Republic of),260,Olives,2007,2109.2,A,62411.3,A,29590,A
138,484,Mexico,260,Olives,2007,3875.5,A,15936,A,4112,A
59,818,Egypt,260,Olives,2007,10895,A,507053,A,46540,A
299,275,Palestine,260,Olives,2007,541.5,A,50573,A,93386,A
234,858,Uruguay,260,Olives,2007,2266.7,E,3400,E,1500,E
80,70,Bosnia and Herzegovina,260,Olives,2007,825,E,66,A,80,E
40,152,Chile,260,Olives,2007,4500,A,36000,A,8000,A
143,504,Morocco,260,Olives,2007,1241.5,A,659100,A,530900,A
198,705,Slovenia,260,Olives,2007,1779,A,1489,A,837,A
203,724,Spain,260,Olives,2007,2485.8,A,6140251,A,2470162,A
154,807,North Macedonia,260,Olives,2007,2434.2,E,13800,E,5669,I
4,12,Algeria,260,Olives,2007,756.4,A,208952,A,276253,A
235,860,Uzbekistan,260,Olives,2007,1011.6,E,109.02,I,108,I
9,32,Argentina,260,Olives,2008,3000,E,183000,E,61000,E
299,275,Palestine,260,Olives,2008,901,A,85651,A,95067,A
102,364,Iran (Islamic Republic of),260,Olives,2008,935.8,A,27777.1,A,29683,A
103,368,Iraq,260,Olives,2008,3188.2,E,10840,A,3400,E
174,620,Portugal,260,Olives,2008,990.9,A,343971,A,347140,A
212,760,Syrian Arab Republic,260,Olives,2008,1340.3,A,827033,A,617060,A
223,792,Türkiye,260,Olives,2008,1890.9,A,1464248,A,774371,A
80,70,Bosnia and Herzegovina,260,Olives,2008,918.2,E,101,A,110,E
68,250,France,260,Olives,2008,1703.7,A,32116,A,18851,A
84,300,Greece,260,Olives,2008,2872.5,A,2291979.69,A,797906,A
124,434,Libya,260,Olives,2008,900,X,180000,X,200000,X
134,470,Malta,260,Olives,2008,1000,E,6,E,6,E
170,604,Peru,260,Olives,2008,5540.1,A,57700,A,10415,A
234,858,Uruguay,260,Olives,2008,2111.1,E,3800,E,1800,E
50,196,Cyprus,260,Olives,2008,1486.7,A,15573,A,10475,A
105,376,Israel,260,Olives,2008,2437.5,E,48750,A,20000,E
106,380,Italy,260,Olives,2008,2942.5,A,3473600,A,1180500,A
112,400,Jordan,260,Olives,2008,1554,A,94068,A,60531,A
118,414,Kuwait,260,Olives,2008,1643.8,A,24,A,15,A
231,840,United States of America,260,Olives,2008,4991.4,A,60600,A,12141,A
273,499,Montenegro,260,Olives,2008,2410.7,E,2107.6,A,874,E
21,76,Brazil,260,Olives,2008,166.7,A,1,A,6,A
60,222,El Salvador,260,Olives,2008,1844.6,E,8146.06,I,4416,I
98,191,Croatia,260,Olives,2008,2401.6,A,35955,A,14971,A
214,158,"China, Taiwan Province of",260,Olives,2008,8173.3,E,2452,A,300,E
222,788,Tunisia,260,Olives,2008,687.9,A,1183000,A,1719800,A
52,31,Azerbaijan,260,Olives,2008,854.6,A,1517,A,1775,A
59,818,Egypt,260,Olives,2008,10391.1,A,480071,A,46200,A
121,422,Lebanon,260,Olives,2008,1517.9,A,85000,A,56000,A
3,8,Albania,260,Olives,2008,1248.9,E,56200,A,45000,E
40,152,Chile,260,Olives,2008,4500,E,38700,E,8600,A
143,504,Morocco,260,Olives,2008,1397.7,A,765380,A,547600,A
154,807,North Macedonia,260,Olives,2008,2363.6,E,13000,E,5500,E
198,705,Slovenia,260,Olives,2008,2728.8,A,2284,A,837,A
4,12,Algeria,260,Olives,2008,899.5,A,254067,A,282460,A
203,724,Spain,260,Olives,2008,2273.3,A,5570727,A,2450471,A
10,36,Australia,260,Olives,2008,2097.9,E,60000,E,28600,E
2,4,Afghanistan,260,Olives,2008,2521.7,E,5800,E,2300,A
138,484,Mexico,260,Olives,2008,3543.1,A,18109,A,5111,A
235,860,Uzbekistan,260,Olives,2008,1021.6,E,110.41,I,108,I
98,191,Croatia,260,Olives,2009,2129.6,A,32592,A,15304,A
170,604,Peru,260,Olives,2009,4885,A,37170,A,7609,A
59,818,Egypt,260,Olives,2009,9703.3,A,449009,A,46274,A
234,858,Uruguay,260,Olives,2009,2150,E,4300,E,2000,E
60,222,El Salvador,260,Olives,2009,1528.6,E,8567.33,I,5605,I
84,300,Greece,260,Olives,2009,2995,A,2400580.2,A,801533,A
235,860,Uzbekistan,260,Olives,2009,1030.1,E,111.15,I,108,I
52,31,Azerbaijan,260,Olives,2009,806.7,A,1498,A,1857,A
103,368,Iraq,260,Olives,2009,3207.9,E,12992,A,4050,E
121,422,Lebanon,260,Olives,2009,1366.8,A,79000,A,57800,A
124,434,Libya,260,Olives,2009,833,X,170890,X,205150,X
154,807,North Macedonia,260,Olives,2009,2363.6,E,13000,E,5500,E
198,705,Slovenia,260,Olives,2009,2009.6,A,1682,A,837,A
231,840,United States of America,260,Olives,2009,3348.2,A,42003,A,12545,A
2,4,Afghanistan,260,Olives,2009,4500,A,9000,A,2000,A
21,76,Brazil,260,Olives,2009,166.7,E,1,E,6,E
273,499,Montenegro,260,Olives,2009,2410.7,E,1377,A,571,E
105,376,Israel,260,Olives,2009,1605.3,E,30500,A,19000,E
214,158,"China, Taiwan Province of",260,Olives,2009,8755.9,E,2583,A,295,E
223,792,Türkiye,260,Olives,2009,1658.1,A,1290654,A,778412,A
3,8,Albania,260,Olives,2009,1950,E,78000,A,40000,E
40,152,Chile,260,Olives,2009,4500,E,54000,E,12000,A
68,250,France,260,Olives,2009,1648.4,A,31255.2,A,18961,A
118,414,Kuwait,260,Olives,2009,1612.5,A,25.8,A,16,A
9,32,Argentina,260,Olives,2009,3017.9,E,169000,E,56000,E
102,364,Iran (Islamic Republic of),260,Olives,2009,1464,A,78450.2,A,53587,A
112,400,Jordan,260,Olives,2009,2319.8,A,140719,A,60660,A
80,70,Bosnia and Herzegovina,260,Olives,2009,970,E,97,A,100,E
212,760,Syrian Arab Republic,260,Olives,2009,1393.7,A,885942,A,635691,A
222,788,Tunisia,260,Olives,2009,460.2,A,800000,A,1738450,A
106,380,Italy,260,Olives,2009,2761.8,A,3286600,A,1190000,A
174,620,Portugal,260,Olives,2009,1228.9,A,422978,A,344199,A
203,724,Spain,260,Olives,2009,2846,A,6972094,A,2449828,A
134,470,Malta,260,Olives,2009,833.3,E,5,E,6,E
299,275,Palestine,260,Olives,2009,1104.6,E,105000,E,95061,A
4,12,Algeria,260,Olives,2009,1647.4,A,475182,A,288442,A
10,36,Australia,260,Olives,2009,2088.5,E,62655,A,30000,E
50,196,Cyprus,260,Olives,2009,1109,A,13329,A,12019,A
138,484,Mexico,260,Olives,2009,3149.8,A,10369,A,3292,A
143,504,Morocco,260,Olives,2009,1277.4,A,850000,A,665400,A
3,8,Albania,260,Olives,2010,2044.3,E,70000,A,34242,I
4,12,Algeria,260,Olives,2010,1058,A,311252,A,294200,A
52,31,Azerbaijan,260,Olives,2010,1003.8,A,1863,A,1856,A
50,196,Cyprus,260,Olives,2010,1277.2,A,14873,A,11645,A
60,222,El Salvador,260,Olives,2010,1875,E,9000,E,4800,E
84,300,Greece,260,Olives,2010,3173.9,A,2559567.11,A,806451,A
112,400,Jordan,260,Olives,2010,2819.9,A,171672,A,60879,A
143,504,Morocco,260,Olives,2010,1814,A,1506473,A,830481,A
10,36,Australia,260,Olives,2010,2195.1,E,90000,E,41000,E
118,414,Kuwait,260,Olives,2010,1605.6,A,28.9,A,18,A
21,76,Brazil,260,Olives,2010,905.1,E,39.16,I,43,I
80,70,Bosnia and Herzegovina,260,Olives,2010,1079.1,E,123,A,114,I
134,470,Malta,260,Olives,2010,971.2,E,13.95,I,14,I
154,807,North Macedonia,260,Olives,2010,2400,E,12000,E,5000,E
174,620,Portugal,260,Olives,2010,1297.4,A,445301,A,343219,A
212,760,Syrian Arab Republic,260,Olives,2010,1483.3,A,960403,A,647458,A
214,158,"China, Taiwan Province of",260,Olives,2010,8322.1,E,2587.72,I,311,I
231,840,United States of America,260,Olives,2010,12827.2,A,186880,A,14569,A
2,4,Afghanistan,260,Olives,2010,3318.2,A,7300,A,2200,A
9,32,Argentina,260,Olives,2010,2799.4,E,353842,E,126400,E
40,152,Chile,260,Olives,2010,4655.3,E,59932.37,I,12874,A
59,818,Egypt,260,Olives,2010,7793.5,A,390932,A,50161,A
103,368,Iraq,260,Olives,2010,3215.5,E,15113,A,4700,E
105,376,Israel,260,Olives,2010,2227.2,E,73500,A,33001,I
121,422,Lebanon,260,Olives,2010,3728.1,A,200000,A,53647,A
124,434,Libya,260,Olives,2010,778.3,E,177144,I,227602,I
198,705,Slovenia,260,Olives,2010,2124.4,A,1895,A,892,A
223,792,Türkiye,260,Olives,2010,1804.8,A,1415000,A,784031,A
235,860,Uzbekistan,260,Olives,2010,1200,E,120,A,100,E
98,191,Croatia,260,Olives,2010,2222.8,A,38001,A,17096,A
299,275,Palestine,260,Olives,2010,2419.9,A,112000,A,46282,A
102,364,Iran (Islamic Republic of),260,Olives,2010,1108.6,A,58900.2,A,53129,A
138,484,Mexico,260,Olives,2010,3990.8,A,27209,A,6818,A
273,499,Montenegro,260,Olives,2010,2410.7,E,1943.8,A,806,E
203,724,Spain,260,Olives,2010,2907.6,A,7197600,A,2475466,A
222,788,Tunisia,260,Olives,2010,495.1,A,873000,A,1763450,A
106,380,Italy,260,Olives,2010,2662.7,A,3170700,A,1190800,A
234,858,Uruguay,260,Olives,2010,2169.8,E,4862.81,I,2241,I
68,250,France,260,Olives,2010,1878.9,A,31706,A,16875,A
170,604,Peru,260,Olives,2010,6560.2,A,75035,A,11438,A
3,8,Albania,260,Olives,2011,2227.9,E,65400,A,29355,I
4,12,Algeria,260,Olives,2011,1958.1,A,610776,A,311930,A
214,158,"China, Taiwan Province of",260,Olives,2011,8256.7,E,2614.2,I,317,I
84,300,Greece,260,Olives,2011,3084.6,A,2491025.8,A,807567,A
118,414,Kuwait,260,Olives,2011,1673.5,E,137.22,I,82,A
174,620,Portugal,260,Olives,2011,1503.6,A,519780,A,345683,A
212,760,Syrian Arab Republic,260,Olives,2011,1599.8,A,1095043,A,684490,A
222,788,Tunisia,260,Olives,2011,318.7,A,562000,A,1763450,A
223,792,Türkiye,260,Olives,2011,2191.6,A,1750000,A,798493,A
231,840,United States of America,260,Olives,2011,3846.1,A,64592,A,16794,A
80,70,Bosnia and Herzegovina,260,Olives,2011,1187.9,E,153,A,129,I
59,818,Egypt,260,Olives,2011,8727.3,A,459650,A,52668,A
138,484,Mexico,260,Olives,2011,1969.8,A,6969,A,3538,A
143,504,Morocco,260,Olives,2011,1571.9,A,1415902,A,900743,A
50,196,Cyprus,260,Olives,2011,989.6,A,10650,A,10762,A
68,250,France,260,Olives,2011,1376.2,A,23319.6,A,16945,A
154,807,North Macedonia,260,Olives,2011,2400,E,12000,E,5000,E
203,724,Spain,260,Olives,2011,3123.4,A,7820060,A,2503675,A
52,31,Azerbaijan,260,Olives,2011,893.9,A,1659,A,1856,A
60,222,El Salvador,260,Olives,2011,1975.1,E,9475.7,I,4798,I
105,376,Israel,260,Olives,2011,3000,A,66000,A,22000,A
10,36,Australia,260,Olives,2011,2167.7,E,91067,A,42010,I
103,368,Iraq,260,Olives,2011,3834.6,E,17421,A,4543,I
112,400,Jordan,260,Olives,2011,2123.6,A,131847,A,62088,A
134,470,Malta,260,Olives,2011,1026.9,E,24.78,I,24,I
2,4,Afghanistan,260,Olives,2011,3000,A,6600,A,2200,A
9,32,Argentina,260,Olives,2011,2798.9,E,248261,E,88700,E
106,380,Italy,260,Olives,2011,2780.6,A,3182204,A,1144422,A
121,422,Lebanon,260,Olives,2011,1641.8,E,88000,A,53600,X
124,434,Libya,260,Olives,2011,799.5,E,187310.39,I,234277,I
40,152,Chile,260,Olives,2011,4894,E,73854.65,I,15091,A
170,604,Peru,260,Olives,2011,5638.9,A,73092,A,12962,A
98,191,Croatia,260,Olives,2011,1826.9,A,31423,A,17200,A
102,364,Iran (Islamic Republic of),260,Olives,2011,2029.9,A,102980,A,50731,A
273,499,Montenegro,260,Olives,2011,2410.7,E,1008,A,418,E
234,858,Uruguay,260,Olives,2011,2143.5,E,5410.73,I,2524,I
21,76,Brazil,260,Olives,2011,1790.7,A,77,A,43,A
235,860,Uzbekistan,260,Olives,2011,1027.2,E,111.36,I,108,I
198,705,Slovenia,260,Olives,2011,1910.3,A,1704,A,892,A
299,275,Palestine,260,Olives,2011,1353.6,A,75530,A,55801,A
80,70,Bosnia and Herzegovina,260,Olives,2012,1390.9,E,153,A,110,E
84,300,Greece,260,Olives,2012,3422.1,A,2764017.32,A,807696,A
138,484,Mexico,260,Olives,2012,2895.9,A,19058,A,6581,A
273,499,Montenegro,260,Olives,2012,2410.7,E,2154.9,A,894,E
231,840,United States of America,260,Olives,2012,8151.7,A,145150,A,17806,A
52,31,Azerbaijan,260,Olives,2012,734.7,A,1335,A,1817,A
21,76,Brazil,260,Olives,2012,3031.3,A,291,A,96,A
214,158,"China, Taiwan Province of",260,Olives,2012,8329,E,2649.24,I,318,I
103,368,Iraq,260,Olives,2012,4528.7,E,20379,A,4500,E
118,414,Kuwait,260,Olives,2012,1600,A,33.6,A,21,A
2,4,Afghanistan,260,Olives,2012,3000,A,6600,A,2200,A
59,818,Egypt,260,Olives,2012,9783.8,A,563070,A,57551,A
68,250,France,260,Olives,2012,1733.3,A,29561.3,A,17055,A
121,422,Lebanon,260,Olives,2012,1306,E,70000,A,53600,X
143,504,Morocco,260,Olives,2012,1359.1,A,1315794,A,968123,A
174,620,Portugal,260,Olives,2012,1237.9,A,429922,A,347292,A
222,788,Tunisia,260,Olives,2012,531.9,A,963000,A,1810550,A
234,858,Uruguay,260,Olives,2012,2100,E,6300,E,3000,E
40,152,Chile,260,Olives,2012,4871.8,E,73613.39,I,15110,A
60,222,El Salvador,260,Olives,2012,2050,E,10250,E,5000,E
98,191,Croatia,260,Olives,2012,2814.6,A,50945,A,18100,A
134,470,Malta,260,Olives,2012,1038.5,E,33.16,I,32,I
170,604,Peru,260,Olives,2012,6994.8,A,92527,A,13228,A
223,792,Türkiye,260,Olives,2012,2236.5,A,1820000,A,813765,A
235,860,Uzbekistan,260,Olives,2012,1100,E,110,E,100,E
9,32,Argentina,260,Olives,2012,2800,E,360922,E,128900,E
10,36,Australia,260,Olives,2012,2199.6,E,99483.3,I,45228,I
50,196,Cyprus,260,Olives,2012,1207.8,A,12640,A,10465,A
112,400,Jordan,260,Olives,2012,2482.8,A,155640,A,62687,A
124,434,Libya,260,Olives,2012,767.1,E,184951.46,I,241106,I
299,275,Palestine,260,Olives,2012,2027.2,X,114070,X,56270,X
3,8,Albania,260,Olives,2012,2978.6,A,108000,A,36259,A
4,12,Algeria,260,Olives,2012,1197.5,A,393840,A,328884,A
203,724,Spain,260,Olives,2012,1537.1,A,3849300,A,2504261,A
105,376,Israel,260,Olives,2012,1869.4,A,63000,A,33700,A
154,807,North Macedonia,260,Olives,2012,2166.7,E,13000,E,6000,E
212,760,Syrian Arab Republic,260,Olives,2012,1508.9,A,1049761,A,695711,A
106,380,Italy,260,Olives,2012,2681.3,A,3017537.1,A,1125382,A
198,705,Slovenia,260,Olives,2012,829.6,A,740,A,892,A
102,364,Iran (Islamic Republic of),260,Olives,2012,1420.6,A,69480,A,48909,A
10,36,Australia,260,Olives,2013,2229.3,E,93516,A,41949,I
214,158,"China, Taiwan Province of",260,Olives,2013,8342.7,E,2643.87,I,317,I
84,300,Greece,260,Olives,2013,2199.2,A,1752074.83,A,796674,A
118,414,Kuwait,260,Olives,2013,1633.3,A,44.1,A,27,A
124,434,Libya,260,Olives,2013,738.4,E,185762.17,I,251558,I
134,470,Malta,260,Olives,2013,1030.5,E,45.7,I,44,I
212,760,Syrian Arab Republic,260,Olives,2013,1207.4,A,842098,A,697442,A
9,32,Argentina,260,Olives,2013,2798.6,E,216609,E,77400,E
60,222,El Salvador,260,Olives,2013,2050,E,10250,E,5000,E
102,364,Iran (Islamic Republic of),260,Olives,2013,1927.8,A,98810,A,51255,A
143,504,Morocco,260,Olives,2013,1281.3,A,1181675.91,A,922235,A
198,705,Slovenia,260,Olives,2013,1598.9,A,1479,A,925,A
231,840,United States of America,260,Olives,2013,9303.3,A,150593,A,16187,A
59,818,Egypt,260,Olives,2013,8779.5,A,541790,A,61711,A
138,484,Mexico,260,Olives,2013,3803.2,A,26303,A,6916,A
154,807,North Macedonia,260,Olives,2013,2166.7,E,13000,E,6000,E
170,604,Peru,260,Olives,2013,3513,A,57766,A,16444,A
223,792,Türkiye,260,Olives,2013,2029.5,A,1676000,A,825826,A
2,4,Afghanistan,260,Olives,2013,3038.5,E,6684.79,I,2200,A
21,76,Brazil,260,Olives,2013,1815.1,A,265,A,146,A
50,196,Cyprus,260,Olives,2013,1194.8,A,12728,A,10653,A
98,191,Croatia,260,Olives,2013,1843.4,A,34269,A,18590,A
105,376,Israel,260,Olives,2013,2284.9,A,77000,A,33700,A
106,380,Italy,260,Olives,2013,2564,A,2940545.2,A,1146863,A
174,620,Portugal,260,Olives,2013,1852.7,A,651741,A,351770,A
203,724,Spain,260,Olives,2013,3700.1,A,9276100,A,2507000,A
222,788,Tunisia,260,Olives,2013,603.5,A,1100000,A,1822820,A
4,12,Algeria,260,Olives,2013,1662.1,A,578740,A,348196,A
103,368,Iraq,260,Olives,2013,5190.5,E,24136,A,4650,E
121,422,Lebanon,260,Olives,2013,1981.3,E,106200.22,I,53600,X
273,499,Montenegro,260,Olives,2013,2800,E,1038.1,A,371,E
3,8,Albania,260,Olives,2013,2424.8,A,92000,A,37941,A
80,70,Bosnia and Herzegovina,260,Olives,2013,1390.9,E,153,A,110,E
234,858,Uruguay,260,Olives,2013,2137.9,E,6200,E,2900,E
40,152,Chile,260,Olives,2013,4958.7,E,90779.65,I,18307,A
68,250,France,260,Olives,2013,1712.1,A,29403,A,17174,A
299,275,Palestine,260,Olives,2013,1310.1,X,60630,X,46280,X
52,31,Azerbaijan,260,Olives,2013,496.5,A,840,A,1692,A
112,400,Jordan,260,Olives,2013,2054.6,A,128186,A,62390,A
235,860,Uzbekistan,260,Olives,2013,1000,E,100,E,100,E
2,4,Afghanistan,260,Olives,2014,3143.7,E,6916.19,I,2200,A
40,152,Chile,260,Olives,2014,5242.4,E,103470,E,19737,A
124,434,Libya,260,Olives,2014,712.8,E,180668.04,I,253467,I
4,12,Algeria,260,Olives,2014,1259.3,A,482860,A,383443,A
214,158,"China, Taiwan Province of",260,Olives,2014,8297.2,E,2611.15,I,315,I
50,196,Cyprus,260,Olives,2014,1585.6,A,17266,A,10889,A
103,368,Iraq,260,Olives,2014,5467.8,E,24768,A,4530,I
105,376,Israel,260,Olives,2014,2670.6,A,90000,A,33700,A
112,400,Jordan,260,Olives,2014,2486,A,155764,A,62656,A
198,705,Slovenia,260,Olives,2014,817.3,A,814,A,996,A
212,760,Syrian Arab Republic,260,Olives,2014,562.7,A,392214.36,A,697028,A
106,380,Italy,260,Olives,2014,1697.5,A,1963676,A,1156784,A
234,858,Uruguay,260,Olives,2014,1571.4,E,4400,E,2800,E
84,300,Greece,260,Olives,2014,3168.1,A,2592375.17,A,818285,A
102,364,Iran (Islamic Republic of),260,Olives,2014,977.5,A,43797,A,44803,A
118,414,Kuwait,260,Olives,2014,1631.6,A,62,A,38,A
143,504,Morocco,260,Olives,2014,1661.6,A,1573206.49,A,946818,A
222,788,Tunisia,260,Olives,2014,236.7,A,376000,A,1588620,A
231,840,United States of America,260,Olives,2014,5755.9,A,86183,A,14973,A
299,275,Palestine,260,Olives,2014,1323.9,X,60900,X,46000,X
3,8,Albania,260,Olives,2014,2452.2,A,98000,A,39964,A
60,222,El Salvador,260,Olives,2014,2008.3,E,10887.27,I,5421,I
98,191,Croatia,260,Olives,2014,463.3,A,8840,A,19082,A
223,792,Türkiye,260,Olives,2014,2140.2,A,1768000,A,826092,A
52,31,Azerbaijan,260,Olives,2014,491,A,847,A,1725,A
59,818,Egypt,260,Olives,2014,9298.1,A,565669,A,60837,A
154,807,North Macedonia,260,Olives,2014,2190.2,E,12343.43,I,5636,I
170,604,Peru,260,Olives,2014,8934.3,A,151927,A,17005,A
9,32,Argentina,260,Olives,2014,2792.8,E,341865,E,122410,I
80,70,Bosnia and Herzegovina,260,Olives,2014,1407.4,E,190,A,135,E
174,620,Portugal,260,Olives,2014,1292.4,A,455374,A,352350,A
203,724,Spain,260,Olives,2014,1812.7,A,4560400,A,2515800,A
235,860,Uzbekistan,260,Olives,2014,800,E,120,E,150,E
10,36,Australia,260,Olives,2014,2251.7,E,65851,A,29245,I
21,76,Brazil,260,Olives,2014,2124.5,A,512,A,241,A
68,250,France,260,Olives,2014,755.5,A,13006,A,17214,A
138,484,Mexico,260,Olives,2014,2758.1,A,9994.42,A,3624,A
273,499,Montenegro,260,Olives,2014,3100,E,999.7,A,322,E
121,422,Lebanon,260,Olives,2014,1933,X,113700,X,58820,X
134,470,Malta,260,Olives,2014,977,E,60,X,61,E
4,12,Algeria,260,Olives,2015,1607.9,A,653725,A,406571,A
98,191,Croatia,260,Olives,2015,1479.9,A,28267,A,19100,A
60,222,El Salvador,260,Olives,2015,2024.5,E,11449.29,I,5655,I
68,250,France,260,Olives,2015,2001.3,A,34675,A,17326,A
273,499,Montenegro,260,Olives,2015,2700,E,962.7,A,357,E
170,604,Peru,260,Olives,2015,2230.8,A,38427,A,17226,A
198,705,Slovenia,260,Olives,2015,1466.5,A,1578,A,1076,A
2,4,Afghanistan,260,Olives,2015,3396.5,E,7472.33,I,2200,A
3,8,Albania,260,Olives,2015,2313,A,96000.05,A,41504,A
9,32,Argentina,260,Olives,2015,2824.6,E,334848,E,118548,I
80,70,Bosnia and Herzegovina,260,Olives,2015,1450.8,E,303,A,209,I
214,158,"China, Taiwan Province of",260,Olives,2015,8301.9,E,2617.05,I,315,I
50,196,Cyprus,260,Olives,2015,1340,A,13416,A,10012,A
102,364,Iran (Islamic Republic of),260,Olives,2015,2206.1,E,85498.51,I,38756,I
105,376,Israel,260,Olives,2015,2908,A,98000,A,33700,A
118,414,Kuwait,260,Olives,2015,1962.1,A,56.9,A,29,A
231,840,United States of America,260,Olives,2015,11145.5,A,162390,A,14570,A
52,31,Azerbaijan,260,Olives,2015,618.3,A,1066,A,1724,A
59,818,Egypt,260,Olives,2015,10026.6,A,698927,A,69707,A
203,724,Spain,260,Olives,2015,2529.5,A,5947700,A,2351370,A
222,788,Tunisia,260,Olives,2015,1046.2,A,1700000,A,1624980,A
21,76,Brazil,260,Olives,2015,1188.5,A,435,A,366,A
124,434,Libya,260,Olives,2015,724.9,E,162743.91,I,224513,I
143,504,Morocco,260,Olives,2015,1136.9,A,1144237.93,A,1006491,A
234,858,Uruguay,260,Olives,2015,3398.1,E,14000,E,4120,A
235,860,Uzbekistan,260,Olives,2015,874.7,E,122.84,I,140,I
299,275,Palestine,260,Olives,2015,1553.6,X,87000,X,56000,X
134,470,Malta,260,Olives,2015,967.4,E,90,X,93,E
212,760,Syrian Arab Republic,260,Olives,2015,1314.2,A,913299,A,694931,A
174,620,Portugal,260,Olives,2015,2057.5,A,722893,A,351340,A
10,36,Australia,260,Olives,2015,2300.8,E,84500,E,36726,I
40,152,Chile,260,Olives,2015,5938.2,E,120075,E,20221,A
106,380,Italy,260,Olives,2015,2380.8,A,2732893.9,A,1147877,A
112,400,Jordan,260,Olives,2015,3144.7,A,200896,A,63883,A
121,422,Lebanon,260,Olives,2015,2962.7,X,176659,X,59628,X
138,484,Mexico,260,Olives,2015,4505.9,A,13048.66,A,2896,A
223,792,Türkiye,260,Olives,2015,2031.2,A,1700000,A,836935,A
84,300,Greece,260,Olives,2015,3541,A,2907865.78,A,821206,A
154,807,North Macedonia,260,Olives,2015,2196.6,E,12168.88,I,5540,I
103,368,Iraq,260,Olives,2015,4132.5,E,8268,A,2001,I
3,8,Albania,260,Olives,2016,2547.6,A,99075,A,38889,A
9,32,Argentina,260,Olives,2016,2835.8,E,247555,E,87295,I
50,196,Cyprus,260,Olives,2016,948.1,A,10061,A,10612,A
103,368,Iraq,260,Olives,2016,4024.5,E,9332,A,2319,I
112,400,Jordan,260,Olives,2016,1810.6,A,115812,A,63963,A
121,422,Lebanon,260,Olives,2016,2637.1,A,157646,A,59780,A
124,434,Libya,260,Olives,2016,725.4,E,176391.37,E,243179,E
134,470,Malta,260,Olives,2016,964.5,E,30,X,31,I
138,484,Mexico,260,Olives,2016,4250.3,A,21649.75,A,5094,A
59,818,Egypt,260,Olives,2016,11077.2,A,874748,A,78968,A
21,76,Brazil,260,Olives,2016,1127.2,A,647,A,574,A
273,499,Montenegro,260,Olives,2016,3500,E,1623,A,464,E
170,604,Peru,260,Olives,2016,3280.5,A,56156.66,A,17119,A
222,788,Tunisia,260,Olives,2016,425.3,A,700000,A,1646060,A
231,840,United States of America,260,Olives,2016,9992.7,A,149590,A,14970,A
2,4,Afghanistan,260,Olives,2016,3636.6,E,8000.6,I,2200,A
4,12,Algeria,260,Olives,2016,1643.8,A,696431.48,A,423683,A
10,36,Australia,260,Olives,2016,2314.2,E,86800,E,37508,I
143,504,Morocco,260,Olives,2016,1404.4,A,1416106.53,A,1008365,A
60,222,El Salvador,260,Olives,2016,2027,E,10862.19,E,5359,E
68,250,France,260,Olives,2016,1054.9,A,18333,A,17379,A
212,760,Syrian Arab Republic,260,Olives,2016,966.3,A,668441,A,691769,A
80,70,Bosnia and Herzegovina,260,Olives,2016,1486.8,E,359,A,241,I
102,364,Iran (Islamic Republic of),260,Olives,2016,2830,E,93995.91,I,33214,I
203,724,Spain,260,Olives,2016,2808.6,A,7082550,A,2521694,A
223,792,Türkiye,260,Olives,2016,2046,A,1730000,A,845542,A
234,858,Uruguay,260,Olives,2016,962.3,E,5100,E,5300,A
235,860,Uzbekistan,260,Olives,2016,897.9,E,114.28,E,127,I
52,31,Azerbaijan,260,Olives,2016,532.5,A,1586.2,A,2979,A
40,152,Chile,260,Olives,2016,5614.8,E,114225,E,20343,A
105,376,Israel,260,Olives,2016,2700.3,A,91000,A,33700,A
118,414,Kuwait,260,Olives,2016,1939.4,A,64,A,33,A
214,158,"China, Taiwan Province of",260,Olives,2016,8307.4,E,2603.15,I,313,I
98,191,Croatia,260,Olives,2016,1714.9,A,31183,A,18184,A
154,807,North Macedonia,260,Olives,2016,2294.1,E,12504.11,E,5451,I
84,300,Greece,260,Olives,2016,3453.7,A,2755431,A,797820,A
106,380,Italy,260,Olives,2016,1780.3,A,2038303,A,1144947,A
174,620,Portugal,260,Olives,2016,1336.4,A,476003,A,356183,A
198,705,Slovenia,260,Olives,2016,1416.9,A,1662,A,1173,A
299,275,Palestine,260,Olives,2016,1491.5,X,88000,X,59000,X
105,376,Israel,260,Olives,2017,2581.6,A,87000,A,33700,A
174,620,Portugal,260,Olives,2017,2445.6,A,876215,A,358276,A
212,760,Syrian Arab Republic,260,Olives,2017,1227.5,A,849919,A,692417,A
222,788,Tunisia,260,Olives,2017,529.4,E,500000,A,944451,I
223,792,Türkiye,260,Olives,2017,2482.1,A,2100000,A,846062,A
59,818,Egypt,260,Olives,2017,11921.7,A,1094724,A,91826,A
106,380,Italy,260,Olives,2017,2275.1,A,2597974,A,1141893,A
154,807,North Macedonia,260,Olives,2017,2264.2,E,12062.91,I,5328,I
198,705,Slovenia,260,Olives,2017,1355.6,A,1685,A,1243,A
4,12,Algeria,260,Olives,2017,1580.9,A,684460.56,A,432959,A
40,152,Chile,260,Olives,2017,5915.3,E,129570,E,21904,A
103,368,Iraq,260,Olives,2017,3831,E,10203,A,2663,I
112,400,Jordan,260,Olives,2017,2585.3,A,145332,A,56214,A
170,604,Peru,260,Olives,2017,3792.7,A,80349,A,21185,A
2,4,Afghanistan,260,Olives,2017,3377.9,E,7463.04,E,2209,I
52,31,Azerbaijan,260,Olives,2017,604.8,A,1679.5,A,2777,A
234,858,Uruguay,260,Olives,2017,1277.8,E,6900,E,5400,A
3,8,Albania,260,Olives,2017,2373.8,A,107830,A,45426,A
10,36,Australia,260,Olives,2017,2330.8,E,122570,A,52586,I
21,76,Brazil,260,Olives,2017,1321.4,A,1250,A,946,A
124,434,Libya,260,Olives,2017,714.8,E,175437.38,I,245452,I
143,504,Morocco,260,Olives,2017,1018.2,A,1039116.84,A,1020569,A
194,682,Saudi Arabia,260,Olives,2017,9695.2,E,290857,A,30000,E
203,724,Spain,260,Olives,2017,2563.6,A,6549499,A,2554829,A
235,860,Uzbekistan,260,Olives,2017,814,E,113.34,I,139,E
9,32,Argentina,260,Olives,2017,2825.4,E,400000,X,141571,I
60,222,El Salvador,260,Olives,2017,2053.2,E,11409.14,I,5557,I
84,300,Greece,260,Olives,2017,3580.1,A,2837778,A,792643,A
134,470,Malta,260,Olives,2017,952,E,60,E,63,E
273,499,Montenegro,260,Olives,2017,2900,E,1642.5,A,566,E
214,158,"China, Taiwan Province of",260,Olives,2017,8300.5,E,2599.55,I,313,I
118,414,Kuwait,260,Olives,2017,2266.7,A,68,A,30,A
121,422,Lebanon,260,Olives,2017,2569.4,A,157710,A,61380,A
50,196,Cyprus,260,Olives,2017,1800.1,A,19495,A,10830,A
138,484,Mexico,260,Olives,2017,4251.4,A,12879.38,A,3029,A
80,70,Bosnia and Herzegovina,260,Olives,2017,1526,E,281.4,A,184,I
102,364,Iran (Islamic Republic of),260,Olives,2017,5613.1,A,137869,A,24562,A
299,275,Palestine,260,Olives,2017,1565,E,87799,A,56101,I
98,191,Croatia,260,Olives,2017,1549.4,A,28947,A,18683,A
68,250,France,260,Olives,2017,1054.9,A,18332.5,A,17379,A
231,840,United States of America,260,Olives,2017,10775.2,A,174450,A,16190,A
10,36,Australia,260,Olives,2018,2347.4,E,89700,E,38213,I
80,70,Bosnia and Herzegovina,260,Olives,2018,1892.5,E,610,A,322,I
40,152,Chile,260,Olives,2018,5673,E,126000,E,22210,A
50,196,Cyprus,260,Olives,2018,1861.5,A,20030,A,10760,A
104,372,Ireland,260,Olives,2018,,,,A,,A
124,434,Libya,260,Olives,2018,692.8,A,141680,A,204510,A
173,616,Poland,260,Olives,2018,,,,A,,A
223,792,Türkiye,260,Olives,2018,1735.8,A,1500467,A,864428,A
9,32,Argentina,260,Olives,2018,2809.2,E,303989.13,E,108213,I
11,40,Austria,260,Olives,2018,,,,A,,A
27,100,Bulgaria,260,Olives,2018,,,,A,,A
84,300,Greece,260,Olives,2018,2870.5,A,2764628.38,A,963120,A
102,364,Iran (Islamic Republic of),260,Olives,2018,3373.4,E,85913.18,A,25468,I
112,400,Jordan,260,Olives,2018,2211.2,A,125150,A,56599,A
210,752,Sweden,260,Olives,2018,,,,A,,A
52,31,Azerbaijan,260,Olives,2018,329.2,A,1073,A,3259,A
103,368,Iraq,260,Olives,2018,3786.8,E,12292,A,3246,I
138,484,Mexico,260,Olives,2018,2905.3,A,15106.51,A,5200,A
167,203,Czechia,260,Olives,2018,,,,A,,A
194,682,Saudi Arabia,260,Olives,2018,11927.3,E,357819,A,30000,E
198,705,Slovenia,260,Olives,2018,3046.2,A,3960,A,1300,A
212,760,Syrian Arab Republic,260,Olives,2018,959,A,664643,A,693064,A
222,788,Tunisia,260,Olives,2018,666.9,E,1617000,A,2424490,E
2,4,Afghanistan,260,Olives,2018,3462.2,E,7645.32,E,2208,I
3,8,Albania,260,Olives,2018,2535.1,A,117573,A,46378,A
21,76,Brazil,260,Olives,2018,1451.6,A,1620,A,1116,A
121,422,Lebanon,260,Olives,2018,2638.3,X,164188,X,62233,X
170,604,Peru,260,Olives,2018,8634.3,A,188982.41,A,21887,A
203,724,Spain,260,Olives,2018,3807.5,A,9819570,A,2579000,A
235,860,Uzbekistan,260,Olives,2018,863.1,E,115.68,I,134,I
273,499,Montenegro,260,Olives,2018,2000,E,1098.9,A,549,E
59,818,Egypt,260,Olives,2018,12047.9,A,1083771,A,89955,A
97,348,Hungary,260,Olives,2018,,,,A,,A
105,376,Israel,260,Olives,2018,1617.2,A,54500,A,33700,A
174,620,Portugal,260,Olives,2018,2044.8,A,738550,A,361180,A
256,442,Luxembourg,260,Olives,2018,,,,A,,A
67,246,Finland,260,Olives,2018,,,,A,,A
118,414,Kuwait,260,Olives,2018,22408.6,A,784.3,A,35,A
143,504,Morocco,260,Olives,2018,1494,A,1561465.2,A,1045186,A
150,528,Netherlands (Kingdom of the),260,Olives,2018,,,,A,,A
154,807,North Macedonia,260,Olives,2018,2213.3,E,11801.24,I,5332,I
231,840,United States of America,260,Olives,2018,3203.6,A,48630,A,15180,A
98,191,Croatia,260,Olives,2018,1519.8,A,28420,A,18700,A
54,208,Denmark,260,Olives,2018,,,,A,,A
255,56,Belgium,260,Olives,2018,,,,A,,A
68,250,France,260,Olives,2018,1496.6,A,26040,A,17400,A
199,703,Slovakia,260,Olives,2018,,,,A,,A
234,858,Uruguay,260,Olives,2018,357.1,E,2500,E,7000,A
4,12,Algeria,260,Olives,2018,1997.1,A,860784.44,A,431009,A
63,233,Estonia,260,Olives,2018,,,,A,,A
79,276,Germany,260,Olives,2018,,,,A,,A
119,428,Latvia,260,Olives,2018,,,,A,,A
214,158,"China, Taiwan Province of",260,Olives,2018,8301.5,E,2598.49,I,313,I
60,222,El Salvador,260,Olives,2018,1979.8,E,11240.2,E,5677,I
126,440,Lithuania,260,Olives,2018,,,,A,,A
183,642,Romania,260,Olives,2018,,,,A,,A
299,275,Palestine,260,Olives,2018,1469.5,E,59345,A,40385,I
106,380,Italy,260,Olives,2018,1710.5,A,1953540,A,1142120,A
165,586,Pakistan,260,Olives,2018,,,,M,,M
3,8,Albania,260,Olives,2019,2085.7,A,98313,A,47136,A
9,32,Argentina,260,Olives,2019,2792.6,E,321000,E,114945,I
40,152,Chile,260,Olives,2019,5776.5,E,126800,E,21951,A
214,158,"China, Taiwan Province of",260,Olives,2019,8298.6,E,2599.51,I,313,I
50,196,Cyprus,260,Olives,2019,2307.4,A,25520,A,11060,A
63,233,Estonia,260,Olives,2019,,,,A,,A
84,300,Greece,260,Olives,2019,3587.8,A,3240063,A,903080,A
118,414,Kuwait,260,Olives,2019,19494,A,809,A,42,A
138,484,Mexico,260,Olives,2019,4656.1,A,25422.21,A,5460,A
198,705,Slovenia,260,Olives,2019,1442.3,A,1976,A,1370,A
223,792,Türkiye,260,Olives,2019,1734.6,A,1525000,A,879177,A
2,4,Afghanistan,260,Olives,2019,3593.7,E,7926.57,I,2206,I
4,12,Algeria,260,Olives,2019,2013.3,A,868754,A,431506,A
80,70,Bosnia and Herzegovina,260,Olives,2019,2388.9,E,776,A,325,I
167,203,Czechia,260,Olives,2019,,,,A,,A
97,348,Hungary,260,Olives,2019,,,,A,,A
104,372,Ireland,260,Olives,2019,,,,A,,A
106,380,Italy,260,Olives,2019,1925.6,A,2194110,A,1139470,A
299,275,Palestine,260,Olives,2019,1833.3,E,177610.78,A,96882,I
170,604,Peru,260,Olives,2019,8859,A,190985.74,A,21558,A
10,36,Australia,260,Olives,2019,2373.5,E,86192,A,36314,I
79,276,Germany,260,Olives,2019,,,,A,,A
112,400,Jordan,260,Olives,2019,3775,A,214994,A,56952,A
121,422,Lebanon,260,Olives,2019,2683.2,X,170127,X,63404,X
150,528,Netherlands (Kingdom of the),260,Olives,2019,,,,A,,A
222,788,Tunisia,260,Olives,2019,563.6,E,700000,A,1241931,I
231,840,United States of America,260,Olives,2019,10009.9,A,151950,A,15180,A
60,222,El Salvador,260,Olives,2019,2051.6,E,11629.14,I,5668,I
154,807,North Macedonia,260,Olives,2019,2177.1,E,11645.56,I,5349,I
165,586,Pakistan,260,Olives,2019,,,,A,,A
256,442,Luxembourg,260,Olives,2019,,,,A,,A
11,40,Austria,260,Olives,2019,,,,A,,A
21,76,Brazil,260,Olives,2019,1760.2,A,2496,A,1418,A
27,100,Bulgaria,260,Olives,2019,,,,A,,A
67,246,Finland,260,Olives,2019,,,,A,,A
199,703,Slovakia,260,Olives,2019,,,,A,,A
234,858,Uruguay,260,Olives,2019,2739.7,A,20000,A,7300,A
235,860,Uzbekistan,260,Olives,2019,860.6,E,119.22,I,139,I
273,499,Montenegro,260,Olives,2019,2200,E,1211,A,550,E
52,31,Azerbaijan,260,Olives,2019,424.2,A,1162.6,A,2741,A
124,434,Libya,260,Olives,2019,680.7,A,140180,A,205940,A
174,620,Portugal,260,Olives,2019,2481.8,A,939070,A,378390,A
59,818,Egypt,260,Olives,2019,9524.3,A,981000,A,103000,A
68,250,France,260,Olives,2019,1327.3,A,23520,A,17720,A
103,368,Iraq,260,Olives,2019,3549.5,A,34501,A,9720,A
105,376,Israel,260,Olives,2019,3204.7,A,108000,A,33700,A
119,428,Latvia,260,Olives,2019,,,,A,,A
102,364,Iran (Islamic Republic of),260,Olives,2019,2987.9,A,101355.11,A,33922,A
134,470,Malta,260,Olives,2019,,,30,A,,
210,752,Sweden,260,Olives,2019,,,,A,,A
212,760,Syrian Arab Republic,260,Olives,2019,1218,A,844316.05,A,693227,A
98,191,Croatia,260,Olives,2019,1785.1,A,33220,A,18610,A
173,616,Poland,260,Olives,2019,,,,A,,A
183,642,Romania,260,Olives,2019,,,,A,,A
126,440,Lithuania,260,Olives,2019,,,,A,,A
143,504,Morocco,260,Olives,2019,1781.3,A,1912237.71,A,1073493,A
203,724,Spain,260,Olives,2019,2292.6,A,5965080,A,2601900,A
194,682,Saudi Arabia,260,Olives,2019,15230.2,A,357819,A,23494,A
255,56,Belgium,260,Olives,2019,,,,A,,A
54,208,Denmark,260,Olives,2019,,,,A,,A
40,152,Chile,260,Olives,2020,6213.7,E,137646.33,I,22152,A
167,203,Czechia,260,Olives,2020,,,,A,,A
79,276,Germany,260,Olives,2020,,,,A,,A
143,504,Morocco,260,Olives,2020,1318.4,A,1409266.45,A,1068895,A
210,752,Sweden,260,Olives,2020,,,,A,,A
223,792,Türkiye,260,Olives,2020,1484.2,A,1316626,A,887077,A
231,840,United States of America,260,Olives,2020,4215.8,A,61420,A,14569,A
2,4,Afghanistan,260,Olives,2020,3549.1,E,7678.31,E,2163,I
59,818,Egypt,260,Olives,2020,9588.1,A,968400,A,101000,A
67,246,Finland,260,Olives,2020,,,,A,,A
103,368,Iraq,260,Olives,2020,5107.2,A,33912,A,6640,A
118,414,Kuwait,260,Olives,2020,10571.4,A,740,A,70,A
165,586,Pakistan,260,Olives,2020,,,,A,,A
170,604,Peru,260,Olives,2020,7971.5,A,174315.85,A,21868,A
112,400,Jordan,260,Olives,2020,2966.9,A,169265,A,57052,A
124,434,Libya,260,Olives,2020,722.6,A,172520,A,238760,A
212,760,Syrian Arab Republic,260,Olives,2020,1121.8,A,781204,A,696363,A
256,442,Luxembourg,260,Olives,2020,,,,A,,A
10,36,Australia,260,Olives,2020,2393.1,E,48204.03,A,20143,I
27,100,Bulgaria,260,Olives,2020,,,,A,,A
52,31,Azerbaijan,260,Olives,2020,232.6,A,968.6,A,4164,A
63,233,Estonia,260,Olives,2020,,,,A,,A
102,364,Iran (Islamic Republic of),260,Olives,2020,2638.2,E,101176.88,I,38351,I
138,484,Mexico,260,Olives,2020,3242.9,A,26762.37,A,8253,A
154,807,North Macedonia,260,Olives,2020,2155.2,E,11510.23,I,5341,I
194,682,Saudi Arabia,260,Olives,2020,11774.7,A,364546.1,A,30960,A
299,275,Palestine,260,Olives,2020,1932.3,E,76630,A,39657,I
11,40,Austria,260,Olives,2020,,,,A,,A
80,70,Bosnia and Herzegovina,260,Olives,2020,2145.8,E,985,A,459,I
98,191,Croatia,260,Olives,2020,1638.6,A,33230,A,20280,A
150,528,Netherlands (Kingdom of the),260,Olives,2020,,,,A,,A
214,158,"China, Taiwan Province of",260,Olives,2020,8308.8,E,2594.21,I,312,I
9,32,Argentina,260,Olives,2020,2780,E,321000,E,115467,I
50,196,Cyprus,260,Olives,2020,2271.4,A,22010,A,9690,A
84,300,Greece,260,Olives,2020,3367.9,A,3051400,A,906020,A
273,499,Montenegro,260,Olives,2020,1900,E,1161,A,611,E
174,620,Portugal,260,Olives,2020,1930.8,A,735350,A,380850,A
199,703,Slovakia,260,Olives,2020,,,,A,,A
3,8,Albania,260,Olives,2020,2743.6,A,131971,A,48102,A
255,56,Belgium,260,Olives,2020,,,,A,,A
126,440,Lithuania,260,Olives,2020,,,,A,,A
54,208,Denmark,260,Olives,2020,,,,A,,A
60,222,El Salvador,260,Olives,2020,2012.2,E,11426.16,E,5678,I
68,250,France,260,Olives,2020,1658.1,A,27690,A,16700,A
104,372,Ireland,260,Olives,2020,,,,A,,A
105,376,Israel,260,Olives,2020,2462.9,A,83000,A,33700,A
234,858,Uruguay,260,Olives,2020,759.9,A,1931,A,2541,A
21,76,Brazil,260,Olives,2020,1399.7,A,2651,A,1894,A
4,12,Algeria,260,Olives,2020,2460,A,1079508,A,438828,A
106,380,Italy,260,Olives,2020,1926.8,A,2207150,A,1145520,A
183,642,Romania,260,Olives,2020,,,,A,,A
198,705,Slovenia,260,Olives,2020,2183.1,A,3100,A,1420,A
203,724,Spain,260,Olives,2020,3101.6,A,8137810,A,2623720,A
222,788,Tunisia,260,Olives,2020,554.7,E,2000000,A,3605286,E
121,422,Lebanon,260,Olives,2020,2867.8,X,183941,X,64139,X
119,428,Latvia,260,Olives,2020,,,,A,,A
97,348,Hungary,260,Olives,2020,,,,A,,A
173,616,Poland,260,Olives,2020,,,,A,,A
235,860,Uzbekistan,260,Olives,2020,855.7,E,121.66,I,142,I
2,4,Afghanistan,260,Olives,2021,3534.9,E,7750.07,E,2192,E
9,32,Argentina,260,Olives,2021,2775.1,E,339371.71,I,122291,I
67,246,Finland,260,Olives,2021,,,,A,,A
68,250,France,260,Olives,2021,1620.2,A,27560,A,17010,A
118,414,Kuwait,260,Olives,2021,10666.7,A,640,A,60,A
119,428,Latvia,260,Olives,2021,,,,A,,A
150,528,Netherlands (Kingdom of the),260,Olives,2021,,,,A,,A
173,616,Poland,260,Olives,2021,,,,A,,A
255,56,Belgium,260,Olives,2021,,,,A,,A
21,76,Brazil,260,Olives,2021,1611,A,3417,A,2121,A
27,100,Bulgaria,260,Olives,2021,,,,A,,A
84,300,Greece,260,Olives,2021,3684.8,A,3045100,A,826390,A
112,400,Jordan,260,Olives,2021,2656.7,A,151308,A,56953,A
170,604,Peru,260,Olives,2021,5195.5,A,147010.92,A,28296,A
174,620,Portugal,260,Olives,2021,3616.5,A,1375750,A,380410,A
183,642,Romania,260,Olives,2021,,,,A,,A
199,703,Slovakia,260,Olives,2021,,,,A,,A
203,724,Spain,260,Olives,2021,3147.4,A,8256550,A,2623290,A
212,760,Syrian Arab Republic,260,Olives,2021,816.7,A,566042.94,A,693106,A
234,858,Uruguay,260,Olives,2021,3326.8,A,16714,A,5024,A
54,208,Denmark,260,Olives,2021,,,,A,,A
102,364,Iran (Islamic Republic of),260,Olives,2021,3130,E,78235.06,A,24995,I
121,422,Lebanon,260,Olives,2021,1905.3,X,122077,X,64074,X
299,275,Palestine,260,Olives,2021,3036.4,A,174643,A,57517,A
10,36,Australia,260,Olives,2021,2448.4,E,130000,A,53095,I
60,222,El Salvador,260,Olives,2021,1956.1,E,11431.84,E,5844,I
80,70,Bosnia and Herzegovina,260,Olives,2021,2026.8,E,839,A,414,I
105,376,Israel,260,Olives,2021,2077.2,A,70000,A,33700,A
143,504,Morocco,260,Olives,2021,1440.6,A,1590504,A,1104083,A
198,705,Slovenia,260,Olives,2021,617.4,A,920,A,1490,A
210,752,Sweden,260,Olives,2021,,,,A,,A
214,158,"China, Taiwan Province of",260,Olives,2021,8312.4,E,2604.32,I,313,I
223,792,Türkiye,260,Olives,2021,1955.4,A,1738680,A,889168,A
273,499,Montenegro,260,Olives,2021,2600,E,1621,A,623,E
59,818,Egypt,260,Olives,2021,9750.4,A,1056548,A,108360,A
63,233,Estonia,260,Olives,2021,,,,A,,A
97,348,Hungary,260,Olives,2021,,,,A,,A
98,191,Croatia,260,Olives,2021,1197.1,A,23870,A,19940,A
124,434,Libya,260,Olives,2021,735.7,A,173260,A,235500,A
222,788,Tunisia,260,Olives,2021,558.9,E,700000,A,1252393,I
50,196,Cyprus,260,Olives,2021,1827.7,A,18240,A,9980,A
79,276,Germany,260,Olives,2021,,,,A,,A
126,440,Lithuania,260,Olives,2021,,,,A,,A
138,484,Mexico,260,Olives,2021,3419.8,A,32322.74,A,9452,A
154,807,North Macedonia,260,Olives,2021,2171.7,E,11592.08,I,5338,I
231,840,United States of America,260,Olives,2021,6288,A,104330,A,16592,A
106,380,Italy,260,Olives,2021,2011.2,A,2270630,A,1129000,A
235,860,Uzbekistan,260,Olives,2021,883.2,E,122.09,I,138,E
4,12,Algeria,260,Olives,2021,1601.4,A,704619,A,440008,A
165,586,Pakistan,260,Olives,2021,,,,A,,A
3,8,Albania,260,Olives,2021,2261,A,110164.5,A,48723,A
134,470,Malta,260,Olives,2021,,,20,A,,
40,152,Chile,260,Olives,2021,6866.7,E,146700,E,21364,A
194,682,Saudi Arabia,260,Olives,2021,11991.7,A,382105,A,31864,A
256,442,Luxembourg,260,Olives,2021,,,,A,,A
52,31,Azerbaijan,260,Olives,2021,346.1,A,1510.5,A,4365,A
103,368,Iraq,260,Olives,2021,4077.6,A,33314,A,8170,A
11,40,Austria,260,Olives,2021,,,,A,,A
104,372,Ireland,260,Olives,2021,,,,A,,A
167,203,Czechia,260,Olives,2021,,,,A,,A
52,31,Azerbaijan,260,Olives,2022,527.4,A,3171.7,A,6014,A
9,32,Argentina,260,Olives,2022,2762.8,E,353955.6,I,128115,I
80,70,Bosnia and Herzegovina,260,Olives,2022,1858.1,A,576,A,310,A
104,372,Ireland,260,Olives,2022,,,,A,,A
138,484,Mexico,260,Olives,2022,5025.2,A,21519.73,A,4282,A
234,858,Uruguay,260,Olives,2022,2718.4,A,14000,A,5150,A
4,12,Algeria,260,Olives,2022,1807.4,E,850868.13,I,470759,I
50,196,Cyprus,260,Olives,2022,2339,A,24770,A,10590,A
167,203,Czechia,260,Olives,2022,,,,A,,A
60,222,El Salvador,260,Olives,2022,2006.1,E,11495.71,E,5730,E
103,368,Iraq,260,Olives,2022,4095.4,E,30629.35,I,7479,I
112,400,Jordan,260,Olives,2022,2843.8,A,162661.2,A,57198,A
174,620,Portugal,260,Olives,2022,2085.7,A,791660,A,379570,A
199,703,Slovakia,260,Olives,2022,,,,A,,A
198,705,Slovenia,260,Olives,2022,1554.1,A,2440,A,1570,A
98,191,Croatia,260,Olives,2022,2016.6,A,40130,A,19900,A
121,422,Lebanon,260,Olives,2022,1909.2,X,122323,X,64071,X
134,470,Malta,260,Olives,2022,,,600,A,,
150,528,Netherlands (Kingdom of the),260,Olives,2022,,,,A,,A
154,807,North Macedonia,260,Olives,2022,2175.3,E,11732.98,I,5394,I
170,604,Peru,260,Olives,2022,8538.5,A,226942.32,A,26579,A
212,760,Syrian Arab Republic,260,Olives,2022,1465.2,A,990948,A,676338,A
67,246,Finland,260,Olives,2022,,,,A,,A
79,276,Germany,260,Olives,2022,,,,A,,A
105,376,Israel,260,Olives,2022,4095,A,138000,A,33700,A
118,414,Kuwait,260,Olives,2022,10701.4,E,593.89,I,55,I
124,434,Libya,260,Olives,2022,736.7,E,168323.88,I,228473,I
210,752,Sweden,260,Olives,2022,,,,A,,A
231,840,United States of America,260,Olives,2022,4595.5,A,78110,A,16997,A
235,860,Uzbekistan,260,Olives,2022,871.6,E,121.72,I,140,E
255,56,Belgium,260,Olives,2022,,,,A,,A
59,818,Egypt,260,Olives,2022,8978.1,A,1011444,A,112657,A
126,440,Lithuania,260,Olives,2022,,,,A,,A
183,642,Romania,260,Olives,2022,,,,A,,A
222,788,Tunisia,260,Olives,2022,564.2,E,1200000,A,2126748,I
10,36,Australia,260,Olives,2022,2445.9,E,77000,A,31482,I
11,40,Austria,260,Olives,2022,,,,A,,A
102,364,Iran (Islamic Republic of),260,Olives,2022,3156.9,E,114599.87,A,36301,I
256,442,Luxembourg,260,Olives,2022,,,,A,,A
223,792,Türkiye,260,Olives,2022,3302.5,A,2976000,A,901126,A
40,152,Chile,260,Olives,2022,5983.6,E,126500,E,21141,A
84,300,Greece,260,Olives,2022,3790.1,A,3208908,A,846660,A
119,428,Latvia,260,Olives,2022,,,,A,,A
194,682,Saudi Arabia,260,Olives,2022,12047.7,A,388200,A,32222,A
2,4,Afghanistan,260,Olives,2022,3637,E,7954.92,I,2187,E
3,8,Albania,260,Olives,2022,3187.6,A,157710,A,49476,A
21,76,Brazil,260,Olives,2022,1478.6,A,4588,A,3103,A
214,158,"China, Taiwan Province of",260,Olives,2022,8316.8,E,2620.45,I,315,I
54,208,Denmark,260,Olives,2022,,,,A,,A
68,250,France,260,Olives,2022,1276.5,A,21930,A,17180,A
273,499,Montenegro,260,Olives,2022,3000,E,1937,A,646,E
165,586,Pakistan,260,Olives,2022,,,,A,,A
299,275,Palestine,260,Olives,2022,2154.6,E,143100,E,66416,I
27,100,Bulgaria,260,Olives,2022,,,,A,,A
97,348,Hungary,260,Olives,2022,,,,A,,A
173,616,Poland,260,Olives,2022,,,,A,,A
203,724,Spain,260,Olives,2022,1495.1,A,3940070,A,2635280,A
63,233,Estonia,260,Olives,2022,,,,A,,A
106,380,Italy,260,Olives,2022,2006.8,A,2160400,A,1076520,A
143,504,Morocco,260,Olives,2022,1638.3,A,1968110.94,A,1201308,A
2,4,Afghanistan,260,Olives,2023,3682.2,E,8031.1,I,2181,E
3,8,Albania,260,Olives,2023,2333.5,A,117618.05,A,50404,A
27,100,Bulgaria,260,Olives,2023,,,,A,,A
63,233,Estonia,260,Olives,2023,,,,A,,A
84,300,Greece,260,Olives,2023,2972.7,A,2498942,A,840620,A
112,400,Jordan,260,Olives,2023,2929.8,A,169457.6,A,57840,A
121,422,Lebanon,260,Olives,2023,1900.2,X,121769,X,64082,X
138,484,Mexico,260,Olives,2023,4505.9,A,23653.15,A,5249,A
273,499,Montenegro,260,Olives,2023,2600,E,1629,A,627,E
143,504,Morocco,260,Olives,2023,851.7,A,988044.45,A,1160032,A
198,705,Slovenia,260,Olives,2023,808.6,A,1310,A,1620,A
4,12,Algeria,260,Olives,2023,1878.8,E,913339.99,I,486141,I
80,70,Bosnia and Herzegovina,260,Olives,2023,1625.8,A,504,A,310,A
98,191,Croatia,260,Olives,2023,1435.8,A,29850,A,20790,A
167,203,Czechia,260,Olives,2023,,,,A,,A
54,208,Denmark,260,Olives,2023,,,,A,,A
59,818,Egypt,260,Olives,2023,10157.1,A,1185196,A,116687,A
103,368,Iraq,260,Olives,2023,4164.7,E,28101.77,I,6748,I
105,376,Israel,260,Olives,2023,1365,A,46000,A,33700,A
150,528,Netherlands (Kingdom of the),260,Olives,2023,,,,A,,A
154,807,North Macedonia,260,Olives,2023,2168.1,E,11660.41,I,5378,I
170,604,Peru,260,Olives,2023,6234.2,A,177880.9,A,28533,A
203,724,Spain,260,Olives,2023,1924.1,A,5101010,A,2651110,A
223,792,Türkiye,260,Olives,2023,1683.2,A,1520000,A,903061,A
231,840,United States of America,260,Olives,2023,6808.7,A,110220,A,16188,A
9,32,Argentina,260,Olives,2023,2752.1,E,342363.8,I,124403,I
68,250,France,260,Olives,2023,1771.3,A,29740,A,16790,A
106,380,Italy,260,Olives,2023,2220.1,A,2397880,A,1080060,A
183,642,Romania,260,Olives,2023,,,,A,,A
234,858,Uruguay,260,Olives,2023,2761.3,A,14000,A,5070,A
235,860,Uzbekistan,260,Olives,2023,875.2,E,122.54,I,140,E
10,36,Australia,260,Olives,2023,2466.7,E,100536,A,40758,I
97,348,Hungary,260,Olives,2023,,,,A,,A
255,56,Belgium,260,Olives,2023,,,,A,,A
102,364,Iran (Islamic Republic of),260,Olives,2023,3405,E,112637.16,I,33080,I
104,372,Ireland,260,Olives,2023,,,,A,,A
210,752,Sweden,260,Olives,2023,,,,A,,A
214,158,"China, Taiwan Province of",260,Olives,2023,8319.2,E,2620.11,I,315,I
256,442,Luxembourg,260,Olives,2023,,,,A,,A
52,31,Azerbaijan,260,Olives,2023,900.6,A,5691.4,A,6320,A
21,76,Brazil,260,Olives,2023,1779.6,A,6862,A,3856,A
40,152,Chile,260,Olives,2023,6561.4,E,137500,E,20956,A
119,428,Latvia,260,Olives,2023,,,,A,,A
173,616,Poland,260,Olives,2023,,,,A,,A
199,703,Slovakia,260,Olives,2023,,,,A,,A
212,760,Syrian Arab Republic,260,Olives,2023,1033.4,A,697325,A,674767,A
222,788,Tunisia,260,Olives,2023,565.2,E,1093461.52,I,1934669,I
60,222,El Salvador,260,Olives,2023,1991.2,E,11451.24,E,5751,E
67,246,Finland,260,Olives,2023,,,,A,,A
118,414,Kuwait,260,Olives,2023,12405.3,E,708.68,I,57,I
134,470,Malta,260,Olives,2023,2315.8,A,440,A,190,A
165,586,Pakistan,260,Olives,2023,3514,A,8894,A,2531,A
79,276,Germany,260,Olives,2023,,,,A,,A
174,620,Portugal,260,Olives,2023,3137.4,A,1194990,A,380880,A
194,682,Saudi Arabia,260,Olives,2023,15195.6,A,339014.71,A,22310,A
50,196,Cyprus,260,Olives,2023,1897.5,A,21290,A,11220,A
11,40,Austria,260,Olives,2023,,,,A,,A
124,434,Libya,260,Olives,2023,690.4,E,143083.59,I,207252,I
126,440,Lithuania,260,Olives,2023,,,,A,,A
52,31,Azerbaijan,260,Olives,2024,501.7,E,4385.77,E,8742,I
21,76,Brazil,260,Olives,2024,1054.6,A,4499,A,4266,A
167,203,Czechia,260,Olives,2024,,,,A,,A
63,233,Estonia,260,Olives,2024,,,,A,,A
97,348,Hungary,260,Olives,2024,,,,A,,A
104,372,Ireland,260,Olives,2024,,,,A,,A
134,470,Malta,260,Olives,2024,631.6,A,120,A,190,A
174,620,Portugal,260,Olives,2024,3521.2,A,1340820,A,380780,A
199,703,Slovakia,260,Olives,2024,,,,A,,A
203,724,Spain,260,Olives,2024,3141.1,A,8310250,A,2645680,A
212,760,Syrian Arab Republic,260,Olives,2024,1153,A,785468,A,681220,A
223,792,Türkiye,260,Olives,2024,4105.9,A,3750000,A,913319,A
154,807,North Macedonia,260,Olives,2024,2160.9,E,11574.96,I,5356,I
235,860,Uzbekistan,260,Olives,2024,876.6,E,122.12,E,139,E
3,8,Albania,260,Olives,2024,2870.5,A,146726,A,51115,A
255,56,Belgium,260,Olives,2024,,,,A,,A
27,100,Bulgaria,260,Olives,2024,,,,A,,A
50,196,Cyprus,260,Olives,2024,1822.7,A,20870,A,11450,A
106,380,Italy,260,Olives,2024,2123.4,A,2299660,A,1083010,A
112,400,Jordan,260,Olives,2024,3816.5,A,220746.36,A,57840,A
194,682,Saudi Arabia,260,Olives,2024,14634.4,E,351277.72,I,24004,I
198,705,Slovenia,260,Olives,2024,2293.4,A,3830,A,1670,A
222,788,Tunisia,260,Olives,2024,566.1,E,1056228.17,I,1865651,I
2,4,Afghanistan,260,Olives,2024,3617.9,E,7912.03,E,2187,E
4,12,Algeria,260,Olives,2024,1926.2,E,913242.78,I,474116,I
60,222,El Salvador,260,Olives,2024,1984.3,E,11459.6,E,5775,E
98,191,Croatia,260,Olives,2024,2705.6,A,54410,A,20110,A
124,434,Libya,260,Olives,2024,695.8,E,128893.28,I,185238,I
126,440,Lithuania,260,Olives,2024,,,,A,,A
138,484,Mexico,260,Olives,2024,5065.6,A,29592.57,A,5842,A
67,246,Finland,260,Olives,2024,,,,A,,A
118,414,Kuwait,260,Olives,2024,13466.9,E,754.84,I,56,I
143,504,Morocco,260,Olives,2024,871.7,A,1079873.76,A,1238815,A
234,858,Uruguay,260,Olives,2024,2185.2,E,11684.65,I,5347,I
256,442,Luxembourg,260,Olives,2024,,,,A,,A
54,208,Denmark,260,Olives,2024,,,,A,,A
59,818,Egypt,260,Olives,2024,10784.4,E,1269795.45,I,117744,I
105,376,Israel,260,Olives,2024,860.5,A,29000,A,33700,A
273,499,Montenegro,260,Olives,2024,2733.3,E,2148,A,786,E
10,36,Australia,260,Olives,2024,2487.5,E,81809,A,32889,I
80,70,Bosnia and Herzegovina,260,Olives,2024,1625.4,A,564,A,347,A
103,368,Iraq,260,Olives,2024,4151,E,29534.27,I,7115,I
119,428,Latvia,260,Olives,2024,,,,A,,A
170,604,Peru,260,Olives,2024,1157.8,A,23760.3,A,20521,A
231,840,United States of America,260,Olives,2024,8471.4,A,147420,A,17402,A
84,300,Greece,260,Olives,2024,,,,,848400,A
165,586,Pakistan,260,Olives,2024,1955.1,A,6569,A,3360,A
183,642,Romania,260,Olives,2024,,,,A,,A
9,32,Argentina,260,Olives,2024,2741.3,E,347381.23,I,126720,I
214,158,"China, Taiwan Province of",260,Olives,2024,8321.6,E,2619.78,I,315,I
68,250,France,260,Olives,2024,1729,A,28200,A,16310,A
102,364,Iran (Islamic Republic of),260,Olives,2024,3393.5,E,115860.51,I,34142,I
121,422,Lebanon,260,Olives,2024,2185.4,X,141179,X,64600,X
150,528,Netherlands (Kingdom of the),260,Olives,2024,,,,A,,A
79,276,Germany,260,Olives,2024,,,,A,,A
11,40,Austria,260,Olives,2024,,,,A,,A
173,616,Poland,260,Olives,2024,,,,A,,A
210,752,Sweden,260,Olives,2024,,,,A,,A
40,152,Chile,260,Olives,2024,6613.9,E,131656.75,I,19906,A
