Haverst period,Country,Product Type,Indicator,Tonnes
1990/91,Algeria,OO,C,7.0
1990/91,Algeria,OO,E,0.0
1990/91,Algeria,OO,I,0.0
1990/91,Algeria,OO,P,6.0
1990/91,Argentina,OO,C,4.0
1990/91,Argentina,OO,E,4.0
1990/91,Argentina,OO,I,0.0
1990/91,Argentina,OO,P,8.0
1990/91,Australia,OO,C,13.5
1990/91,Australia,OO,E,0.0
1990/91,Australia,OO,I,13.5
1990/91,Brazil,OO,C,13.5
1990/91,Brazil,OO,E,0.0
1990/91,Brazil,OO,I,13.5
1990/91,Canada,OO,C,10.0
1990/91,Canada,OO,I,10.0
1990/91,Chile,OO,E,0.0
1990/91,Cyprus,OO,C,2.0
1990/91,Cyprus,OO,E,0.0
1990/91,Cyprus,OO,I,0.0
1990/91,Cyprus,OO,P,2.0
1990/91,Denmark,OO,C,0.7
1990/91,Denmark,OO,E,0.0
1990/91,Denmark,OO,I,0.0
1990/91,Denmark,TO,C,0.7
1990/91,Denmark,TO,E,0.0
1990/91,Denmark,TO,I,0.0
1990/91,E.B.L.U.,OO,C,2.1
1990/91,E.B.L.U.,OO,E,0.1
1990/91,E.B.L.U.,OO,I,0.1
1990/91,E.B.L.U.,TO,C,2.3
1990/91,E.B.L.U.,TO,E,0.0
1990/91,E.B.L.U.,TO,I,1.2
1990/91,Egypt,OO,C,1.5
1990/91,Egypt,OO,E,0.0
1990/91,Egypt,OO,I,1.0
1990/91,Egypt,OO,P,0.5
1990/91,EU,OO,C,1.0
1990/91,EU,OO,E,146.0
1990/91,EU,OO,I,125.5
1990/91,EU,OO,P,994.0
1990/91,France,OO,C,28.0
1990/91,France,OO,E,0.9
1990/91,France,OO,I,2.7
1990/91,France,OO,P,1.0
1990/91,France,TO,C,31.7
1990/91,France,TO,E,0.9
1990/91,France,TO,I,28.2
1990/91,France,TO,P,1.0
1990/91,Germany,OO,C,10.3
1990/91,Germany,OO,E,0.2
1990/91,Germany,OO,I,0.1
1990/91,Germany,TO,C,15.8
1990/91,Germany,TO,E,0.2
1990/91,Germany,TO,I,4.3
1990/91,Greece,OO,C,204.0
1990/91,Greece,OO,E,6.0
1990/91,Greece,OO,I,0.0
1990/91,Greece,OO,P,170.0
1990/91,Greece,TO,C,33.0
1990/91,Greece,TO,E,22.0
1990/91,Greece,TO,I,0.0
1990/91,Greece,TO,P,70.0
1990/91,Iran,OO,C,2.5
1990/91,Iran,OO,E,0.0
1990/91,Iran,OO,I,2.0
1990/91,Iran,OO,P,0.5
1990/91,Iraq,OO,E,0.0
1990/91,Ireland,OO,C,0.5
1990/91,Ireland,OO,E,0.0
1990/91,Ireland,OO,I,0.0
1990/91,Ireland,TO,C,0.0
1990/91,Ireland,TO,E,0.0
1990/91,Ireland,TO,I,0.0
1990/91,Israel,OO,C,6.0
1990/91,Israel,OO,E,0.0
1990/91,Israel,OO,I,0.0
1990/91,Israel,OO,P,8.0
1990/91,Italy,OO,C,540.0
1990/91,Italy,OO,E,66.5
1990/91,Italy,OO,I,95.7
1990/91,Italy,OO,P,163.3
1990/91,Italy,TO,C,138.0
1990/91,Italy,TO,E,0.4
1990/91,Italy,TO,I,6.3
1990/91,Italy,TO,P,44.5
1990/91,Japan,OO,C,4.0
1990/91,Japan,OO,I,4.0
1990/91,Jordan,OO,C,9.5
1990/91,Jordan,OO,E,0.5
1990/91,Jordan,OO,I,1.0
1990/91,Jordan,OO,P,8.0
1990/91,Lebanon,OO,C,7.5
1990/91,Lebanon,OO,E,0.0
1990/91,Lebanon,OO,I,1.5
1990/91,Lebanon,OO,P,6.0
1990/91,Libya,OO,C,13.5
1990/91,Libya,OO,E,0.0
1990/91,Libya,OO,I,5.0
1990/91,Libya,OO,P,7.0
1990/91,Mexico,OO,C,4.0
1990/91,Mexico,OO,E,0.0
1990/91,Mexico,OO,I,1.5
1990/91,Mexico,OO,P,2.5
1990/91,Montenegro,OO,C,6.0
1990/91,Montenegro,OO,E,0.0
1990/91,Montenegro,OO,I,3.0
1990/91,Montenegro,OO,P,3.5
1990/91,Morocco,OO,C,37.0
1990/91,Morocco,OO,E,1.5
1990/91,Morocco,OO,I,0.0
1990/91,Morocco,OO,P,36.0
1990/91,Netherlands,OO,C,1.0
1990/91,Netherlands,OO,E,0.1
1990/91,Netherlands,OO,I,0.1
1990/91,Netherlands,TO,C,2.5
1990/91,Netherlands,TO,E,0.0
1990/91,Netherlands,TO,I,1.0
1990/91,Oth.non-prod.,OO,C,21.0
1990/91,Oth.non-prod.,OO,I,21.0
1990/91,Other pr.coun.,OO,C,15.5
1990/91,Other pr.coun.,OO,E,10.5
1990/91,Other pr.coun.,OO,I,3.0
1990/91,Other pr.coun.,OO,P,32.0
1990/91,Portugal,OO,C,27.0
1990/91,Portugal,OO,E,6.4
1990/91,Portugal,OO,I,0.0
1990/91,Portugal,OO,P,20.0
1990/91,Portugal,TO,C,19.0
1990/91,Portugal,TO,E,2.7
1990/91,Portugal,TO,I,0.0
1990/91,Portugal,TO,P,18.0
1990/91,Russia,OO,C,5.0
1990/91,Russia,OO,I,5.0
1990/91,Saudi Arabia,OO,C,6.5
1990/91,Saudi Arabia,OO,E,0.0
1990/91,Saudi Arabia,OO,I,6.5
1990/91,Spain,OO,C,394.1
1990/91,Spain,OO,E,65.8
1990/91,Spain,OO,I,26.7
1990/91,Spain,OO,P,639.4
1990/91,Spain,TO,C,100.0
1990/91,Spain,TO,E,86.4
1990/91,Spain,TO,I,0.0
1990/91,Spain,TO,P,230.0
1990/91,Switzerland,OO,C,3.0
1990/91,Switzerland,OO,E,0.0
1990/91,Switzerland,OO,I,3.0
1990/91,Syria,OO,C,62.0
1990/91,Syria,OO,E,0.0
1990/91,Syria,OO,I,0.0
1990/91,Syria,OO,P,83.0
1990/91,Tunisia,OO,C,54.5
1990/91,Tunisia,OO,E,161.5
1990/91,Tunisia,OO,I,0.0
1990/91,Tunisia,OO,P,175.0
1990/91,Türkiye,OO,C,55.0
1990/91,Türkiye,OO,E,10.0
1990/91,Türkiye,OO,I,0.0
1990/91,Türkiye,OO,P,80.0
1990/91,United King.,OO,C,6.8
1990/91,United King.,OO,E,0.1
1990/91,United King.,OO,I,0.1
1990/91,United King.,TO,C,3.4
1990/91,United King.,TO,E,0.0
1990/91,United King.,TO,I,0.5
1990/91,USA,OO,C,88.0
1990/91,USA,OO,E,3.0
1990/91,USA,OO,I,90.0
1990/91,USA,OO,P,1.0
1991/92,Algeria,OO,C,27.0
1991/92,Algeria,OO,E,0.0
1991/92,Algeria,OO,I,0.0
1991/92,Algeria,OO,P,37.0
1991/92,Argentina,OO,C,4.0
1991/92,Argentina,OO,E,5.0
1991/92,Argentina,OO,I,0.0
1991/92,Argentina,OO,P,9.0
1991/92,Australia,OO,C,12.5
1991/92,Australia,OO,E,0.0
1991/92,Australia,OO,I,12.5
1991/92,Brazil,OO,C,11.0
1991/92,Brazil,OO,E,0.0
1991/92,Brazil,OO,I,11.0
1991/92,Canada,OO,C,10.0
1991/92,Canada,OO,I,10.0
1991/92,Chile,OO,E,0.0
1991/92,Cyprus,OO,C,2.0
1991/92,Cyprus,OO,E,0.0
1991/92,Cyprus,OO,I,0.0
1991/92,Cyprus,OO,P,1.5
1991/92,Denmark,OO,C,1.2
1991/92,Denmark,OO,E,0.0
1991/92,Denmark,OO,I,0.0
1991/92,Denmark,TO,C,1.0
1991/92,Denmark,TO,E,0.0
1991/92,Denmark,TO,I,0.0
1991/92,E.B.L.U.,OO,C,2.6
1991/92,E.B.L.U.,OO,E,0.2
1991/92,E.B.L.U.,OO,I,0.2
1991/92,E.B.L.U.,TO,C,2.5
1991/92,E.B.L.U.,TO,E,0.0
1991/92,E.B.L.U.,TO,I,1.2
1991/92,Egypt,OO,C,1.0
1991/92,Egypt,OO,E,0.0
1991/92,Egypt,OO,I,0.0
1991/92,Egypt,OO,P,1.0
1991/92,EU,OO,C,214.5
1991/92,EU,OO,E,174.0
1991/92,EU,OO,I,135.5
1991/92,EU,OO,P,1719.0
1991/92,France,OO,C,34.8
1991/92,France,OO,E,1.0
1991/92,France,OO,I,13.9
1991/92,France,OO,P,4.3
1991/92,France,TO,C,35.1
1991/92,France,TO,E,1.0
1991/92,France,TO,I,29.2
1991/92,France,TO,P,2.7
1991/92,Germany,OO,C,9.8
1991/92,Germany,OO,E,0.7
1991/92,Germany,OO,I,0.1
1991/92,Germany,TO,C,15.8
1991/92,Germany,TO,E,0.2
1991/92,Germany,TO,I,4.8
1991/92,Greece,OO,C,203.0
1991/92,Greece,OO,E,12.8
1991/92,Greece,OO,I,0.1
1991/92,Greece,OO,P,385.0
1991/92,Greece,TO,C,20.0
1991/92,Greece,TO,E,13.0
1991/92,Greece,TO,I,0.0
1991/92,Greece,TO,P,80.0
1991/92,Iran,OO,C,3.0
1991/92,Iran,OO,E,0.0
1991/92,Iran,OO,I,2.0
1991/92,Iran,OO,P,0.5
1991/92,Iraq,OO,E,0.0
1991/92,Ireland,OO,C,0.8
1991/92,Ireland,OO,E,0.0
1991/92,Ireland,OO,I,0.0
1991/92,Ireland,TO,C,0.0
1991/92,Ireland,TO,E,0.0
1991/92,Ireland,TO,I,0.0
1991/92,Israel,OO,C,5.0
1991/92,Israel,OO,E,0.0
1991/92,Israel,OO,I,1.0
1991/92,Israel,OO,P,2.5
1991/92,Italy,OO,C,630.0
1991/92,Italy,OO,E,90.1
1991/92,Italy,OO,I,90.0
1991/92,Italy,OO,P,674.5
1991/92,Italy,TO,C,144.0
1991/92,Italy,TO,E,0.5
1991/92,Italy,TO,I,3.7
1991/92,Italy,TO,P,100.0
1991/92,Japan,OO,C,4.5
1991/92,Japan,OO,I,4.5
1991/92,Jordan,OO,C,11.5
1991/92,Jordan,OO,E,1.0
1991/92,Jordan,OO,I,8.5
1991/92,Jordan,OO,P,5.0
1991/92,Lebanon,OO,C,7.0
1991/92,Lebanon,OO,E,0.0
1991/92,Lebanon,OO,I,3.5
1991/92,Lebanon,OO,P,5.0
1991/92,Libya,OO,C,19.0
1991/92,Libya,OO,E,0.0
1991/92,Libya,OO,I,10.0
1991/92,Libya,OO,P,10.0
1991/92,Mexico,OO,C,4.0
1991/92,Mexico,OO,E,0.0
1991/92,Mexico,OO,I,2.0
1991/92,Mexico,OO,P,2.0
1991/92,Montenegro,OO,C,3.0
1991/92,Montenegro,OO,E,0.0
1991/92,Montenegro,OO,I,0.5
1991/92,Montenegro,OO,P,2.0
1991/92,Morocco,OO,C,49.0
1991/92,Morocco,OO,E,5.0
1991/92,Morocco,OO,I,1.0
1991/92,Morocco,OO,P,50.0
1991/92,Netherlands,OO,C,1.5
1991/92,Netherlands,OO,E,0.1
1991/92,Netherlands,OO,I,0.1
1991/92,Netherlands,TO,C,3.1
1991/92,Netherlands,TO,E,0.0
1991/92,Netherlands,TO,I,1.1
1991/92,Oth.non-prod.,OO,C,35.0
1991/92,Oth.non-prod.,OO,I,35.0
1991/92,Other pr.coun.,OO,C,17.5
1991/92,Other pr.coun.,OO,E,2.5
1991/92,Other pr.coun.,OO,I,3.0
1991/92,Other pr.coun.,OO,P,9.0
1991/92,Portugal,OO,C,45.0
1991/92,Portugal,OO,E,6.1
1991/92,Portugal,OO,I,0.0
1991/92,Portugal,OO,P,62.0
1991/92,Portugal,TO,C,20.5
1991/92,Portugal,TO,E,3.1
1991/92,Portugal,TO,I,0.2
1991/92,Portugal,TO,P,23.0
1991/92,Russia,OO,C,9.0
1991/92,Russia,OO,I,9.0
1991/92,Saudi Arabia,OO,C,7.0
1991/92,Saudi Arabia,OO,E,0.0
1991/92,Saudi Arabia,OO,I,7.0
1991/92,Spain,OO,C,418.7
1991/92,Spain,OO,E,62.8
1991/92,Spain,OO,I,31.0
1991/92,Spain,OO,P,593.0
1991/92,Spain,TO,C,110.0
1991/92,Spain,TO,E,89.5
1991/92,Spain,TO,I,0.4
1991/92,Spain,TO,P,268.3
1991/92,Switzerland,OO,C,3.0
1991/92,Switzerland,OO,E,0.0
1991/92,Switzerland,OO,I,3.0
1991/92,Syria,OO,C,66.0
1991/92,Syria,OO,E,0.0
1991/92,Syria,OO,I,0.0
1991/92,Syria,OO,P,42.0
1991/92,Tunisia,OO,C,60.0
1991/92,Tunisia,OO,E,96.5
1991/92,Tunisia,OO,I,0.0
1991/92,Tunisia,OO,P,250.0
1991/92,Türkiye,OO,C,50.0
1991/92,Türkiye,OO,E,10.5
1991/92,Türkiye,OO,I,0.0
1991/92,Türkiye,OO,P,60.0
1991/92,United King.,OO,C,9.4
1991/92,United King.,OO,E,0.1
1991/92,United King.,OO,I,0.0
1991/92,United King.,TO,C,3.8
1991/92,United King.,TO,E,0.0
1991/92,United King.,TO,I,0.5
1991/92,USA,OO,C,79.0
1991/92,USA,OO,E,9.0
1991/92,USA,OO,I,87.5
1991/92,USA,OO,P,0.5
1992/93,Algeria,OO,C,30.0
1992/93,Algeria,OO,E,0.0
1992/93,Algeria,OO,I,0.0
1992/93,Algeria,OO,P,27.0
1992/93,Argentina,OO,C,4.5
1992/93,Argentina,OO,E,5.5
1992/93,Argentina,OO,I,0.0
1992/93,Argentina,OO,P,10.0
1992/93,Australia,OO,C,16.0
1992/93,Australia,OO,E,0.0
1992/93,Australia,OO,I,17.0
1992/93,Brazil,OO,C,17.0
1992/93,Brazil,OO,E,0.0
1992/93,Brazil,OO,I,17.0
1992/93,Canada,OO,C,13.0
1992/93,Canada,OO,I,13.0
1992/93,Chile,OO,E,0.0
1992/93,Cyprus,OO,C,2.0
1992/93,Cyprus,OO,E,0.0
1992/93,Cyprus,OO,I,0.0
1992/93,Cyprus,OO,P,3.0
1992/93,Denmark,OO,C,1.2
1992/93,Denmark,OO,E,0.0
1992/93,Denmark,OO,I,0.0
1992/93,Denmark,TO,C,1.0
1992/93,Denmark,TO,E,0.0
1992/93,Denmark,TO,I,0.1
1992/93,E.B.L.U.,OO,C,3.9
1992/93,E.B.L.U.,OO,E,0.0
1992/93,E.B.L.U.,OO,I,0.2
1992/93,E.B.L.U.,TO,C,2.8
1992/93,E.B.L.U.,TO,E,0.0
1992/93,E.B.L.U.,TO,I,1.2
1992/93,Egypt,OO,C,2.0
1992/93,Egypt,OO,E,0.0
1992/93,Egypt,OO,I,1.0
1992/93,Egypt,OO,P,1.0
1992/93,EU,OO,C,1.0
1992/93,EU,OO,E,161.5
1992/93,EU,OO,I,101.0
1992/93,EU,OO,P,1391.5
1992/93,France,OO,C,43.8
1992/93,France,OO,E,0.9
1992/93,France,OO,I,20.9
1992/93,France,OO,P,1.6
1992/93,France,TO,C,27.7
1992/93,France,TO,E,0.9
1992/93,France,TO,I,21.1
1992/93,France,TO,P,2.0
1992/93,Germany,OO,C,10.5
1992/93,Germany,OO,E,0.1
1992/93,Germany,OO,I,0.1
1992/93,Germany,TO,C,15.5
1992/93,Germany,TO,E,0.5
1992/93,Germany,TO,I,4.5
1992/93,Greece,OO,C,197.0
1992/93,Greece,OO,E,10.3
1992/93,Greece,OO,I,0.0
1992/93,Greece,OO,P,310.0
1992/93,Greece,TO,C,25.0
1992/93,Greece,TO,E,15.0
1992/93,Greece,TO,I,0.0
1992/93,Greece,TO,P,60.0
1992/93,Iran,OO,C,2.5
1992/93,Iran,OO,E,0.0
1992/93,Iran,OO,I,0.5
1992/93,Iran,OO,P,2.0
1992/93,Iraq,OO,E,0.0
1992/93,Ireland,OO,C,0.9
1992/93,Ireland,OO,E,0.0
1992/93,Ireland,OO,I,0.0
1992/93,Ireland,TO,C,0.0
1992/93,Ireland,TO,E,0.0
1992/93,Ireland,TO,I,0.0
1992/93,Israel,OO,C,5.0
1992/93,Israel,OO,E,0.5
1992/93,Israel,OO,I,0.0
1992/93,Israel,OO,P,7.5
1992/93,Italy,OO,C,641.0
1992/93,Italy,OO,E,90.8
1992/93,Italy,OO,I,65.5
1992/93,Italy,OO,P,435.0
1992/93,Italy,TO,C,130.0
1992/93,Italy,TO,E,0.7
1992/93,Italy,TO,I,3.1
1992/93,Italy,TO,P,70.0
1992/93,Japan,OO,C,5.0
1992/93,Japan,OO,I,5.0
1992/93,Jordan,OO,C,17.0
1992/93,Jordan,OO,E,1.0
1992/93,Jordan,OO,I,4.0
1992/93,Jordan,OO,P,14.0
1992/93,Lebanon,OO,C,7.0
1992/93,Lebanon,OO,E,0.5
1992/93,Lebanon,OO,I,0.5
1992/93,Lebanon,OO,P,8.0
1992/93,Libya,OO,C,9.0
1992/93,Libya,OO,E,0.0
1992/93,Libya,OO,I,1.0
1992/93,Libya,OO,P,6.0
1992/93,Mexico,OO,C,4.0
1992/93,Mexico,OO,E,0.0
1992/93,Mexico,OO,I,2.0
1992/93,Mexico,OO,P,2.0
1992/93,Montenegro,OO,C,1.5
1992/93,Montenegro,OO,E,0.0
1992/93,Montenegro,OO,I,0.0
1992/93,Montenegro,OO,P,1.5
1992/93,Morocco,OO,C,40.0
1992/93,Morocco,OO,E,0.5
1992/93,Morocco,OO,I,3.0
1992/93,Morocco,OO,P,38.0
1992/93,Netherlands,OO,C,2.0
1992/93,Netherlands,OO,E,0.1
1992/93,Netherlands,OO,I,0.1
1992/93,Netherlands,TO,C,3.1
1992/93,Netherlands,TO,E,0.0
1992/93,Netherlands,TO,I,1.2
1992/93,Oth.non-prod.,OO,C,30.0
1992/93,Oth.non-prod.,OO,I,30.0
1992/93,Other pr.coun.,OO,C,9.0
1992/93,Other pr.coun.,OO,E,0.0
1992/93,Other pr.coun.,OO,I,3.0
1992/93,Other pr.coun.,OO,P,6.0
1992/93,Palestine,OO,C,10.0
1992/93,Palestine,OO,E,11.0
1992/93,Palestine,OO,I,0.0
1992/93,Palestine,OO,P,31.0
1992/93,Portugal,OO,C,49.9
1992/93,Portugal,OO,E,7.5
1992/93,Portugal,OO,I,0.9
1992/93,Portugal,OO,P,22.0
1992/93,Portugal,TO,C,18.0
1992/93,Portugal,TO,E,3.3
1992/93,Portugal,TO,I,0.5
1992/93,Portugal,TO,P,16.5
1992/93,Russia,OO,C,5.0
1992/93,Russia,OO,I,5.0
1992/93,Saudi Arabia,OO,C,7.0
1992/93,Saudi Arabia,OO,E,0.0
1992/93,Saudi Arabia,OO,I,7.0
1992/93,Spain,OO,C,421.4
1992/93,Spain,OO,E,51.6
1992/93,Spain,OO,I,13.1
1992/93,Spain,OO,P,623.1
1992/93,Spain,TO,C,125.0
1992/93,Spain,TO,E,86.0
1992/93,Spain,TO,I,0.0
1992/93,Spain,TO,P,223.7
1992/93,Switzerland,OO,C,3.0
1992/93,Switzerland,OO,E,0.0
1992/93,Switzerland,OO,I,3.0
1992/93,Syria,OO,C,67.0
1992/93,Syria,OO,E,0.0
1992/93,Syria,OO,I,0.0
1992/93,Syria,OO,P,86.0
1992/93,Tunisia,OO,C,60.0
1992/93,Tunisia,OO,E,110.0
1992/93,Tunisia,OO,I,0.0
1992/93,Tunisia,OO,P,120.0
1992/93,Türkiye,OO,C,50.0
1992/93,Türkiye,OO,E,5.5
1992/93,Türkiye,OO,I,1.5
1992/93,Türkiye,OO,P,56.0
1992/93,United King.,OO,C,12.0
1992/93,United King.,OO,E,0.1
1992/93,United King.,OO,I,0.0
1992/93,United King.,TO,C,3.7
1992/93,United King.,TO,E,0.0
1992/93,United King.,TO,I,0.5
1992/93,USA,OO,C,104.0
1992/93,USA,OO,E,2.0
1992/93,USA,OO,I,108.5
1992/93,USA,OO,P,1.0
1993/94,Algeria,OO,C,25.0
1993/94,Algeria,OO,E,0.0
1993/94,Algeria,OO,I,0.0
1993/94,Algeria,OO,P,21.0
1993/94,Argentina,OO,C,4.0
1993/94,Argentina,OO,E,4.0
1993/94,Argentina,OO,I,0.0
1993/94,Argentina,OO,P,8.0
1993/94,Australia,OO,C,16.5
1993/94,Australia,OO,E,0.0
1993/94,Australia,OO,I,16.0
1993/94,Brazil,OO,C,14.5
1993/94,Brazil,OO,E,0.0
1993/94,Brazil,OO,I,14.5
1993/94,Canada,OO,C,12.0
1993/94,Canada,OO,I,12.0
1993/94,Chile,OO,E,0.0
1993/94,Cyprus,OO,C,3.0
1993/94,Cyprus,OO,E,0.0
1993/94,Cyprus,OO,I,0.0
1993/94,Cyprus,OO,P,3.0
1993/94,Denmark,OO,C,2.5
1993/94,Denmark,OO,E,0.8
1993/94,Denmark,OO,I,0.0
1993/94,Denmark,TO,C,1.0
1993/94,Denmark,TO,E,0.0
1993/94,Denmark,TO,I,0.0
1993/94,E.B.L.U.,OO,C,4.9
1993/94,E.B.L.U.,OO,E,1.1
1993/94,E.B.L.U.,OO,I,0.1
1993/94,E.B.L.U.,TO,C,2.8
1993/94,E.B.L.U.,TO,E,0.0
1993/94,E.B.L.U.,TO,I,1.2
1993/94,Egypt,OO,C,1.5
1993/94,Egypt,OO,E,0.0
1993/94,Egypt,OO,I,0.5
1993/94,Egypt,OO,P,1.0
1993/94,EU,OO,C,357.0
1993/94,EU,OO,E,182.5
1993/94,EU,OO,I,153.0
1993/94,EU,OO,P,1359.5
1993/94,France,OO,C,43.7
1993/94,France,OO,E,1.1
1993/94,France,OO,I,2.6
1993/94,France,OO,P,2.3
1993/94,France,TO,C,24.6
1993/94,France,TO,E,1.0
1993/94,France,TO,I,21.3
1993/94,France,TO,P,2.0
1993/94,Germany,OO,C,13.4
1993/94,Germany,OO,E,0.3
1993/94,Germany,OO,I,0.1
1993/94,Germany,TO,C,16.0
1993/94,Germany,TO,E,0.5
1993/94,Germany,TO,I,4.5
1993/94,Greece,OO,C,196.0
1993/94,Greece,OO,E,9.2
1993/94,Greece,OO,I,0.0
1993/94,Greece,OO,P,254.0
1993/94,Greece,TO,C,21.0
1993/94,Greece,TO,E,13.0
1993/94,Greece,TO,I,0.0
1993/94,Greece,TO,P,60.0
1993/94,Iran,OO,C,3.5
1993/94,Iran,OO,E,0.0
1993/94,Iran,OO,I,0.5
1993/94,Iran,OO,P,3.0
1993/94,Iraq,OO,E,0.0
1993/94,Ireland,OO,C,1.0
1993/94,Ireland,OO,E,0.0
1993/94,Ireland,OO,I,0.0
1993/94,Ireland,TO,C,0.0
1993/94,Ireland,TO,E,0.0
1993/94,Ireland,TO,I,0.0
1993/94,Israel,OO,C,4.5
1993/94,Israel,OO,E,0.0
1993/94,Israel,OO,I,1.0
1993/94,Israel,OO,P,1.5
1993/94,Italy,OO,C,692.0
1993/94,Italy,OO,E,104.8
1993/94,Italy,OO,I,91.5
1993/94,Italy,OO,P,520.0
1993/94,Italy,TO,C,130.0
1993/94,Italy,TO,E,0.7
1993/94,Italy,TO,I,3.6
1993/94,Italy,TO,P,76.8
1993/94,Japan,OO,C,6.5
1993/94,Japan,OO,I,6.5
1993/94,Jordan,OO,C,15.5
1993/94,Jordan,OO,E,1.0
1993/94,Jordan,OO,I,8.0
1993/94,Jordan,OO,P,12.5
1993/94,Lebanon,OO,C,6.5
1993/94,Lebanon,OO,E,0.0
1993/94,Lebanon,OO,I,2.0
1993/94,Lebanon,OO,P,2.0
1993/94,Libya,OO,C,9.5
1993/94,Libya,OO,E,0.0
1993/94,Libya,OO,I,1.5
1993/94,Libya,OO,P,8.0
1993/94,Mexico,OO,C,5.0
1993/94,Mexico,OO,E,0.0
1993/94,Mexico,OO,I,2.0
1993/94,Mexico,OO,P,3.0
1993/94,Montenegro,OO,C,2.0
1993/94,Montenegro,OO,E,0.0
1993/94,Montenegro,OO,I,0.0
1993/94,Montenegro,OO,P,2.0
1993/94,Morocco,OO,C,45.5
1993/94,Morocco,OO,E,0.0
1993/94,Morocco,OO,I,2.0
1993/94,Morocco,OO,P,40.0
1993/94,Netherlands,OO,C,3.2
1993/94,Netherlands,OO,E,0.1
1993/94,Netherlands,OO,I,0.1
1993/94,Netherlands,TO,C,3.6
1993/94,Netherlands,TO,E,0.2
1993/94,Netherlands,TO,I,1.3
1993/94,Oth.non-prod.,OO,C,30.0
1993/94,Oth.non-prod.,OO,I,30.0
1993/94,Other pr.coun.,OO,C,10.0
1993/94,Other pr.coun.,OO,E,0.5
1993/94,Other pr.coun.,OO,I,3.0
1993/94,Other pr.coun.,OO,P,7.0
1993/94,Palestine,OO,C,8.0
1993/94,Palestine,OO,E,1.0
1993/94,Palestine,OO,I,0.0
1993/94,Palestine,OO,P,1.0
1993/94,Portugal,OO,C,59.0
1993/94,Portugal,OO,E,10.5
1993/94,Portugal,OO,I,4.4
1993/94,Portugal,OO,P,32.1
1993/94,Portugal,TO,C,18.0
1993/94,Portugal,TO,E,3.0
1993/94,Portugal,TO,I,0.0
1993/94,Portugal,TO,P,16.0
1993/94,Russia,OO,C,6.0
1993/94,Russia,OO,I,6.0
1993/94,Saudi Arabia,OO,C,5.0
1993/94,Saudi Arabia,OO,E,0.0
1993/94,Saudi Arabia,OO,I,5.0
1993/94,Spain,OO,C,421.0
1993/94,Spain,OO,E,54.6
1993/94,Spain,OO,I,54.0
1993/94,Spain,OO,P,550.9
1993/94,Spain,TO,C,120.0
1993/94,Spain,TO,E,73.8
1993/94,Spain,TO,I,2.2
1993/94,Spain,TO,P,205.2
1993/94,Switzerland,OO,C,3.0
1993/94,Switzerland,OO,E,0.0
1993/94,Switzerland,OO,I,3.0
1993/94,Syria,OO,C,69.0
1993/94,Syria,OO,E,0.0
1993/94,Syria,OO,I,0.0
1993/94,Syria,OO,P,65.0
1993/94,Tunisia,OO,C,56.0
1993/94,Tunisia,OO,E,178.0
1993/94,Tunisia,OO,I,0.0
1993/94,Tunisia,OO,P,235.0
1993/94,Türkiye,OO,C,54.0
1993/94,Türkiye,OO,E,9.0
1993/94,Türkiye,OO,I,0.0
1993/94,Türkiye,OO,P,48.0
1993/94,United King.,OO,C,16.8
1993/94,United King.,OO,E,0.2
1993/94,United King.,OO,I,0.0
1993/94,United King.,TO,C,3.7
1993/94,United King.,TO,E,0.0
1993/94,United King.,TO,I,0.5
1993/94,USA,OO,C,115.5
1993/94,USA,OO,E,2.0
1993/94,USA,OO,I,111.5
1993/94,USA,OO,P,4.5
1994/95,Algeria,OO,C,17.5
1994/95,Algeria,OO,E,0.0
1994/95,Algeria,OO,I,0.0
1994/95,Algeria,OO,P,16.5
1994/95,Argentina,OO,C,3.0
1994/95,Argentina,OO,E,4.5
1994/95,Argentina,OO,I,0.5
1994/95,Argentina,OO,P,6.5
1994/95,Australia,OO,C,19.0
1994/95,Australia,OO,E,0.0
1994/95,Australia,OO,I,19.0
1994/95,Austria,OO,C,0.2
1994/95,Austria,OO,E,0.0
1994/95,Austria,OO,I,0.0
1994/95,Austria,TO,C,0.9
1994/95,Austria,TO,E,0.0
1994/95,Austria,TO,I,0.2
1994/95,Brazil,OO,C,23.5
1994/95,Brazil,OO,E,0.0
1994/95,Brazil,OO,I,23.5
1994/95,Canada,OO,C,15.0
1994/95,Canada,OO,I,15.0
1994/95,Chile,OO,E,0.0
1994/95,Cyprus,OO,C,3.0
1994/95,Cyprus,OO,E,0.0
1994/95,Cyprus,OO,I,0.0
1994/95,Cyprus,OO,P,3.0
1994/95,Denmark,OO,C,1.1
1994/95,Denmark,OO,E,0.1
1994/95,Denmark,OO,I,0.0
1994/95,Denmark,TO,C,1.2
1994/95,Denmark,TO,E,0.0
1994/95,Denmark,TO,I,0.1
1994/95,E.B.L.U.,OO,C,4.9
1994/95,E.B.L.U.,OO,E,1.7
1994/95,E.B.L.U.,OO,I,0.3
1994/95,E.B.L.U.,TO,C,2.2
1994/95,E.B.L.U.,TO,E,0.0
1994/95,E.B.L.U.,TO,I,1.4
1994/95,Egypt,OO,C,2.0
1994/95,Egypt,OO,E,0.0
1994/95,Egypt,OO,I,1.0
1994/95,Egypt,OO,P,1.0
1994/95,EU,OO,C,1.0
1994/95,EU,OO,E,182.5
1994/95,EU,OO,I,179.0
1994/95,EU,OO,P,1371.0
1994/95,Finland,OO,C,0.3
1994/95,Finland,OO,E,0.0
1994/95,Finland,OO,I,0.0
1994/95,Finland,TO,C,0.1
1994/95,Finland,TO,E,0.0
1994/95,Finland,TO,I,0.0
1994/95,France,OO,C,41.6
1994/95,France,OO,E,1.0
1994/95,France,OO,I,0.6
1994/95,France,OO,P,2.0
1994/95,France,TO,C,30.9
1994/95,France,TO,E,1.0
1994/95,France,TO,I,27.2
1994/95,France,TO,P,2.0
1994/95,Germany,OO,C,16.9
1994/95,Germany,OO,E,0.2
1994/95,Germany,OO,I,0.1
1994/95,Germany,TO,C,18.9
1994/95,Germany,TO,E,0.3
1994/95,Germany,TO,I,7.2
1994/95,Greece,OO,C,210.0
1994/95,Greece,OO,E,5.5
1994/95,Greece,OO,I,0.2
1994/95,Greece,OO,P,350.0
1994/95,Greece,TO,C,30.0
1994/95,Greece,TO,E,15.0
1994/95,Greece,TO,I,1.1
1994/95,Greece,TO,P,60.0
1994/95,Iran,OO,C,2.5
1994/95,Iran,OO,E,0.0
1994/95,Iran,OO,I,1.0
1994/95,Iran,OO,P,1.5
1994/95,Iraq,OO,E,0.0
1994/95,Ireland,OO,C,1.0
1994/95,Ireland,OO,E,0.0
1994/95,Ireland,OO,I,0.0
1994/95,Ireland,TO,C,0.1
1994/95,Ireland,TO,E,0.0
1994/95,Ireland,TO,I,0.0
1994/95,Israel,OO,C,7.0
1994/95,Israel,OO,E,0.0
1994/95,Israel,OO,I,1.5
1994/95,Israel,OO,P,5.5
1994/95,Italy,OO,C,675.0
1994/95,Italy,OO,E,105.8
1994/95,Italy,OO,I,107.5
1994/95,Italy,OO,P,448.0
1994/95,Italy,TO,C,113.0
1994/95,Italy,TO,E,0.9
1994/95,Italy,TO,I,6.4
1994/95,Italy,TO,P,59.9
1994/95,Japan,OO,C,8.5
1994/95,Japan,OO,I,8.5
1994/95,Jordan,OO,C,21.5
1994/95,Jordan,OO,E,0.5
1994/95,Jordan,OO,I,7.0
1994/95,Jordan,OO,P,13.5
1994/95,Lebanon,OO,C,7.5
1994/95,Lebanon,OO,E,0.5
1994/95,Lebanon,OO,I,3.0
1994/95,Lebanon,OO,P,5.0
1994/95,Libya,OO,C,8.0
1994/95,Libya,OO,E,0.0
1994/95,Libya,OO,I,1.5
1994/95,Libya,OO,P,6.5
1994/95,Mexico,OO,C,3.0
1994/95,Mexico,OO,E,0.0
1994/95,Mexico,OO,I,1.0
1994/95,Mexico,OO,P,2.0
1994/95,Montenegro,OO,C,2.5
1994/95,Montenegro,OO,E,0.0
1994/95,Montenegro,OO,I,0.0
1994/95,Montenegro,OO,P,2.5
1994/95,Morocco,OO,C,43.0
1994/95,Morocco,OO,E,5.0
1994/95,Morocco,OO,I,2.5
1994/95,Morocco,OO,P,45.0
1994/95,Netherlands,OO,C,3.9
1994/95,Netherlands,OO,E,0.1
1994/95,Netherlands,OO,I,0.3
1994/95,Netherlands,TO,C,5.6
1994/95,Netherlands,TO,E,0.2
1994/95,Netherlands,TO,I,3.3
1994/95,Oth.non-prod.,OO,C,33.0
1994/95,Oth.non-prod.,OO,I,33.0
1994/95,Other pr.coun.,OO,C,10.0
1994/95,Other pr.coun.,OO,E,0.0
1994/95,Other pr.coun.,OO,I,3.0
1994/95,Other pr.coun.,OO,P,7.0
1994/95,Palestine,OO,C,5.0
1994/95,Palestine,OO,E,4.5
1994/95,Palestine,OO,I,0.5
1994/95,Palestine,OO,P,8.0
1994/95,Portugal,OO,C,58.0
1994/95,Portugal,OO,E,13.1
1994/95,Portugal,OO,I,8.2
1994/95,Portugal,OO,P,32.2
1994/95,Portugal,TO,C,18.5
1994/95,Portugal,TO,E,5.2
1994/95,Portugal,TO,I,0.5
1994/95,Portugal,TO,P,10.0
1994/95,Russia,OO,C,5.5
1994/95,Russia,OO,I,5.5
1994/95,Saudi Arabia,OO,C,5.0
1994/95,Saudi Arabia,OO,E,0.0
1994/95,Saudi Arabia,OO,I,5.0
1994/95,Spain,OO,C,420.0
1994/95,Spain,OO,E,54.0
1994/95,Spain,OO,I,61.6
1994/95,Spain,OO,P,538.8
1994/95,Spain,TO,C,118.0
1994/95,Spain,TO,E,77.7
1994/95,Spain,TO,I,9.7
1994/95,Spain,TO,P,235.6
1994/95,Sweden,OO,C,1.0
1994/95,Sweden,OO,E,0.0
1994/95,Sweden,OO,I,0.1
1994/95,Sweden,TO,C,2.1
1994/95,Sweden,TO,E,0.1
1994/95,Sweden,TO,I,0.4
1994/95,Switzerland,OO,C,4.0
1994/95,Switzerland,OO,E,0.0
1994/95,Switzerland,OO,I,4.0
1994/95,Syria,OO,C,78.0
1994/95,Syria,OO,E,5.0
1994/95,Syria,OO,I,0.0
1994/95,Syria,OO,P,90.0
1994/95,Tunisia,OO,C,46.0
1994/95,Tunisia,OO,E,104.0
1994/95,Tunisia,OO,I,0.0
1994/95,Tunisia,OO,P,100.0
1994/95,Türkiye,OO,C,55.0
1994/95,Türkiye,OO,E,55.0
1994/95,Türkiye,OO,I,0.0
1994/95,Türkiye,OO,P,160.0
1994/95,United King.,OO,C,17.3
1994/95,United King.,OO,E,1.0
1994/95,United King.,OO,I,0.1
1994/95,United King.,TO,C,6.8
1994/95,United King.,TO,E,0.0
1994/95,United King.,TO,I,1.6
1994/95,USA,OO,C,115.5
1994/95,USA,OO,E,7.0
1994/95,USA,OO,I,121.5
1994/95,USA,OO,P,1.0
1995/96,Algeria,OO,C,36.0
1995/96,Algeria,OO,E,0.0
1995/96,Algeria,OO,I,0.0
1995/96,Algeria,OO,P,51.5
1995/96,Argentina,OO,C,6.0
1995/96,Argentina,OO,E,4.5
1995/96,Argentina,OO,I,0.5
1995/96,Argentina,OO,P,11.0
1995/96,Australia,OO,C,16.5
1995/96,Australia,OO,E,0.0
1995/96,Australia,OO,I,16.0
1995/96,Austria,OO,C,1.0
1995/96,Austria,OO,E,0.0
1995/96,Austria,OO,I,0.0
1995/96,Austria,TO,C,1.4
1995/96,Austria,TO,E,0.0
1995/96,Austria,TO,I,0.1
1995/96,Brazil,OO,C,19.0
1995/96,Brazil,OO,E,0.0
1995/96,Brazil,OO,I,19.0
1995/96,Canada,OO,C,14.0
1995/96,Canada,OO,I,14.0
1995/96,Chile,OO,E,0.0
1995/96,Cyprus,OO,C,3.0
1995/96,Cyprus,OO,E,0.0
1995/96,Cyprus,OO,I,0.0
1995/96,Cyprus,OO,P,2.5
1995/96,Denmark,OO,C,1.1
1995/96,Denmark,OO,E,0.0
1995/96,Denmark,OO,I,0.7
1995/96,Denmark,TO,C,1.9
1995/96,Denmark,TO,E,0.0
1995/96,Denmark,TO,I,0.1
1995/96,E.B.L.U.,OO,C,6.5
1995/96,E.B.L.U.,OO,E,0.6
1995/96,E.B.L.U.,OO,I,0.0
1995/96,E.B.L.U.,TO,C,2.6
1995/96,E.B.L.U.,TO,E,0.1
1995/96,E.B.L.U.,TO,I,1.1
1995/96,Egypt,OO,C,2.5
1995/96,Egypt,OO,E,0.5
1995/96,Egypt,OO,I,0.5
1995/96,Egypt,OO,P,2.5
1995/96,EU,OO,C,383.5
1995/96,EU,OO,E,165.0
1995/96,EU,OO,I,73.5
1995/96,EU,OO,P,1403.5
1995/96,Finland,OO,C,0.2
1995/96,Finland,OO,E,0.1
1995/96,Finland,OO,I,0.0
1995/96,Finland,TO,C,1.3
1995/96,Finland,TO,E,0.1
1995/96,Finland,TO,I,0.0
1995/96,France,OO,C,48.5
1995/96,France,OO,E,1.1
1995/96,France,OO,I,0.9
1995/96,France,OO,P,2.3
1995/96,France,TO,C,28.0
1995/96,France,TO,E,1.3
1995/96,France,TO,I,23.7
1995/96,France,TO,P,1.1
1995/96,Germany,OO,C,16.4
1995/96,Germany,OO,E,0.2
1995/96,Germany,OO,I,0.1
1995/96,Germany,TO,C,21.5
1995/96,Germany,TO,E,0.5
1995/96,Germany,TO,I,7.5
1995/96,Greece,OO,C,230.0
1995/96,Greece,OO,E,11.0
1995/96,Greece,OO,I,0.1
1995/96,Greece,OO,P,400.0
1995/96,Greece,TO,C,30.0
1995/96,Greece,TO,E,29.0
1995/96,Greece,TO,I,0.2
1995/96,Greece,TO,P,70.0
1995/96,Iran,OO,C,5.0
1995/96,Iran,OO,E,0.0
1995/96,Iran,OO,I,2.0
1995/96,Iran,OO,P,3.0
1995/96,Iraq,OO,E,0.0
1995/96,Ireland,OO,C,1.3
1995/96,Ireland,OO,E,0.0
1995/96,Ireland,OO,I,0.0
1995/96,Ireland,TO,C,0.1
1995/96,Ireland,TO,E,0.0
1995/96,Ireland,TO,I,0.0
1995/96,Israel,OO,C,7.5
1995/96,Israel,OO,E,0.5
1995/96,Israel,OO,I,3.5
1995/96,Israel,OO,P,5.0
1995/96,Italy,OO,C,653.0
1995/96,Italy,OO,E,90.5
1995/96,Italy,OO,I,46.0
1995/96,Italy,OO,P,620.0
1995/96,Italy,TO,C,125.0
1995/96,Italy,TO,E,1.1
1995/96,Italy,TO,I,4.3
1995/96,Italy,TO,P,85.5
1995/96,Japan,OO,C,16.5
1995/96,Japan,OO,I,16.5
1995/96,Jordan,OO,C,16.0
1995/96,Jordan,OO,E,0.5
1995/96,Jordan,OO,I,0.5
1995/96,Jordan,OO,P,14.0
1995/96,Lebanon,OO,C,7.0
1995/96,Lebanon,OO,E,2.0
1995/96,Lebanon,OO,I,4.0
1995/96,Lebanon,OO,P,5.0
1995/96,Libya,OO,C,5.0
1995/96,Libya,OO,E,0.0
1995/96,Libya,OO,I,1.0
1995/96,Libya,OO,P,4.0
1995/96,Mexico,OO,C,3.0
1995/96,Mexico,OO,E,0.0
1995/96,Mexico,OO,I,1.0
1995/96,Mexico,OO,P,2.0
1995/96,Montenegro,OO,C,1.5
1995/96,Montenegro,OO,E,0.0
1995/96,Montenegro,OO,I,0.0
1995/96,Montenegro,OO,P,1.5
1995/96,Morocco,OO,C,25.0
1995/96,Morocco,OO,E,11.5
1995/96,Morocco,OO,I,0.5
1995/96,Morocco,OO,P,35.0
1995/96,Netherlands,OO,C,2.3
1995/96,Netherlands,OO,E,0.2
1995/96,Netherlands,OO,I,0.2
1995/96,Netherlands,TO,C,4.5
1995/96,Netherlands,TO,E,0.2
1995/96,Netherlands,TO,I,2.5
1995/96,Oth.non-prod.,OO,C,20.0
1995/96,Oth.non-prod.,OO,I,20.0
1995/96,Other pr.coun.,OO,C,6.0
1995/96,Other pr.coun.,OO,E,3.0
1995/96,Other pr.coun.,OO,I,2.5
1995/96,Other pr.coun.,OO,P,6.0
1995/96,Palestine,OO,C,7.0
1995/96,Palestine,OO,E,3.5
1995/96,Palestine,OO,I,0.0
1995/96,Palestine,OO,P,12.0
1995/96,Portugal,OO,C,58.4
1995/96,Portugal,OO,E,11.8
1995/96,Portugal,OO,I,1.7
1995/96,Portugal,OO,P,43.7
1995/96,Portugal,TO,C,11.0
1995/96,Portugal,TO,E,6.9
1995/96,Portugal,TO,I,0.4
1995/96,Portugal,TO,P,9.1
1995/96,Russia,OO,C,1.0
1995/96,Russia,OO,I,1.0
1995/96,Saudi Arabia,OO,C,4.0
1995/96,Saudi Arabia,OO,E,0.0
1995/96,Saudi Arabia,OO,I,4.0
1995/96,Spain,OO,C,352.1
1995/96,Spain,OO,E,48.8
1995/96,Spain,OO,I,24.0
1995/96,Spain,OO,P,337.6
1995/96,Spain,TO,C,116.0
1995/96,Spain,TO,E,75.0
1995/96,Spain,TO,I,8.1
1995/96,Spain,TO,P,203.0
1995/96,Sweden,OO,C,1.2
1995/96,Sweden,OO,E,0.0
1995/96,Sweden,OO,I,0.0
1995/96,Sweden,TO,C,2.4
1995/96,Sweden,TO,E,0.1
1995/96,Sweden,TO,I,0.3
1995/96,Switzerland,OO,C,3.5
1995/96,Switzerland,OO,E,0.0
1995/96,Switzerland,OO,I,3.5
1995/96,Syria,OO,C,78.0
1995/96,Syria,OO,E,11.0
1995/96,Syria,OO,I,0.0
1995/96,Syria,OO,P,76.0
1995/96,Tunisia,OO,C,34.5
1995/96,Tunisia,OO,E,26.5
1995/96,Tunisia,OO,I,0.0
1995/96,Tunisia,OO,P,60.0
1995/96,Türkiye,OO,C,63.0
1995/96,Türkiye,OO,E,19.0
1995/96,Türkiye,OO,I,0.0
1995/96,Türkiye,OO,P,40.0
1995/96,United King.,OO,C,15.0
1995/96,United King.,OO,E,0.5
1995/96,United King.,OO,I,0.0
1995/96,United King.,TO,C,6.4
1995/96,United King.,TO,E,0.0
1995/96,United King.,TO,I,1.7
1995/96,USA,OO,C,101.0
1995/96,USA,OO,E,9.0
1995/96,USA,OO,I,105.0
1995/96,USA,OO,P,1.0
1996/97,Algeria,OO,C,50.0
1996/97,Algeria,OO,E,0.0
1996/97,Algeria,OO,I,0.0
1996/97,Algeria,OO,P,50.5
1996/97,Argentina,OO,C,8.0
1996/97,Argentina,OO,E,6.0
1996/97,Argentina,OO,I,6.5
1996/97,Argentina,OO,P,11.5
1996/97,Australia,OO,C,21.5
1996/97,Australia,OO,E,0.0
1996/97,Australia,OO,I,21.5
1996/97,Austria,OO,C,2.6
1996/97,Austria,OO,E,0.0
1996/97,Austria,OO,I,0.0
1996/97,Austria,TO,C,1.6
1996/97,Austria,TO,E,0.0
1996/97,Austria,TO,I,0.3
1996/97,Brazil,OO,C,24.5
1996/97,Brazil,OO,E,0.0
1996/97,Brazil,OO,I,24.5
1996/97,Canada,OO,C,19.0
1996/97,Canada,OO,I,19.0
1996/97,Chile,OO,E,0.0
1996/97,Cyprus,OO,C,2.5
1996/97,Cyprus,OO,E,0.0
1996/97,Cyprus,OO,I,0.0
1996/97,Cyprus,OO,P,2.0
1996/97,Denmark,OO,C,2.3
1996/97,Denmark,OO,E,0.0
1996/97,Denmark,OO,I,0.0
1996/97,Denmark,TO,C,2.5
1996/97,Denmark,TO,E,0.0
1996/97,Denmark,TO,I,0.2
1996/97,E.B.L.U.,OO,C,7.0
1996/97,E.B.L.U.,OO,E,0.0
1996/97,E.B.L.U.,OO,I,0.0
1996/97,E.B.L.U.,TO,C,3.8
1996/97,E.B.L.U.,TO,E,0.0
1996/97,E.B.L.U.,TO,I,2.1
1996/97,Egypt,OO,C,1.0
1996/97,Egypt,OO,E,0.0
1996/97,Egypt,OO,I,0.5
1996/97,Egypt,OO,P,0.5
1996/97,EU,OO,C,1.0
1996/97,EU,OO,E,220.0
1996/97,EU,OO,I,145.5
1996/97,EU,OO,P,1754.5
1996/97,Finland,OO,C,0.5
1996/97,Finland,OO,E,0.0
1996/97,Finland,OO,I,0.0
1996/97,Finland,TO,C,1.5
1996/97,Finland,TO,E,0.1
1996/97,Finland,TO,I,0.0
1996/97,France,OO,C,58.8
1996/97,France,OO,E,1.1
1996/97,France,OO,I,1.4
1996/97,France,OO,P,2.5
1996/97,France,TO,C,30.8
1996/97,France,TO,E,1.6
1996/97,France,TO,I,27.0
1996/97,France,TO,P,2.0
1996/97,Germany,OO,C,16.1
1996/97,Germany,OO,E,0.2
1996/97,Germany,OO,I,0.0
1996/97,Germany,TO,C,23.5
1996/97,Germany,TO,E,0.4
1996/97,Germany,TO,I,10.6
1996/97,Greece,OO,C,240.0
1996/97,Greece,OO,E,5.2
1996/97,Greece,OO,I,0.0
1996/97,Greece,OO,P,390.0
1996/97,Greece,TO,C,20.0
1996/97,Greece,TO,E,20.0
1996/97,Greece,TO,I,0.0
1996/97,Greece,TO,P,60.0
1996/97,Iran,OO,C,3.5
1996/97,Iran,OO,E,0.0
1996/97,Iran,OO,I,2.0
1996/97,Iran,OO,P,1.5
1996/97,Iraq,OO,E,0.0
1996/97,Ireland,OO,C,1.4
1996/97,Ireland,OO,E,0.0
1996/97,Ireland,OO,I,0.0
1996/97,Ireland,TO,C,0.1
1996/97,Ireland,TO,E,0.0
1996/97,Ireland,TO,I,0.0
1996/97,Israel,OO,C,7.5
1996/97,Israel,OO,E,0.0
1996/97,Israel,OO,I,2.0
1996/97,Israel,OO,P,5.5
1996/97,Italy,OO,C,675.0
1996/97,Italy,OO,E,129.5
1996/97,Italy,OO,I,106.6
1996/97,Italy,OO,P,370.0
1996/97,Italy,TO,C,112.0
1996/97,Italy,TO,E,1.3
1996/97,Italy,TO,I,7.5
1996/97,Italy,TO,P,55.3
1996/97,Japan,OO,C,26.0
1996/97,Japan,OO,I,26.0
1996/97,Jordan,OO,C,22.0
1996/97,Jordan,OO,E,0.5
1996/97,Jordan,OO,I,0.5
1996/97,Jordan,OO,P,23.0
1996/97,Lebanon,OO,C,8.0
1996/97,Lebanon,OO,E,1.5
1996/97,Lebanon,OO,I,3.5
1996/97,Lebanon,OO,P,6.5
1996/97,Libya,OO,C,10.0
1996/97,Libya,OO,E,0.0
1996/97,Libya,OO,I,1.0
1996/97,Libya,OO,P,10.0
1996/97,Mexico,OO,C,6.0
1996/97,Mexico,OO,E,0.0
1996/97,Mexico,OO,I,3.5
1996/97,Mexico,OO,P,2.5
1996/97,Montenegro,OO,C,0.5
1996/97,Montenegro,OO,E,0.0
1996/97,Montenegro,OO,I,0.0
1996/97,Montenegro,OO,P,0.5
1996/97,Morocco,OO,C,50.0
1996/97,Morocco,OO,E,35.0
1996/97,Morocco,OO,I,0.0
1996/97,Morocco,OO,P,110.0
1996/97,Netherlands,OO,C,3.5
1996/97,Netherlands,OO,E,0.1
1996/97,Netherlands,OO,I,0.3
1996/97,Netherlands,TO,C,4.7
1996/97,Netherlands,TO,E,0.3
1996/97,Netherlands,TO,I,2.7
1996/97,Oth.non-prod.,OO,C,25.0
1996/97,Oth.non-prod.,OO,I,25.0
1996/97,Other pr.coun.,OO,C,13.0
1996/97,Other pr.coun.,OO,E,0.0
1996/97,Other pr.coun.,OO,I,4.5
1996/97,Other pr.coun.,OO,P,8.5
1996/97,Palestine,OO,C,6.5
1996/97,Palestine,OO,E,4.0
1996/97,Palestine,OO,I,0.0
1996/97,Palestine,OO,P,12.0
1996/97,Portugal,OO,C,62.0
1996/97,Portugal,OO,E,17.0
1996/97,Portugal,OO,I,1.7
1996/97,Portugal,OO,P,44.8
1996/97,Portugal,TO,C,8.5
1996/97,Portugal,TO,E,5.5
1996/97,Portugal,TO,I,0.4
1996/97,Portugal,TO,P,9.0
1996/97,Russia,OO,C,1.5
1996/97,Russia,OO,I,1.5
1996/97,Saudi Arabia,OO,C,5.0
1996/97,Saudi Arabia,OO,E,0.0
1996/97,Saudi Arabia,OO,I,5.0
1996/97,Spain,OO,C,470.2
1996/97,Spain,OO,E,66.7
1996/97,Spain,OO,I,35.5
1996/97,Spain,OO,P,947.3
1996/97,Spain,TO,C,100.0
1996/97,Spain,TO,E,92.1
1996/97,Spain,TO,I,3.9
1996/97,Spain,TO,P,244.0
1996/97,Sweden,OO,C,2.2
1996/97,Sweden,OO,E,0.0
1996/97,Sweden,OO,I,0.0
1996/97,Sweden,TO,C,3.6
1996/97,Sweden,TO,E,0.1
1996/97,Sweden,TO,I,0.5
1996/97,Switzerland,OO,C,3.5
1996/97,Switzerland,OO,E,1.5
1996/97,Switzerland,OO,I,5.0
1996/97,Syria,OO,C,85.0
1996/97,Syria,OO,E,6.0
1996/97,Syria,OO,I,0.0
1996/97,Syria,OO,P,125.0
1996/97,Tunisia,OO,C,70.0
1996/97,Tunisia,OO,E,115.0
1996/97,Tunisia,OO,I,0.0
1996/97,Tunisia,OO,P,270.0
1996/97,Türkiye,OO,C,75.0
1996/97,Türkiye,OO,E,40.5
1996/97,Türkiye,OO,I,0.0
1996/97,Türkiye,OO,P,200.0
1996/97,United King.,OO,C,25.1
1996/97,United King.,OO,E,0.4
1996/97,United King.,OO,I,0.0
1996/97,United King.,TO,C,6.2
1996/97,United King.,TO,E,0.0
1996/97,United King.,TO,I,1.9
1996/97,USA,OO,C,130.5
1996/97,USA,OO,E,8.0
1996/97,USA,OO,I,140.5
1996/97,USA,OO,P,1.0
1997/98,Algeria,OO,C,31.5
1997/98,Algeria,OO,E,0.0
1997/98,Algeria,OO,I,0.0
1997/98,Algeria,OO,P,15.0
1997/98,Argentina,OO,C,8.0
1997/98,Argentina,OO,E,7.5
1997/98,Argentina,OO,I,7.0
1997/98,Argentina,OO,P,8.0
1997/98,Australia,OO,C,17.5
1997/98,Australia,OO,E,0.0
1997/98,Australia,OO,I,17.5
1997/98,Austria,OO,C,2.7
1997/98,Austria,OO,E,0.0
1997/98,Austria,OO,I,0.0
1997/98,Austria,TO,C,1.5
1997/98,Austria,TO,E,0.0
1997/98,Austria,TO,I,0.2
1997/98,Brazil,OO,C,29.0
1997/98,Brazil,OO,E,0.0
1997/98,Brazil,OO,I,29.0
1997/98,Canada,OO,C,17.5
1997/98,Canada,OO,I,17.5
1997/98,Chile,OO,E,0.0
1997/98,Croatia,OO,C,2.0
1997/98,Croatia,OO,E,0.0
1997/98,Croatia,OO,I,0.5
1997/98,Croatia,OO,P,1.5
1997/98,Cyprus,OO,C,2.0
1997/98,Cyprus,OO,E,0.0
1997/98,Cyprus,OO,I,0.5
1997/98,Cyprus,OO,P,1.5
1997/98,Denmark,OO,C,2.5
1997/98,Denmark,OO,E,0.0
1997/98,Denmark,OO,I,0.0
1997/98,Denmark,TO,C,2.1
1997/98,Denmark,TO,E,0.0
1997/98,Denmark,TO,I,0.2
1997/98,E.B.L.U.,OO,C,8.7
1997/98,E.B.L.U.,OO,E,0.1
1997/98,E.B.L.U.,OO,I,0.1
1997/98,E.B.L.U.,TO,C,4.2
1997/98,E.B.L.U.,TO,E,0.1
1997/98,E.B.L.U.,TO,I,2.6
1997/98,Egypt,OO,C,1.0
1997/98,Egypt,OO,E,0.0
1997/98,Egypt,OO,I,0.5
1997/98,Egypt,OO,P,1.0
1997/98,EU,OO,C,453.5
1997/98,EU,OO,E,227.0
1997/98,EU,OO,I,118.0
1997/98,EU,OO,P,2116.5
1997/98,Finland,OO,C,0.6
1997/98,Finland,OO,E,0.0
1997/98,Finland,OO,I,0.0
1997/98,Finland,TO,C,1.5
1997/98,Finland,TO,E,0.1
1997/98,Finland,TO,I,0.0
1997/98,France,OO,C,75.6
1997/98,France,OO,E,1.1
1997/98,France,OO,I,0.1
1997/98,France,OO,P,2.7
1997/98,France,TO,C,33.7
1997/98,France,TO,E,1.1
1997/98,France,TO,I,24.0
1997/98,France,TO,P,2.0
1997/98,Germany,OO,C,23.6
1997/98,Germany,OO,E,0.2
1997/98,Germany,OO,I,0.1
1997/98,Germany,TO,C,22.3
1997/98,Germany,TO,E,0.6
1997/98,Germany,TO,I,9.0
1997/98,Greece,OO,C,240.0
1997/98,Greece,OO,E,8.0
1997/98,Greece,OO,I,0.0
1997/98,Greece,OO,P,375.0
1997/98,Greece,TO,C,20.0
1997/98,Greece,TO,E,33.0
1997/98,Greece,TO,I,0.0
1997/98,Greece,TO,P,85.0
1997/98,Iran,OO,C,4.0
1997/98,Iran,OO,E,0.0
1997/98,Iran,OO,I,1.0
1997/98,Iran,OO,P,3.0
1997/98,Iraq,OO,E,0.0
1997/98,Ireland,OO,C,1.5
1997/98,Ireland,OO,E,0.0
1997/98,Ireland,OO,I,0.0
1997/98,Ireland,TO,C,0.3
1997/98,Ireland,TO,E,0.0
1997/98,Ireland,TO,I,0.0
1997/98,Israel,OO,C,6.5
1997/98,Israel,OO,E,0.0
1997/98,Israel,OO,I,2.5
1997/98,Israel,OO,P,3.0
1997/98,Italy,OO,C,698.0
1997/98,Italy,OO,E,123.5
1997/98,Italy,OO,I,89.3
1997/98,Italy,OO,P,620.0
1997/98,Italy,TO,C,114.3
1997/98,Italy,TO,E,1.1
1997/98,Italy,TO,I,3.2
1997/98,Italy,TO,P,80.0
1997/98,Japan,OO,C,34.0
1997/98,Japan,OO,I,34.0
1997/98,Jordan,OO,C,19.0
1997/98,Jordan,OO,E,0.0
1997/98,Jordan,OO,I,2.0
1997/98,Jordan,OO,P,14.0
1997/98,Lebanon,OO,C,8.0
1997/98,Lebanon,OO,E,0.5
1997/98,Lebanon,OO,I,4.0
1997/98,Lebanon,OO,P,3.5
1997/98,Libya,OO,C,7.0
1997/98,Libya,OO,E,0.0
1997/98,Libya,OO,I,1.0
1997/98,Libya,OO,P,6.0
1997/98,Mexico,OO,C,4.5
1997/98,Mexico,OO,E,0.0
1997/98,Mexico,OO,I,2.5
1997/98,Mexico,OO,P,2.0
1997/98,Montenegro,OO,C,0.5
1997/98,Montenegro,OO,E,0.0
1997/98,Montenegro,OO,I,0.0
1997/98,Montenegro,OO,P,0.5
1997/98,Morocco,OO,C,55.0
1997/98,Morocco,OO,E,7.5
1997/98,Morocco,OO,I,0.0
1997/98,Morocco,OO,P,70.0
1997/98,Netherlands,OO,C,4.0
1997/98,Netherlands,OO,E,0.1
1997/98,Netherlands,OO,I,0.0
1997/98,Netherlands,TO,C,5.1
1997/98,Netherlands,TO,E,0.3
1997/98,Netherlands,TO,I,3.3
1997/98,Oth.non-prod.,OO,C,20.5
1997/98,Oth.non-prod.,OO,I,20.5
1997/98,Other pr.coun.,OO,C,11.5
1997/98,Other pr.coun.,OO,E,0.0
1997/98,Other pr.coun.,OO,I,4.5
1997/98,Other pr.coun.,OO,P,7.0
1997/98,Palestine,OO,C,5.5
1997/98,Palestine,OO,E,5.0
1997/98,Palestine,OO,I,0.0
1997/98,Palestine,OO,P,9.0
1997/98,Portugal,OO,C,69.3
1997/98,Portugal,OO,E,17.4
1997/98,Portugal,OO,I,0.2
1997/98,Portugal,OO,P,42.0
1997/98,Portugal,TO,C,10.2
1997/98,Portugal,TO,E,3.8
1997/98,Portugal,TO,I,0.5
1997/98,Portugal,TO,P,9.0
1997/98,Russia,OO,C,1.5
1997/98,Russia,OO,I,1.5
1997/98,Saudi Arabia,OO,C,5.0
1997/98,Saudi Arabia,OO,E,0.0
1997/98,Saudi Arabia,OO,I,5.0
1997/98,Spain,OO,C,550.4
1997/98,Spain,OO,E,76.2
1997/98,Spain,OO,I,28.0
1997/98,Spain,OO,P,1077.0
1997/98,Spain,TO,C,113.0
1997/98,Spain,TO,E,105.5
1997/98,Spain,TO,I,1.6
1997/98,Spain,TO,P,310.0
1997/98,Sweden,OO,C,2.7
1997/98,Sweden,OO,E,0.0
1997/98,Sweden,OO,I,0.0
1997/98,Sweden,TO,C,4.3
1997/98,Sweden,TO,E,0.1
1997/98,Sweden,TO,I,0.6
1997/98,Switzerland,OO,C,5.5
1997/98,Switzerland,OO,E,0.0
1997/98,Switzerland,OO,I,5.5
1997/98,Syria,OO,C,95.0
1997/98,Syria,OO,E,3.0
1997/98,Syria,OO,I,0.0
1997/98,Syria,OO,P,70.0
1997/98,Taiwan,OO,C,4.5
1997/98,Taiwan,OO,I,4.5
1997/98,Tunisia,OO,C,52.0
1997/98,Tunisia,OO,E,117.0
1997/98,Tunisia,OO,I,0.0
1997/98,Tunisia,OO,P,93.0
1997/98,Türkiye,OO,C,85.5
1997/98,Türkiye,OO,E,35.0
1997/98,Türkiye,OO,I,0.0
1997/98,Türkiye,OO,P,40.0
1997/98,United King.,OO,C,25.6
1997/98,United King.,OO,E,0.6
1997/98,United King.,OO,I,0.0
1997/98,United King.,TO,C,8.4
1997/98,United King.,TO,E,0.0
1997/98,United King.,TO,I,1.9
1997/98,USA,OO,C,142.5
1997/98,USA,OO,E,4.5
1997/98,USA,OO,I,144.0
1997/98,USA,OO,P,1.0
1998/99,Austria,OO,C,2.9
1998/99,Austria,OO,E,0.0
1998/99,Austria,OO,I,0.0
1998/99,Austria,TO,C,2.5
1998/99,Austria,TO,E,0.0
1998/99,Austria,TO,I,0.3
1998/99,Denmark,OO,C,1.9
1998/99,Denmark,OO,E,0.1
1998/99,Denmark,OO,I,0.0
1998/99,Denmark,TO,C,2.1
1998/99,Denmark,TO,E,0.0
1998/99,Denmark,TO,I,0.1
1998/99,E.B.L.U.,OO,C,9.4
1998/99,E.B.L.U.,OO,E,0.0
1998/99,E.B.L.U.,OO,I,0.1
1998/99,E.B.L.U.,TO,C,5.6
1998/99,E.B.L.U.,TO,E,0.1
1998/99,E.B.L.U.,TO,I,3.8
1998/99,Finland,OO,C,0.7
1998/99,Finland,OO,E,0.0
1998/99,Finland,OO,I,0.0
1998/99,Finland,TO,C,1.6
1998/99,Finland,TO,E,0.1
1998/99,Finland,TO,I,0.0
1998/99,France,OO,C,78.8
1998/99,France,OO,E,1.0
1998/99,France,OO,I,0.4
1998/99,France,OO,P,3.4
1998/99,France,TO,C,31.0
1998/99,France,TO,E,1.2
1998/99,France,TO,I,23.3
1998/99,France,TO,P,2.0
1998/99,Germany,OO,C,30.3
1998/99,Germany,OO,E,0.2
1998/99,Germany,OO,I,0.1
1998/99,Germany,TO,C,23.4
1998/99,Germany,TO,E,0.6
1998/99,Germany,TO,I,10.5
1998/99,Greece,OO,C,245.0
1998/99,Greece,OO,E,5.4
1998/99,Greece,OO,I,0.0
1998/99,Greece,OO,P,473.0
1998/99,Greece,TO,C,22.0
1998/99,Greece,TO,E,35.0
1998/99,Greece,TO,I,0.0
1998/99,Greece,TO,P,85.0
1998/99,Ireland,OO,C,1.6
1998/99,Ireland,OO,E,0.0
1998/99,Ireland,OO,I,0.0
1998/99,Ireland,TO,C,0.2
1998/99,Ireland,TO,E,0.0
1998/99,Ireland,TO,I,0.0
1998/99,Italy,OO,C,705.0
1998/99,Italy,OO,E,125.3
1998/99,Italy,OO,I,136.3
1998/99,Italy,OO,P,403.5
1998/99,Italy,TO,C,110.0
1998/99,Italy,TO,E,1.4
1998/99,Italy,TO,I,3.6
1998/99,Italy,TO,P,45.0
1998/99,Netherlands,OO,C,5.9
1998/99,Netherlands,OO,E,0.1
1998/99,Netherlands,OO,I,0.2
1998/99,Netherlands,TO,C,5.4
1998/99,Netherlands,TO,E,0.3
1998/99,Netherlands,TO,I,2.8
1998/99,Portugal,OO,C,66.1
1998/99,Portugal,OO,E,12.4
1998/99,Portugal,OO,I,7.0
1998/99,Portugal,OO,P,35.1
1998/99,Portugal,TO,C,13.1
1998/99,Portugal,TO,E,3.7
1998/99,Portugal,TO,I,0.2
1998/99,Portugal,TO,P,8.6
1998/99,Spain,OO,C,528.5
1998/99,Spain,OO,E,63.6
1998/99,Spain,OO,I,81.5
1998/99,Spain,OO,P,791.9
1998/99,Spain,TO,C,159.7
1998/99,Spain,TO,E,108.1
1998/99,Spain,TO,I,3.9
1998/99,Spain,TO,P,359.6
1998/99,Sweden,OO,C,2.9
1998/99,Sweden,OO,E,0.0
1998/99,Sweden,OO,I,0.0
1998/99,Sweden,TO,C,4.1
1998/99,Sweden,TO,E,0.1
1998/99,Sweden,TO,I,0.5
1998/99,United King.,OO,C,29.9
1998/99,United King.,OO,E,0.5
1998/99,United King.,OO,I,0.0
1998/99,United King.,TO,C,11.1
1998/99,United King.,TO,E,0.0
1998/99,United King.,TO,I,2.4
1999/00,Austria,OO,C,3.9
1999/00,Austria,OO,E,0.0
1999/00,Austria,OO,I,0.0
1999/00,Austria,TO,C,2.6
1999/00,Austria,TO,E,0.0
1999/00,Austria,TO,I,0.3
1999/00,Denmark,OO,C,2.3
1999/00,Denmark,OO,E,0.0
1999/00,Denmark,OO,I,0.0
1999/00,Denmark,TO,C,2.5
1999/00,Denmark,TO,E,0.0
1999/00,Denmark,TO,I,0.1
1999/00,E.B.L.U.,OO,C,10.9
1999/00,E.B.L.U.,OO,E,0.0
1999/00,E.B.L.U.,OO,I,0.0
1999/00,E.B.L.U.,TO,C,6.4
1999/00,E.B.L.U.,TO,E,0.3
1999/00,E.B.L.U.,TO,I,4.8
1999/00,Finland,OO,C,0.7
1999/00,Finland,OO,E,0.0
1999/00,Finland,OO,I,0.0
1999/00,Finland,TO,C,1.6
1999/00,Finland,TO,E,0.1
1999/00,Finland,TO,I,0.0
1999/00,France,OO,C,81.5
1999/00,France,OO,E,1.4
1999/00,France,OO,I,0.1
1999/00,France,OO,P,4.1
1999/00,France,TO,C,34.1
1999/00,France,TO,E,1.4
1999/00,France,TO,I,26.1
1999/00,France,TO,P,2.0
1999/00,Germany,OO,C,32.5
1999/00,Germany,OO,E,0.2
1999/00,Germany,OO,I,0.0
1999/00,Germany,TO,C,26.6
1999/00,Germany,TO,E,0.6
1999/00,Germany,TO,I,12.3
1999/00,Greece,OO,C,265.0
1999/00,Greece,OO,E,8.2
1999/00,Greece,OO,I,0.0
1999/00,Greece,OO,P,420.0
1999/00,Greece,TO,C,26.6
1999/00,Greece,TO,E,35.5
1999/00,Greece,TO,I,0.1
1999/00,Greece,TO,P,100.0
1999/00,Ireland,OO,C,1.4
1999/00,Ireland,OO,E,0.0
1999/00,Ireland,OO,I,0.0
1999/00,Ireland,TO,C,0.2
1999/00,Ireland,TO,E,0.0
1999/00,Ireland,TO,I,0.0
1999/00,Italy,OO,C,714.0
1999/00,Italy,OO,E,182.7
1999/00,Italy,OO,I,101.9
1999/00,Italy,OO,P,735.0
1999/00,Italy,TO,C,116.8
1999/00,Italy,TO,E,1.3
1999/00,Italy,TO,I,2.0
1999/00,Italy,TO,P,75.0
1999/00,Netherlands,OO,C,3.9
1999/00,Netherlands,OO,E,0.1
1999/00,Netherlands,OO,I,0.1
1999/00,Netherlands,TO,C,4.6
1999/00,Netherlands,TO,E,0.1
1999/00,Netherlands,TO,I,2.7
1999/00,Portugal,OO,C,66.5
1999/00,Portugal,OO,E,17.5
1999/00,Portugal,OO,I,1.4
1999/00,Portugal,OO,P,50.2
1999/00,Portugal,TO,C,15.0
1999/00,Portugal,TO,E,3.8
1999/00,Portugal,TO,I,0.1
1999/00,Portugal,TO,P,12.6
1999/00,Spain,OO,C,502.6
1999/00,Spain,OO,E,87.7
1999/00,Spain,OO,I,13.2
1999/00,Spain,OO,P,669.1
1999/00,Spain,TO,C,167.5
1999/00,Spain,TO,E,149.6
1999/00,Spain,TO,I,2.1
1999/00,Spain,TO,P,431.0
1999/00,Sweden,OO,C,2.8
1999/00,Sweden,OO,E,0.0
1999/00,Sweden,OO,I,0.0
1999/00,Sweden,TO,C,4.4
1999/00,Sweden,TO,E,0.1
1999/00,Sweden,TO,I,0.7
1999/00,United King.,OO,C,40.0
1999/00,United King.,OO,E,0.7
1999/00,United King.,OO,I,0.0
1999/00,United King.,TO,C,12.8
1999/00,United King.,TO,E,0.0
1999/00,United King.,TO,I,2.6
2000/01,Austria,OO,C,4.1
2000/01,Austria,OO,E,0.0
2000/01,Austria,OO,I,0.0
2000/01,Austria,TO,C,2.8
2000/01,Austria,TO,E,0.0
2000/01,Austria,TO,I,0.4
2000/01,Belgium,OO,C,12.4
2000/01,Belgium,OO,E,0.1
2000/01,Belgium,OO,I,0.0
2000/01,Belgium,TO,C,6.6
2000/01,Belgium,TO,E,0.1
2000/01,Belgium,TO,I,5.5
2000/01,Denmark,OO,C,2.5
2000/01,Denmark,OO,E,0.0
2000/01,Denmark,OO,I,0.0
2000/01,Denmark,TO,C,3.8
2000/01,Denmark,TO,E,0.0
2000/01,Denmark,TO,I,0.1
2000/01,Finland,OO,C,0.9
2000/01,Finland,OO,E,0.0
2000/01,Finland,OO,I,0.0
2000/01,Finland,TO,C,1.8
2000/01,Finland,TO,E,0.1
2000/01,Finland,TO,I,0.0
2000/01,France,OO,C,92.0
2000/01,France,OO,E,1.3
2000/01,France,OO,I,0.2
2000/01,France,OO,P,3.2
2000/01,France,TO,C,39.0
2000/01,France,TO,E,1.4
2000/01,France,TO,I,26.4
2000/01,France,TO,P,1.8
2000/01,Germany,OO,C,36.3
2000/01,Germany,OO,E,0.2
2000/01,Germany,OO,I,0.1
2000/01,Germany,TO,C,35.0
2000/01,Germany,TO,E,0.6
2000/01,Germany,TO,I,12.1
2000/01,Greece,OO,C,270.0
2000/01,Greece,OO,E,10.0
2000/01,Greece,OO,I,0.0
2000/01,Greece,OO,P,430.0
2000/01,Greece,TO,C,25.0
2000/01,Greece,TO,E,31.0
2000/01,Greece,TO,I,0.0
2000/01,Greece,TO,P,85.0
2000/01,Ireland,OO,C,1.6
2000/01,Ireland,OO,E,0.0
2000/01,Ireland,OO,I,0.0
2000/01,Ireland,TO,C,0.8
2000/01,Ireland,TO,E,0.0
2000/01,Ireland,TO,I,0.0
2000/01,Italy,OO,C,729.0
2000/01,Italy,OO,E,173.0
2000/01,Italy,OO,I,110.8
2000/01,Italy,OO,P,509.0
2000/01,Italy,TO,C,145.0
2000/01,Italy,TO,E,1.3
2000/01,Italy,TO,I,3.8
2000/01,Italy,TO,P,65.0
2000/01,Luxembourg,OO,C,0.7
2000/01,Luxembourg,OO,E,0.0
2000/01,Luxembourg,OO,I,0.0
2000/01,Luxembourg,TO,C,0.2
2000/01,Luxembourg,TO,E,0.0
2000/01,Luxembourg,TO,I,0.0
2000/01,Netherlands,OO,C,5.8
2000/01,Netherlands,OO,E,0.0
2000/01,Netherlands,OO,I,0.2
2000/01,Netherlands,TO,C,4.8
2000/01,Netherlands,TO,E,0.4
2000/01,Netherlands,TO,I,3.0
2000/01,Portugal,OO,C,60.5
2000/01,Portugal,OO,E,17.3
2000/01,Portugal,OO,I,0.0
2000/01,Portugal,OO,P,24.6
2000/01,Portugal,TO,C,12.9
2000/01,Portugal,TO,E,5.0
2000/01,Portugal,TO,I,0.0
2000/01,Portugal,TO,P,8.7
2000/01,Spain,OO,C,580.8
2000/01,Spain,OO,E,88.3
2000/01,Spain,OO,I,15.8
2000/01,Spain,OO,P,973.7
2000/01,Spain,TO,C,163.6
2000/01,Spain,TO,E,165.7
2000/01,Spain,TO,I,1.9
2000/01,Spain,TO,P,415.8
2000/01,Sweden,OO,C,4.7
2000/01,Sweden,OO,E,0.0
2000/01,Sweden,OO,I,0.0
2000/01,Sweden,TO,C,5.7
2000/01,Sweden,TO,E,0.0
2000/01,Sweden,TO,I,0.6
2000/01,United King.,OO,C,33.8
2000/01,United King.,OO,E,0.8
2000/01,United King.,OO,I,0.0
2000/01,United King.,TO,C,13.8
2000/01,United King.,TO,E,0.0
2000/01,United King.,TO,I,2.8
2001/02,Austria,OO,C,3.9
2001/02,Austria,OO,E,0.0
2001/02,Austria,OO,I,0.0
2001/02,Austria,TO,C,2.8
2001/02,Austria,TO,E,0.0
2001/02,Austria,TO,I,0.3
2001/02,Belgium,OO,C,12.7
2001/02,Belgium,OO,E,0.0
2001/02,Belgium,OO,I,0.0
2001/02,Belgium,TO,C,7.4
2001/02,Belgium,TO,E,0.2
2001/02,Belgium,TO,I,5.6
2001/02,Denmark,OO,C,2.7
2001/02,Denmark,OO,E,0.0
2001/02,Denmark,OO,I,0.0
2001/02,Denmark,TO,C,2.5
2001/02,Denmark,TO,E,0.1
2001/02,Denmark,TO,I,0.3
2001/02,Finland,OO,C,0.9
2001/02,Finland,OO,E,0.0
2001/02,Finland,OO,I,0.0
2001/02,Finland,TO,C,2.4
2001/02,Finland,TO,E,0.1
2001/02,Finland,TO,I,0.1
2001/02,France,OO,C,95.1
2001/02,France,OO,E,1.0
2001/02,France,OO,I,0.1
2001/02,France,OO,P,3.6
2001/02,France,TO,C,39.0
2001/02,France,TO,E,1.5
2001/02,France,TO,I,23.4
2001/02,France,TO,P,2.0
2001/02,Germany,OO,C,38.6
2001/02,Germany,OO,E,0.2
2001/02,Germany,OO,I,0.0
2001/02,Germany,TO,C,36.5
2001/02,Germany,TO,E,0.6
2001/02,Germany,TO,I,13.3
2001/02,Greece,OO,C,270.0
2001/02,Greece,OO,E,10.0
2001/02,Greece,OO,I,0.0
2001/02,Greece,OO,P,358.3
2001/02,Greece,TO,C,29.5
2001/02,Greece,TO,E,34.0
2001/02,Greece,TO,I,1.5
2001/02,Greece,TO,P,115.0
2001/02,Ireland,OO,C,2.2
2001/02,Ireland,OO,E,0.0
2001/02,Ireland,OO,I,0.0
2001/02,Ireland,TO,C,0.4
2001/02,Ireland,TO,E,0.0
2001/02,Ireland,TO,I,0.0
2001/02,Italy,OO,C,735.0
2001/02,Italy,OO,E,182.9
2001/02,Italy,OO,I,40.7
2001/02,Italy,OO,P,656.7
2001/02,Italy,TO,C,150.0
2001/02,Italy,TO,E,2.0
2001/02,Italy,TO,I,5.9
2001/02,Italy,TO,P,60.0
2001/02,Luxembourg,OO,C,0.7
2001/02,Luxembourg,OO,E,0.0
2001/02,Luxembourg,OO,I,0.0
2001/02,Luxembourg,TO,C,0.3
2001/02,Luxembourg,TO,E,0.0
2001/02,Luxembourg,TO,I,0.0
2001/02,Netherlands,OO,C,9.1
2001/02,Netherlands,OO,E,0.0
2001/02,Netherlands,OO,I,0.0
2001/02,Netherlands,TO,C,4.7
2001/02,Netherlands,TO,E,0.3
2001/02,Netherlands,TO,I,2.3
2001/02,Portugal,OO,C,61.5
2001/02,Portugal,OO,E,16.2
2001/02,Portugal,OO,I,0.0
2001/02,Portugal,OO,P,33.7
2001/02,Portugal,TO,C,14.1
2001/02,Portugal,TO,E,3.1
2001/02,Portugal,TO,I,0.0
2001/02,Portugal,TO,P,12.0
2001/02,Spain,OO,C,631.2
2001/02,Spain,OO,E,112.5
2001/02,Spain,OO,I,1.6
2001/02,Spain,OO,P,1411.4
2001/02,Spain,TO,C,215.6
2001/02,Spain,TO,E,172.0
2001/02,Spain,TO,I,1.0
2001/02,Spain,TO,P,575.4
2001/02,Sweden,OO,C,5.3
2001/02,Sweden,OO,E,0.0
2001/02,Sweden,OO,I,0.0
2001/02,Sweden,TO,C,6.7
2001/02,Sweden,TO,E,0.1
2001/02,Sweden,TO,I,0.4
2001/02,United King.,OO,C,25.5
2001/02,United King.,OO,E,1.5
2001/02,United King.,OO,I,0.0
2001/02,United King.,TO,C,13.0
2001/02,United King.,TO,E,0.0
2001/02,United King.,TO,I,3.7
2002/03,Austria,OO,C,4.6
2002/03,Austria,OO,E,0.0
2002/03,Austria,OO,I,0.0
2002/03,Austria,TO,C,3.2
2002/03,Austria,TO,E,0.0
2002/03,Austria,TO,I,0.4
2002/03,Belgium,OO,C,11.8
2002/03,Belgium,OO,E,0.1
2002/03,Belgium,OO,I,0.0
2002/03,Belgium,TO,C,8.6
2002/03,Belgium,TO,E,0.1
2002/03,Belgium,TO,I,6.5
2002/03,Denmark,OO,C,3.1
2002/03,Denmark,OO,E,0.0
2002/03,Denmark,OO,I,0.0
2002/03,Denmark,TO,C,3.6
2002/03,Denmark,TO,E,0.0
2002/03,Denmark,TO,I,0.3
2002/03,Finland,OO,C,1.2
2002/03,Finland,OO,E,0.1
2002/03,Finland,OO,I,0.0
2002/03,Finland,TO,C,2.2
2002/03,Finland,TO,E,0.7
2002/03,Finland,TO,I,0.1
2002/03,France,OO,C,97.0
2002/03,France,OO,E,1.3
2002/03,France,OO,I,0.4
2002/03,France,OO,P,4.7
2002/03,France,TO,C,62.0
2002/03,France,TO,E,2.3
2002/03,France,TO,I,34.8
2002/03,France,TO,P,2.0
2002/03,Germany,OO,C,40.0
2002/03,Germany,OO,E,0.2
2002/03,Germany,OO,I,0.1
2002/03,Germany,TO,C,37.4
2002/03,Germany,TO,E,0.4
2002/03,Germany,TO,I,12.3
2002/03,Greece,OO,C,270.0
2002/03,Greece,OO,E,15.0
2002/03,Greece,OO,I,0.0
2002/03,Greece,OO,P,414.0
2002/03,Greece,TO,C,33.0
2002/03,Greece,TO,E,30.0
2002/03,Greece,TO,I,2.0
2002/03,Greece,TO,P,117.0
2002/03,Ireland,OO,C,2.4
2002/03,Ireland,OO,E,0.0
2002/03,Ireland,OO,I,0.0
2002/03,Ireland,TO,C,0.3
2002/03,Ireland,TO,E,0.0
2002/03,Ireland,TO,I,0.0
2002/03,Italy,OO,C,770.0
2002/03,Italy,OO,E,176.1
2002/03,Italy,OO,I,74.3
2002/03,Italy,OO,P,634.0
2002/03,Italy,TO,C,150.0
2002/03,Italy,TO,E,1.9
2002/03,Italy,TO,I,5.6
2002/03,Italy,TO,P,66.0
2002/03,Luxembourg,OO,C,0.7
2002/03,Luxembourg,OO,E,0.0
2002/03,Luxembourg,OO,I,0.0
2002/03,Luxembourg,TO,C,0.4
2002/03,Luxembourg,TO,E,0.0
2002/03,Luxembourg,TO,I,0.0
2002/03,Netherlands,OO,C,9.3
2002/03,Netherlands,OO,E,0.0
2002/03,Netherlands,OO,I,0.1
2002/03,Netherlands,TO,C,5.9
2002/03,Netherlands,TO,E,0.4
2002/03,Netherlands,TO,I,3.5
2002/03,Portugal,OO,C,64.9
2002/03,Portugal,OO,E,13.1
2002/03,Portugal,OO,I,0.2
2002/03,Portugal,OO,P,28.9
2002/03,Portugal,TO,C,13.8
2002/03,Portugal,TO,E,4.1
2002/03,Portugal,TO,I,0.0
2002/03,Portugal,TO,P,11.0
2002/03,Spain,OO,C,591.3
2002/03,Spain,OO,E,107.0
2002/03,Spain,OO,I,18.2
2002/03,Spain,OO,P,861.1
2002/03,Spain,TO,C,192.7
2002/03,Spain,TO,E,188.8
2002/03,Spain,TO,I,2.1
2002/03,Spain,TO,P,448.3
2002/03,Sweden,OO,C,5.3
2002/03,Sweden,OO,E,0.2
2002/03,Sweden,OO,I,0.0
2002/03,Sweden,TO,C,7.1
2002/03,Sweden,TO,E,0.1
2002/03,Sweden,TO,I,0.7
2002/03,United King.,OO,C,47.0
2002/03,United King.,OO,E,0.5
2002/03,United King.,OO,I,0.0
2002/03,United King.,TO,C,18.1
2002/03,United King.,TO,E,0.0
2002/03,United King.,TO,I,4.6
2003/04,Austria,OO,C,6.0
2003/04,Austria,OO,E,0.0
2003/04,Austria,OO,I,0.0
2003/04,Austria,TO,C,4.1
2003/04,Austria,TO,E,0.0
2003/04,Austria,TO,I,0.7
2003/04,Belgium,OO,C,11.4
2003/04,Belgium,OO,E,0.1
2003/04,Belgium,OO,I,0.1
2003/04,Belgium,TO,C,10.0
2003/04,Belgium,TO,E,0.2
2003/04,Belgium,TO,I,6.8
2003/04,Cyprus,OO,C,6.8
2003/04,Cyprus,OO,E,0.0
2003/04,Cyprus,OO,I,0.0
2003/04,Cyprus,OO,P,7.0
2003/04,Cyprus,TO,C,9.4
2003/04,Cyprus,TO,E,0.0
2003/04,Cyprus,TO,I,0.0
2003/04,Cyprus,TO,P,9.1
2003/04,Czech. Rep.,OO,C,2.7
2003/04,Czech. Rep.,OO,E,0.0
2003/04,Czech. Rep.,OO,I,0.0
2003/04,Czech. Rep.,TO,C,2.4
2003/04,Czech. Rep.,TO,E,0.0
2003/04,Czech. Rep.,TO,I,0.0
2003/04,Denmark,OO,C,3.1
2003/04,Denmark,OO,E,0.0
2003/04,Denmark,OO,I,0.0
2003/04,Denmark,TO,C,3.6
2003/04,Denmark,TO,E,0.1
2003/04,Denmark,TO,I,0.3
2003/04,Estonia,OO,C,0.1
2003/04,Estonia,OO,E,0.0
2003/04,Estonia,OO,I,0.0
2003/04,Estonia,TO,C,4.0
2003/04,Estonia,TO,E,0.1
2003/04,Estonia,TO,I,0.0
2003/04,Finland,OO,C,1.3
2003/04,Finland,OO,E,0.1
2003/04,Finland,OO,I,0.0
2003/04,Finland,TO,C,2.3
2003/04,Finland,TO,E,0.8
2003/04,Finland,TO,I,0.0
2003/04,France,OO,C,94.0
2003/04,France,OO,E,1.3
2003/04,France,OO,I,0.2
2003/04,France,OO,P,4.6
2003/04,France,TO,C,44.9
2003/04,France,TO,E,1.4
2003/04,France,TO,I,25.7
2003/04,France,TO,P,2.0
2003/04,Germany,OO,C,38.5
2003/04,Germany,OO,E,0.2
2003/04,Germany,OO,I,0.1
2003/04,Germany,TO,C,39.5
2003/04,Germany,TO,E,0.4
2003/04,Germany,TO,I,13.0
2003/04,Greece,OO,C,270.0
2003/04,Greece,OO,E,10.0
2003/04,Greece,OO,I,0.0
2003/04,Greece,OO,P,308.0
2003/04,Greece,TO,C,30.0
2003/04,Greece,TO,E,28.0
2003/04,Greece,TO,I,4.0
2003/04,Greece,TO,P,92.0
2003/04,Hungary,OO,C,1.1
2003/04,Hungary,OO,E,0.1
2003/04,Hungary,OO,I,0.0
2003/04,Hungary,TO,C,0.9
2003/04,Hungary,TO,E,0.0
2003/04,Hungary,TO,I,0.0
2003/04,Ireland,OO,C,2.3
2003/04,Ireland,OO,E,0.0
2003/04,Ireland,OO,I,0.0
2003/04,Ireland,TO,C,0.5
2003/04,Ireland,TO,E,0.0
2003/04,Ireland,TO,I,0.0
2003/04,Italy,OO,C,785.0
2003/04,Italy,OO,E,181.5
2003/04,Italy,OO,I,180.2
2003/04,Italy,OO,P,685.0
2003/04,Italy,TO,C,150.0
2003/04,Italy,TO,E,2.0
2003/04,Italy,TO,I,8.8
2003/04,Italy,TO,P,65.0
2003/04,Latvia,OO,C,0.6
2003/04,Latvia,OO,E,0.0
2003/04,Latvia,OO,I,0.0
2003/04,Latvia,TO,C,0.4
2003/04,Latvia,TO,E,0.0
2003/04,Latvia,TO,I,0.0
2003/04,Lithuania,OO,C,0.2
2003/04,Lithuania,OO,E,0.0
2003/04,Lithuania,OO,I,0.0
2003/04,Lithuania,TO,C,0.4
2003/04,Lithuania,TO,E,0.0
2003/04,Lithuania,TO,I,0.0
2003/04,Luxembourg,OO,C,0.8
2003/04,Luxembourg,OO,E,0.0
2003/04,Luxembourg,OO,I,0.0
2003/04,Luxembourg,TO,C,0.5
2003/04,Luxembourg,TO,E,0.0
2003/04,Luxembourg,TO,I,0.0
2003/04,Malta,OO,C,0.5
2003/04,Malta,OO,E,0.0
2003/04,Malta,OO,I,0.0
2003/04,Malta,TO,C,0.8
2003/04,Malta,TO,E,0.0
2003/04,Malta,TO,I,0.0
2003/04,Netherlands,OO,C,11.1
2003/04,Netherlands,OO,E,0.0
2003/04,Netherlands,OO,I,0.2
2003/04,Netherlands,TO,C,8.5
2003/04,Netherlands,TO,E,0.2
2003/04,Netherlands,TO,I,3.8
2003/04,Poland,OO,C,3.2
2003/04,Poland,OO,E,0.3
2003/04,Poland,OO,I,0.0
2003/04,Poland,TO,C,8.1
2003/04,Poland,TO,E,0.0
2003/04,Poland,TO,I,0.0
2003/04,Portugal,OO,C,67.0
2003/04,Portugal,OO,E,15.9
2003/04,Portugal,OO,I,1.4
2003/04,Portugal,OO,P,31.2
2003/04,Portugal,TO,C,17.1
2003/04,Portugal,TO,E,5.6
2003/04,Portugal,TO,I,0.1
2003/04,Portugal,TO,P,11.3
2003/04,Slovakia,OO,C,0.3
2003/04,Slovakia,OO,E,0.0
2003/04,Slovakia,OO,I,0.0
2003/04,Slovakia,TO,C,0.5
2003/04,Slovakia,TO,E,0.0
2003/04,Slovakia,TO,I,0.0
2003/04,Slovenia,OO,C,2.0
2003/04,Slovenia,OO,E,0.0
2003/04,Slovenia,OO,I,0.1
2003/04,Slovenia,OO,P,0.2
2003/04,Slovenia,TO,C,0.6
2003/04,Slovenia,TO,E,0.0
2003/04,Slovenia,TO,I,0.1
2003/04,Spain,OO,C,613.9
2003/04,Spain,OO,E,114.2
2003/04,Spain,OO,I,49.4
2003/04,Spain,OO,P,1412.0
2003/04,Spain,TO,C,205.0
2003/04,Spain,TO,E,169.7
2003/04,Spain,TO,I,2.7
2003/04,Spain,TO,P,579.4
2003/04,Sweden,OO,C,3.8
2003/04,Sweden,OO,E,0.1
2003/04,Sweden,OO,I,0.0
2003/04,Sweden,TO,C,7.9
2003/04,Sweden,TO,E,0.1
2003/04,Sweden,TO,I,0.5
2003/04,United King.,OO,C,71.6
2003/04,United King.,OO,E,0.6
2003/04,United King.,OO,I,0.1
2003/04,United King.,TO,C,21.1
2003/04,United King.,TO,E,0.0
2003/04,United King.,TO,I,3.9
2004/05,Austria,OO,C,7.3
2004/05,Austria,OO,E,0.0
2004/05,Austria,OO,I,0.0
2004/05,Austria,TO,C,3.7
2004/05,Austria,TO,E,0.0
2004/05,Austria,TO,I,0.6
2004/05,Belgium,OO,C,12.3
2004/05,Belgium,OO,E,0.2
2004/05,Belgium,OO,I,0.1
2004/05,Belgium,TO,C,7.4
2004/05,Belgium,TO,E,0.2
2004/05,Belgium,TO,I,5.1
2004/05,Cyprus,OO,C,6.6
2004/05,Cyprus,OO,E,0.0
2004/05,Cyprus,OO,I,0.0
2004/05,Cyprus,OO,P,7.5
2004/05,Cyprus,TO,C,10.3
2004/05,Cyprus,TO,E,0.0
2004/05,Cyprus,TO,I,0.0
2004/05,Cyprus,TO,P,10.1
2004/05,Czech. Rep.,OO,C,3.2
2004/05,Czech. Rep.,OO,E,0.0
2004/05,Czech. Rep.,OO,I,0.0
2004/05,Czech. Rep.,TO,C,2.2
2004/05,Czech. Rep.,TO,E,0.0
2004/05,Czech. Rep.,TO,I,0.0
2004/05,Denmark,OO,C,2.9
2004/05,Denmark,OO,E,0.0
2004/05,Denmark,OO,I,0.0
2004/05,Denmark,TO,C,2.9
2004/05,Denmark,TO,E,0.1
2004/05,Denmark,TO,I,0.3
2004/05,Estonia,OO,C,0.2
2004/05,Estonia,OO,E,0.0
2004/05,Estonia,OO,I,0.0
2004/05,Estonia,TO,C,0.2
2004/05,Estonia,TO,E,0.1
2004/05,Estonia,TO,I,0.0
2004/05,Finland,OO,C,1.4
2004/05,Finland,OO,E,0.0
2004/05,Finland,OO,I,0.0
2004/05,Finland,TO,C,3.0
2004/05,Finland,TO,E,0.0
2004/05,Finland,TO,I,0.0
2004/05,France,OO,C,97.1
2004/05,France,OO,E,0.0
2004/05,France,OO,I,0.4
2004/05,France,OO,P,4.7
2004/05,France,TO,C,53.9
2004/05,France,TO,E,1.9
2004/05,France,TO,I,30.5
2004/05,France,TO,P,2.0
2004/05,Germany,OO,C,46.3
2004/05,Germany,OO,E,0.4
2004/05,Germany,OO,I,0.3
2004/05,Germany,TO,C,41.4
2004/05,Germany,TO,E,0.6
2004/05,Germany,TO,I,12.7
2004/05,Greece,OO,C,283.0
2004/05,Greece,OO,E,10.0
2004/05,Greece,OO,I,0.0
2004/05,Greece,OO,P,435.0
2004/05,Greece,TO,C,43.0
2004/05,Greece,TO,E,38.0
2004/05,Greece,TO,I,9.0
2004/05,Greece,TO,P,115.0
2004/05,Hungary,OO,C,1.2
2004/05,Hungary,OO,E,0.1
2004/05,Hungary,OO,I,0.0
2004/05,Hungary,TO,C,0.2
2004/05,Hungary,TO,E,0.8
2004/05,Hungary,TO,I,0.0
2004/05,Ireland,OO,C,2.0
2004/05,Ireland,OO,E,0.0
2004/05,Ireland,OO,I,0.0
2004/05,Ireland,TO,C,0.4
2004/05,Ireland,TO,E,0.0
2004/05,Ireland,TO,I,0.0
2004/05,Italy,OO,C,840.0
2004/05,Italy,OO,E,191.5
2004/05,Italy,OO,I,144.0
2004/05,Italy,OO,P,879.0
2004/05,Italy,TO,C,147.2
2004/05,Italy,TO,E,2.1
2004/05,Italy,TO,I,7.5
2004/05,Italy,TO,P,63.4
2004/05,Latvia,OO,C,0.5
2004/05,Latvia,OO,E,0.0
2004/05,Latvia,OO,I,0.0
2004/05,Latvia,TO,C,0.7
2004/05,Latvia,TO,E,0.0
2004/05,Latvia,TO,I,0.0
2004/05,Lithuania,OO,C,0.2
2004/05,Lithuania,OO,E,0.0
2004/05,Lithuania,OO,I,0.0
2004/05,Lithuania,TO,C,0.9
2004/05,Lithuania,TO,E,0.0
2004/05,Lithuania,TO,I,0.0
2004/05,Luxembourg,OO,C,0.9
2004/05,Luxembourg,OO,E,0.0
2004/05,Luxembourg,OO,I,0.0
2004/05,Luxembourg,TO,C,1.8
2004/05,Luxembourg,TO,E,0.0
2004/05,Luxembourg,TO,I,0.0
2004/05,Malta,OO,C,0.5
2004/05,Malta,OO,E,0.0
2004/05,Malta,OO,I,0.0
2004/05,Malta,TO,C,1.0
2004/05,Malta,TO,E,0.0
2004/05,Malta,TO,I,0.0
2004/05,Netherlands,OO,C,13.4
2004/05,Netherlands,OO,E,0.0
2004/05,Netherlands,OO,I,0.2
2004/05,Netherlands,TO,C,8.7
2004/05,Netherlands,TO,E,0.2
2004/05,Netherlands,TO,I,3.9
2004/05,Poland,OO,C,3.3
2004/05,Poland,OO,E,0.1
2004/05,Poland,OO,I,0.0
2004/05,Poland,TO,C,6.4
2004/05,Poland,TO,E,3.2
2004/05,Poland,TO,I,0.1
2004/05,Portugal,OO,C,74.5
2004/05,Portugal,OO,E,16.6
2004/05,Portugal,OO,I,1.8
2004/05,Portugal,OO,P,41.2
2004/05,Portugal,TO,C,12.7
2004/05,Portugal,TO,E,5.3
2004/05,Portugal,TO,I,0.4
2004/05,Portugal,TO,P,11.4
2004/05,Slovakia,OO,C,0.9
2004/05,Slovakia,OO,E,0.0
2004/05,Slovakia,OO,I,0.0
2004/05,Slovakia,TO,C,1.1
2004/05,Slovakia,TO,E,0.0
2004/05,Slovakia,TO,I,0.0
2004/05,Slovenia,OO,C,1.1
2004/05,Slovenia,OO,E,0.0
2004/05,Slovenia,OO,I,0.1
2004/05,Slovenia,OO,P,0.0
2004/05,Slovenia,TO,C,0.1
2004/05,Slovenia,TO,E,0.3
2004/05,Slovenia,TO,I,0.1
2004/05,Spain,OO,C,615.7
2004/05,Spain,OO,E,110.9
2004/05,Spain,OO,I,39.2
2004/05,Spain,OO,P,989.8
2004/05,Spain,TO,C,167.4
2004/05,Spain,TO,E,184.1
2004/05,Spain,TO,I,3.2
2004/05,Spain,TO,P,537.5
2004/05,Sweden,OO,C,4.3
2004/05,Sweden,OO,E,0.1
2004/05,Sweden,OO,I,0.0
2004/05,Sweden,TO,C,7.5
2004/05,Sweden,TO,E,0.1
2004/05,Sweden,TO,I,0.6
2004/05,United King.,OO,C,60.1
2004/05,United King.,OO,E,0.6
2004/05,United King.,OO,I,0.1
2004/05,United King.,TO,C,23.6
2004/05,United King.,TO,E,0.1
2004/05,United King.,TO,I,5.2
2005/06,Austria,OO,C,7.0
2005/06,Austria,OO,E,0.0
2005/06,Austria,OO,I,0.0
2005/06,Austria,TO,C,4.5
2005/06,Austria,TO,E,0.2
2005/06,Austria,TO,I,1.3
2005/06,Belgium,OO,C,11.7
2005/06,Belgium,OO,E,0.3
2005/06,Belgium,OO,I,0.1
2005/06,Belgium,TO,C,7.3
2005/06,Belgium,TO,E,0.3
2005/06,Belgium,TO,I,4.8
2005/06,Cyprus,OO,C,7.4
2005/06,Cyprus,OO,E,0.0
2005/06,Cyprus,OO,I,0.0
2005/06,Cyprus,OO,P,7.2
2005/06,Cyprus,TO,C,8.0
2005/06,Cyprus,TO,E,0.0
2005/06,Cyprus,TO,I,0.1
2005/06,Cyprus,TO,P,7.5
2005/06,Czech. Rep.,OO,C,2.8
2005/06,Czech. Rep.,OO,E,0.0
2005/06,Czech. Rep.,OO,I,0.0
2005/06,Czech. Rep.,TO,C,3.3
2005/06,Czech. Rep.,TO,E,0.0
2005/06,Czech. Rep.,TO,I,0.0
2005/06,Denmark,OO,C,1.9
2005/06,Denmark,OO,E,0.0
2005/06,Denmark,OO,I,0.0
2005/06,Denmark,TO,C,2.9
2005/06,Denmark,TO,E,0.0
2005/06,Denmark,TO,I,0.3
2005/06,Estonia,OO,C,0.1
2005/06,Estonia,OO,E,0.0
2005/06,Estonia,OO,I,0.0
2005/06,Estonia,TO,C,0.1
2005/06,Estonia,TO,E,0.1
2005/06,Estonia,TO,I,0.0
2005/06,Finland,OO,C,1.2
2005/06,Finland,OO,E,0.0
2005/06,Finland,OO,I,0.0
2005/06,Finland,TO,C,2.2
2005/06,Finland,TO,E,0.0
2005/06,Finland,TO,I,0.0
2005/06,France,OO,C,99.5
2005/06,France,OO,E,1.3
2005/06,France,OO,I,1.2
2005/06,France,OO,P,4.4
2005/06,France,TO,C,53.9
2005/06,France,TO,E,2.1
2005/06,France,TO,I,30.5
2005/06,France,TO,P,1.2
2005/06,Germany,OO,C,45.3
2005/06,Germany,OO,E,0.7
2005/06,Germany,OO,I,0.2
2005/06,Germany,TO,C,40.0
2005/06,Germany,TO,E,1.2
2005/06,Germany,TO,I,12.8
2005/06,Greece,OO,C,265.0
2005/06,Greece,OO,E,10.0
2005/06,Greece,OO,I,0.0
2005/06,Greece,OO,P,424.0
2005/06,Greece,TO,C,28.0
2005/06,Greece,TO,E,51.0
2005/06,Greece,TO,I,0.5
2005/06,Greece,TO,P,125.5
2005/06,Hungary,OO,C,1.2
2005/06,Hungary,OO,E,0.1
2005/06,Hungary,OO,I,0.0
2005/06,Hungary,TO,C,0.3
2005/06,Hungary,TO,E,0.0
2005/06,Hungary,TO,I,0.0
2005/06,Ireland,OO,C,2.7
2005/06,Ireland,OO,E,0.0
2005/06,Ireland,OO,I,0.0
2005/06,Ireland,TO,C,0.5
2005/06,Ireland,TO,E,0.0
2005/06,Ireland,TO,I,0.0
2005/06,Italy,OO,C,848.2
2005/06,Italy,OO,E,181.7
2005/06,Italy,OO,I,135.6
2005/06,Italy,OO,P,636.5
2005/06,Italy,TO,C,139.0
2005/06,Italy,TO,E,2.3
2005/06,Italy,TO,I,7.2
2005/06,Italy,TO,P,61.0
2005/06,Latvia,OO,C,0.5
2005/06,Latvia,OO,E,0.0
2005/06,Latvia,OO,I,0.0
2005/06,Latvia,TO,C,0.5
2005/06,Latvia,TO,E,0.0
2005/06,Latvia,TO,I,0.0
2005/06,Lithuania,OO,C,0.2
2005/06,Lithuania,OO,E,0.0
2005/06,Lithuania,OO,I,0.0
2005/06,Lithuania,TO,C,1.1
2005/06,Lithuania,TO,E,0.0
2005/06,Lithuania,TO,I,0.0
2005/06,Luxembourg,OO,C,0.8
2005/06,Luxembourg,OO,E,0.0
2005/06,Luxembourg,OO,I,0.0
2005/06,Luxembourg,TO,C,1.6
2005/06,Luxembourg,TO,E,0.0
2005/06,Luxembourg,TO,I,0.0
2005/06,Malta,OO,C,0.5
2005/06,Malta,OO,E,0.0
2005/06,Malta,OO,I,0.0
2005/06,Malta,TO,C,0.9
2005/06,Malta,TO,E,0.0
2005/06,Malta,TO,I,0.0
2005/06,Netherlands,OO,C,14.2
2005/06,Netherlands,OO,E,0.0
2005/06,Netherlands,OO,I,0.2
2005/06,Netherlands,TO,C,5.5
2005/06,Netherlands,TO,E,0.3
2005/06,Netherlands,TO,I,4.0
2005/06,Poland,OO,C,3.2
2005/06,Poland,OO,E,0.0
2005/06,Poland,OO,I,0.0
2005/06,Poland,TO,C,3.4
2005/06,Poland,TO,E,2.2
2005/06,Poland,TO,I,0.0
2005/06,Portugal,OO,C,71.6
2005/06,Portugal,OO,E,16.7
2005/06,Portugal,OO,I,3.2
2005/06,Portugal,OO,P,29.1
2005/06,Portugal,TO,C,9.4
2005/06,Portugal,TO,E,6.5
2005/06,Portugal,TO,I,0.7
2005/06,Portugal,TO,P,8.0
2005/06,Slovakia,OO,C,0.5
2005/06,Slovakia,OO,E,0.0
2005/06,Slovakia,OO,I,0.0
2005/06,Slovakia,TO,C,1.2
2005/06,Slovakia,TO,E,0.0
2005/06,Slovakia,TO,I,0.0
2005/06,Slovenia,OO,C,1.5
2005/06,Slovenia,OO,E,0.0
2005/06,Slovenia,OO,I,0.1
2005/06,Slovenia,OO,P,0.5
2005/06,Slovenia,TO,C,0.4
2005/06,Slovenia,TO,E,0.0
2005/06,Slovenia,TO,I,0.0
2005/06,Spain,OO,C,477.8
2005/06,Spain,OO,E,99.0
2005/06,Spain,OO,I,48.0
2005/06,Spain,OO,P,826.9
2005/06,Spain,TO,C,214.1
2005/06,Spain,TO,E,187.4
2005/06,Spain,TO,I,15.8
2005/06,Spain,TO,P,420.3
2005/06,Sweden,OO,C,4.3
2005/06,Sweden,OO,E,0.1
2005/06,Sweden,OO,I,0.0
2005/06,Sweden,TO,C,9.7
2005/06,Sweden,TO,E,0.2
2005/06,Sweden,TO,I,0.7
2005/06,United King.,OO,C,48.8
2005/06,United King.,OO,E,0.7
2005/06,United King.,OO,I,0.1
2005/06,United King.,TO,C,26.8
2005/06,United King.,TO,E,0.1
2005/06,United King.,TO,I,4.8
2006/07,Austria,OO,C,7.9
2006/07,Austria,OO,E,0.2
2006/07,Austria,OO,I,0.0
2006/07,Austria,TO,C,2.9
2006/07,Austria,TO,E,0.1
2006/07,Austria,TO,I,0.3
2006/07,Belgium,OO,C,6.2
2006/07,Belgium,OO,E,0.3
2006/07,Belgium,OO,I,0.2
2006/07,Belgium,TO,C,7.7
2006/07,Belgium,TO,E,0.3
2006/07,Belgium,TO,I,5.0
2006/07,Bulgaria,OO,C,0.6
2006/07,Bulgaria,OO,E,0.0
2006/07,Bulgaria,OO,I,0.0
2006/07,Bulgaria,TO,C,9.3
2006/07,Bulgaria,TO,E,0.0
2006/07,Bulgaria,TO,I,6.4
2006/07,Cyprus,OO,C,8.2
2006/07,Cyprus,OO,E,0.0
2006/07,Cyprus,OO,I,0.0
2006/07,Cyprus,OO,P,8.3
2006/07,Cyprus,TO,C,6.2
2006/07,Cyprus,TO,E,0.0
2006/07,Cyprus,TO,I,0.0
2006/07,Cyprus,TO,P,6.1
2006/07,Czech. Rep.,OO,C,3.1
2006/07,Czech. Rep.,OO,E,0.0
2006/07,Czech. Rep.,OO,I,0.0
2006/07,Czech. Rep.,TO,C,0.4
2006/07,Czech. Rep.,TO,E,0.0
2006/07,Czech. Rep.,TO,I,0.0
2006/07,Denmark,OO,C,3.5
2006/07,Denmark,OO,E,0.1
2006/07,Denmark,OO,I,0.0
2006/07,Denmark,TO,C,3.6
2006/07,Denmark,TO,E,0.0
2006/07,Denmark,TO,I,0.2
2006/07,Estonia,OO,C,0.2
2006/07,Estonia,OO,E,0.0
2006/07,Estonia,OO,I,0.0
2006/07,Estonia,TO,C,0.4
2006/07,Estonia,TO,E,0.1
2006/07,Estonia,TO,I,0.0
2006/07,Finland,OO,C,1.7
2006/07,Finland,OO,E,0.0
2006/07,Finland,OO,I,0.0
2006/07,Finland,TO,C,3.1
2006/07,Finland,TO,E,0.0
2006/07,Finland,TO,I,0.0
2006/07,France,OO,C,101.8
2006/07,France,OO,E,1.6
2006/07,France,OO,I,2.5
2006/07,France,OO,P,3.3
2006/07,France,TO,C,55.1
2006/07,France,TO,E,2.1
2006/07,France,TO,I,27.3
2006/07,France,TO,P,1.5
2006/07,Germany,OO,C,48.3
2006/07,Germany,OO,E,0.9
2006/07,Germany,OO,I,0.0
2006/07,Germany,TO,C,48.9
2006/07,Germany,TO,E,2.6
2006/07,Germany,TO,I,14.5
2006/07,Greece,OO,C,269.5
2006/07,Greece,OO,E,12.8
2006/07,Greece,OO,I,0.0
2006/07,Greece,OO,P,370.0
2006/07,Greece,TO,C,26.0
2006/07,Greece,TO,E,39.0
2006/07,Greece,TO,I,0.0
2006/07,Greece,TO,P,108.0
2006/07,Hungary,OO,C,1.7
2006/07,Hungary,OO,E,0.0
2006/07,Hungary,OO,I,0.0
2006/07,Hungary,TO,C,0.6
2006/07,Hungary,TO,E,1.0
2006/07,Hungary,TO,I,0.0
2006/07,Ireland,OO,C,7.8
2006/07,Ireland,OO,E,0.0
2006/07,Ireland,OO,I,0.9
2006/07,Ireland,TO,C,0.5
2006/07,Ireland,TO,E,0.0
2006/07,Ireland,TO,I,0.0
2006/07,Italy,OO,C,730.0
2006/07,Italy,OO,E,185.8
2006/07,Italy,OO,I,149.3
2006/07,Italy,OO,P,490.0
2006/07,Italy,TO,C,122.0
2006/07,Italy,TO,E,3.0
2006/07,Italy,TO,I,7.9
2006/07,Italy,TO,P,80.0
2006/07,Latvia,OO,C,0.7
2006/07,Latvia,OO,E,0.0
2006/07,Latvia,OO,I,0.0
2006/07,Latvia,TO,C,0.3
2006/07,Latvia,TO,E,0.0
2006/07,Latvia,TO,I,0.0
2006/07,Lithuania,OO,C,0.2
2006/07,Lithuania,OO,E,0.2
2006/07,Lithuania,OO,I,0.0
2006/07,Lithuania,TO,C,0.3
2006/07,Lithuania,TO,E,0.1
2006/07,Lithuania,TO,I,0.0
2006/07,Luxembourg,OO,C,0.9
2006/07,Luxembourg,OO,E,0.0
2006/07,Luxembourg,OO,I,0.0
2006/07,Luxembourg,TO,C,0.2
2006/07,Luxembourg,TO,E,0.0
2006/07,Luxembourg,TO,I,0.0
2006/07,Malta,OO,C,18.8
2006/07,Malta,OO,E,0.0
2006/07,Malta,OO,I,0.0
2006/07,Malta,TO,C,3.8
2006/07,Malta,TO,E,0.0
2006/07,Malta,TO,I,0.0
2006/07,Netherlands,OO,C,16.1
2006/07,Netherlands,OO,E,0.0
2006/07,Netherlands,OO,I,0.4
2006/07,Netherlands,TO,C,6.3
2006/07,Netherlands,TO,E,0.4
2006/07,Netherlands,TO,I,4.4
2006/07,Poland,OO,C,3.4
2006/07,Poland,OO,E,0.2
2006/07,Poland,OO,I,0.0
2006/07,Poland,TO,C,1.7
2006/07,Poland,TO,E,0.4
2006/07,Poland,TO,I,0.1
2006/07,Portugal,OO,C,76.8
2006/07,Portugal,OO,E,23.2
2006/07,Portugal,OO,I,2.2
2006/07,Portugal,OO,P,47.5
2006/07,Portugal,TO,C,8.8
2006/07,Portugal,TO,E,18.5
2006/07,Portugal,TO,I,0.4
2006/07,Portugal,TO,P,19.2
2006/07,Romania,OO,C,2.0
2006/07,Romania,OO,I,0.0
2006/07,Romania,TO,C,23.2
2006/07,Romania,TO,E,0.0
2006/07,Romania,TO,I,17.9
2006/07,Slovakia,OO,C,0.7
2006/07,Slovakia,OO,E,0.0
2006/07,Slovakia,OO,I,0.0
2006/07,Slovakia,TO,C,1.2
2006/07,Slovakia,TO,E,0.0
2006/07,Slovakia,TO,I,0.0
2006/07,Slovenia,OO,C,1.5
2006/07,Slovenia,OO,E,0.0
2006/07,Slovenia,OO,I,0.1
2006/07,Slovenia,OO,P,0.3
2006/07,Slovenia,TO,C,1.1
2006/07,Slovenia,TO,E,0.0
2006/07,Slovenia,TO,I,0.3
2006/07,Slovenia,TO,P,0.0
2006/07,Spain,OO,C,538.7
2006/07,Spain,OO,E,124.8
2006/07,Spain,OO,I,67.9
2006/07,Spain,OO,P,1111.4
2006/07,Spain,TO,C,243.8
2006/07,Spain,TO,E,193.0
2006/07,Spain,TO,I,13.0
2006/07,Spain,TO,P,499.7
2006/07,Sweden,OO,C,6.7
2006/07,Sweden,OO,E,0.1
2006/07,Sweden,OO,I,0.0
2006/07,Sweden,TO,C,9.1
2006/07,Sweden,TO,E,0.1
2006/07,Sweden,TO,I,0.9
2006/07,United King.,OO,C,47.6
2006/07,United King.,OO,E,0.7
2006/07,United King.,OO,I,0.2
2006/07,United King.,TO,C,41.6
2006/07,United King.,TO,E,0.1
2006/07,United King.,TO,I,5.8
2007/08,Austria,OO,C,9.5
2007/08,Austria,OO,E,0.3
2007/08,Austria,OO,I,0.1
2007/08,Austria,TO,C,4.4
2007/08,Austria,TO,E,0.1
2007/08,Austria,TO,I,0.5
2007/08,Belgium,OO,C,3.2
2007/08,Belgium,OO,E,0.3
2007/08,Belgium,OO,I,0.1
2007/08,Belgium,TO,C,9.3
2007/08,Belgium,TO,E,0.3
2007/08,Belgium,TO,I,6.0
2007/08,Bulgaria,OO,C,0.7
2007/08,Bulgaria,OO,E,0.0
2007/08,Bulgaria,OO,I,0.0
2007/08,Bulgaria,TO,C,17.8
2007/08,Bulgaria,TO,E,0.0
2007/08,Bulgaria,TO,I,16.4
2007/08,Cyprus,OO,C,4.9
2007/08,Cyprus,OO,E,0.0
2007/08,Cyprus,OO,I,0.0
2007/08,Cyprus,TO,C,5.3
2007/08,Cyprus,TO,E,0.0
2007/08,Cyprus,TO,I,0.0
2007/08,Cyprus,TO,P,4.0
2007/08,Czech. Rep.,OO,C,6.0
2007/08,Czech. Rep.,OO,E,0.0
2007/08,Czech. Rep.,OO,I,0.0
2007/08,Czech. Rep.,TO,C,0.3
2007/08,Czech. Rep.,TO,E,0.0
2007/08,Czech. Rep.,TO,I,0.1
2007/08,Denmark,OO,C,4.3
2007/08,Denmark,OO,E,0.1
2007/08,Denmark,OO,I,0.0
2007/08,Denmark,TO,C,3.7
2007/08,Denmark,TO,E,0.0
2007/08,Denmark,TO,I,0.3
2007/08,Estonia,OO,C,0.2
2007/08,Estonia,OO,E,0.0
2007/08,Estonia,OO,I,0.0
2007/08,Estonia,TO,C,0.2
2007/08,Estonia,TO,E,0.0
2007/08,Estonia,TO,I,0.0
2007/08,Finland,OO,C,1.6
2007/08,Finland,OO,E,0.0
2007/08,Finland,OO,I,0.0
2007/08,Finland,TO,C,0.7
2007/08,Finland,TO,E,0.0
2007/08,Finland,TO,I,0.0
2007/08,France,OO,C,101.6
2007/08,France,OO,E,1.5
2007/08,France,OO,I,3.7
2007/08,France,TO,C,52.7
2007/08,France,TO,E,1.9
2007/08,France,TO,I,28.3
2007/08,France,TO,P,1.5
2007/08,Germany,OO,C,48.0
2007/08,Germany,OO,E,0.8
2007/08,Germany,OO,I,0.3
2007/08,Germany,TO,C,51.6
2007/08,Germany,TO,E,1.6
2007/08,Germany,TO,I,13.4
2007/08,Greece,OO,C,264.0
2007/08,Greece,OO,E,9.8
2007/08,Greece,OO,I,0.0
2007/08,Greece,TO,C,24.0
2007/08,Greece,TO,E,30.0
2007/08,Greece,TO,I,3.0
2007/08,Greece,TO,P,95.0
2007/08,Hungary,OO,C,1.8
2007/08,Hungary,OO,E,0.1
2007/08,Hungary,OO,I,0.0
2007/08,Hungary,TO,C,1.3
2007/08,Hungary,TO,E,1.7
2007/08,Hungary,TO,I,0.0
2007/08,Ireland,OO,C,6.1
2007/08,Ireland,OO,E,0.0
2007/08,Ireland,OO,I,0.0
2007/08,Ireland,TO,C,0.3
2007/08,Ireland,TO,E,0.0
2007/08,Ireland,TO,I,0.0
2007/08,Italy,OO,C,705.0
2007/08,Italy,OO,E,180.2
2007/08,Italy,OO,I,116.6
2007/08,Italy,TO,C,122.0
2007/08,Italy,TO,E,2.6
2007/08,Italy,TO,I,10.7
2007/08,Italy,TO,P,55.7
2007/08,Latvia,OO,C,1.1
2007/08,Latvia,OO,E,0.0
2007/08,Latvia,OO,I,0.0
2007/08,Latvia,TO,C,0.2
2007/08,Latvia,TO,E,0.0
2007/08,Latvia,TO,I,0.0
2007/08,Lithuania,OO,C,0.4
2007/08,Lithuania,OO,E,0.1
2007/08,Lithuania,OO,I,0.0
2007/08,Lithuania,TO,C,0.7
2007/08,Lithuania,TO,E,0.1
2007/08,Lithuania,TO,I,0.0
2007/08,Luxembourg,OO,C,0.8
2007/08,Luxembourg,OO,E,0.0
2007/08,Luxembourg,OO,I,0.0
2007/08,Luxembourg,TO,C,0.2
2007/08,Luxembourg,TO,E,0.0
2007/08,Luxembourg,TO,I,0.0
2007/08,Malta,OO,C,0.5
2007/08,Malta,OO,E,0.0
2007/08,Malta,OO,I,0.0
2007/08,Malta,TO,C,0.9
2007/08,Malta,TO,E,0.0
2007/08,Malta,TO,I,0.0
2007/08,Netherlands,OO,C,12.8
2007/08,Netherlands,OO,E,0.1
2007/08,Netherlands,OO,I,0.3
2007/08,Netherlands,TO,C,4.0
2007/08,Netherlands,TO,E,0.2
2007/08,Netherlands,TO,I,1.3
2007/08,Poland,OO,C,3.5
2007/08,Poland,OO,E,0.1
2007/08,Poland,OO,I,0.0
2007/08,Poland,TO,C,5.3
2007/08,Poland,TO,E,0.9
2007/08,Poland,TO,I,0.0
2007/08,Portugal,OO,C,75.8
2007/08,Portugal,OO,E,29.0
2007/08,Portugal,OO,I,0.1
2007/08,Portugal,TO,C,12.8
2007/08,Portugal,TO,E,9.7
2007/08,Portugal,TO,I,0.3
2007/08,Portugal,TO,P,11.0
2007/08,Romania,OO,C,2.7
2007/08,Romania,OO,E,0.0
2007/08,Romania,OO,I,0.1
2007/08,Romania,TO,C,31.0
2007/08,Romania,TO,E,0.0
2007/08,Romania,TO,I,23.6
2007/08,Slovakia,OO,C,0.9
2007/08,Slovakia,OO,E,0.0
2007/08,Slovakia,OO,I,0.0
2007/08,Slovakia,TO,C,8.5
2007/08,Slovakia,TO,E,0.0
2007/08,Slovakia,TO,I,0.0
2007/08,Slovenia,OO,C,1.7
2007/08,Slovenia,OO,E,0.1
2007/08,Slovenia,OO,I,0.1
2007/08,Slovenia,TO,C,0.9
2007/08,Slovenia,TO,E,0.0
2007/08,Slovenia,TO,I,0.0
2007/08,Slovenia,TO,P,0.0
2007/08,Spain,OO,C,546.3
2007/08,Spain,OO,E,133.9
2007/08,Spain,OO,I,40.3
2007/08,Spain,TO,C,183.6
2007/08,Spain,TO,E,198.3
2007/08,Spain,TO,I,5.1
2007/08,Spain,TO,P,553.3
2007/08,Sweden,OO,C,6.4
2007/08,Sweden,OO,E,0.1
2007/08,Sweden,OO,I,0.1
2007/08,Sweden,TO,C,8.9
2007/08,Sweden,TO,E,0.2
2007/08,Sweden,TO,I,1.0
2007/08,United King.,OO,C,56.1
2007/08,United King.,OO,E,0.5
2007/08,United King.,OO,I,0.2
2007/08,United King.,TO,C,26.4
2007/08,United King.,TO,E,0.2
2007/08,United King.,TO,I,4.9
2008/9,Albania,OO,C,7.0
2008/9,Albania,OO,E,0.0
2008/9,Albania,OO,I,1.0
2008/9,Albania,OO,P,6.0
2008/9,Albania,TO,C,20.0
2008/9,Albania,TO,E,1.0
2008/9,Albania,TO,I,1.0
2008/9,Albania,TO,P,20.0
2008/9,Algeria,OO,C,55.0
2008/9,Algeria,OO,E,0.0
2008/9,Algeria,OO,I,0.5
2008/9,Algeria,OO,P,61.5
2008/9,Algeria,TO,C,97.5
2008/9,Algeria,TO,E,0.0
2008/9,Algeria,TO,I,4.0
2008/9,Algeria,TO,P,98.0
2008/9,Argentina,OO,C,5.0
2008/9,Argentina,OO,E,14.0
2008/9,Argentina,OO,I,0.0
2008/9,Argentina,OO,P,23.0
2008/9,Argentina,TO,C,14.0
2008/9,Argentina,TO,E,73.0
2008/9,Argentina,TO,I,0.0
2008/9,Argentina,TO,P,95.0
2008/9,Australia,OO,C,37.0
2008/9,Australia,OO,E,6.5
2008/9,Australia,OO,I,28.5
2008/9,Australia,OO,P,15.0
2008/9,Australia,TO,C,19.0
2008/9,Australia,TO,E,0.0
2008/9,Australia,TO,I,16.0
2008/9,Australia,TO,P,3.0
2008/9,Austria,OO,C,8.9
2008/9,Austria,OO,E,0.2
2008/9,Austria,OO,I,0.0
2008/9,Belgium,OO,C,11.5
2008/9,Belgium,OO,E,0.7
2008/9,Belgium,OO,I,0.4
2008/9,Brazil,OO,C,42.0
2008/9,Brazil,OO,E,0.0
2008/9,Brazil,OO,I,42.0
2008/9,Brazil,TO,C,69.0
2008/9,Brazil,TO,E,0.0
2008/9,Brazil,TO,I,69.0
2008/9,Brazil,TO,P,0.0
2008/9,Bulgaria,OO,C,1.0
2008/9,Bulgaria,OO,E,0.0
2008/9,Bulgaria,OO,I,0.0
2008/9,Bulgaria,TO,E,0.0
2008/9,Canada,OO,C,30.0
2008/9,Canada,OO,I,30.0
2008/9,Canada,TO,C,26.0
2008/9,Canada,TO,E,0.0
2008/9,Canada,TO,I,26.0
2008/9,Chile,OO,C,7.5
2008/9,Chile,OO,E,2.0
2008/9,Chile,OO,I,1.0
2008/9,Chile,OO,P,8.5
2008/9,Chile,TO,C,21.0
2008/9,Chile,TO,E,3.0
2008/9,Chile,TO,I,5.0
2008/9,Chile,TO,P,20.0
2008/9,China,OO,C,12.0
2008/9,China,OO,I,12.0
2008/9,Croatia,OO,C,7.0
2008/9,Croatia,OO,E,0.0
2008/9,Croatia,OO,I,1.5
2008/9,Croatia,OO,P,6.0
2008/9,Croatia,TO,C,3.0
2008/9,Croatia,TO,E,0.0
2008/9,Croatia,TO,I,2.0
2008/9,Croatia,TO,P,1.5
2008/9,Cyprus,OO,C,4.1
2008/9,Cyprus,OO,E,0.0
2008/9,Cyprus,OO,I,0.0
2008/9,Cyprus,OO,P,2.8
2008/9,Czech. Rep.,OO,C,4.8
2008/9,Czech. Rep.,OO,E,0.0
2008/9,Czech. Rep.,OO,I,0.0
2008/9,Denmark,OO,C,4.5
2008/9,Denmark,OO,E,0.0
2008/9,Denmark,OO,I,0.0
2008/9,Egypt,OO,C,5.0
2008/9,Egypt,OO,E,3.5
2008/9,Egypt,OO,I,3.5
2008/9,Egypt,OO,P,5.0
2008/9,Egypt,TO,C,360.0
2008/9,Egypt,TO,E,88.0
2008/9,Egypt,TO,I,0.0
2008/9,Egypt,TO,P,440.0
2008/9,Estonia,OO,C,0.1
2008/9,Estonia,OO,E,0.1
2008/9,Estonia,OO,I,0.0
2008/9,EU,OO,C,1.0
2008/9,EU,OO,E,376.0
2008/9,EU,OO,I,96.0
2008/9,EU,OO,P,1939.0
2008/9,EU,TO,C,549.0
2008/9,EU,TO,E,239.0
2008/9,EU,TO,I,96.5
2008/9,EU,TO,P,677.0
2008/9,Finland,OO,C,1.7
2008/9,Finland,OO,E,0.0
2008/9,Finland,OO,I,0.0
2008/9,France,OO,C,113.5
2008/9,France,OO,E,1.6
2008/9,France,OO,I,4.4
2008/9,France,OO,P,7.0
2008/9,Germany,OO,C,47.7
2008/9,Germany,OO,E,0.7
2008/9,Germany,OO,I,0.3
2008/9,Greece,OO,C,229.0
2008/9,Greece,OO,E,11.0
2008/9,Greece,OO,I,0.0
2008/9,Greece,OO,P,305.0
2008/9,Hungary,OO,C,1.9
2008/9,Hungary,OO,E,0.0
2008/9,Hungary,OO,I,0.0
2008/9,Iran,OO,C,7.0
2008/9,Iran,OO,E,0.0
2008/9,Iran,OO,I,3.0
2008/9,Iran,OO,P,4.5
2008/9,Iran,TO,C,32.5
2008/9,Iran,TO,E,0.0
2008/9,Iran,TO,I,1.0
2008/9,Iran,TO,P,30.5
2008/9,Iraq,OO,C,0.0
2008/9,Iraq,OO,E,0.0
2008/9,Iraq,OO,I,0.0
2008/9,Iraq,TO,C,0.0
2008/9,Iraq,TO,E,0.0
2008/9,Iraq,TO,I,0.0
2008/9,Iraq,TO,P,0.0
2008/9,Ireland,OO,C,8.0
2008/9,Ireland,OO,E,0.2
2008/9,Ireland,OO,I,0.0
2008/9,Israel,OO,C,17.0
2008/9,Israel,OO,E,0.0
2008/9,Israel,OO,I,8.0
2008/9,Israel,OO,P,9.0
2008/9,Israel,TO,C,21.0
2008/9,Israel,TO,E,2.0
2008/9,Israel,TO,I,6.0
2008/9,Israel,TO,P,17.0
2008/9,Italy,OO,C,710.0
2008/9,Italy,OO,E,176.9
2008/9,Italy,OO,I,79.5
2008/9,Italy,OO,P,540.0
2008/9,Japan,OO,C,30.0
2008/9,Japan,OO,I,30.0
2008/9,Japan,TO,C,2.5
2008/9,Japan,TO,E,0.0
2008/9,Japan,TO,I,2.5
2008/9,Jordan,OO,C,23.5
2008/9,Jordan,OO,E,1.5
2008/9,Jordan,OO,I,1.5
2008/9,Jordan,OO,P,18.5
2008/9,Jordan,TO,C,25.5
2008/9,Jordan,TO,E,2.0
2008/9,Jordan,TO,I,0.5
2008/9,Jordan,TO,P,27.0
2008/9,Latvia,OO,C,1.4
2008/9,Latvia,OO,E,0.0
2008/9,Latvia,OO,I,0.0
2008/9,Lebanon,OO,C,20.0
2008/9,Lebanon,OO,E,2.5
2008/9,Lebanon,OO,I,2.0
2008/9,Lebanon,OO,P,12.0
2008/9,Lebanon,TO,C,20.0
2008/9,Lebanon,TO,E,2.0
2008/9,Lebanon,TO,I,6.0
2008/9,Lebanon,TO,P,19.0
2008/9,Libya,OO,C,15.0
2008/9,Libya,OO,E,0.0
2008/9,Libya,OO,I,0.0
2008/9,Libya,OO,P,15.0
2008/9,Libya,TO,C,7.5
2008/9,Libya,TO,E,0.0
2008/9,Libya,TO,I,4.5
2008/9,Libya,TO,P,3.0
2008/9,Lithuania,OO,C,0.5
2008/9,Lithuania,OO,E,0.2
2008/9,Lithuania,OO,I,0.0
2008/9,Luxembourg,OO,C,0.9
2008/9,Luxembourg,OO,E,0.0
2008/9,Luxembourg,OO,I,0.0
2008/9,Malta,OO,C,0.6
2008/9,Malta,OO,E,0.0
2008/9,Malta,OO,I,0.0
2008/9,Mexico,OO,C,9.5
2008/9,Mexico,OO,E,0.0
2008/9,Mexico,OO,I,9.5
2008/9,Mexico,OO,P,0.0
2008/9,Mexico,TO,C,16.5
2008/9,Mexico,TO,E,0.0
2008/9,Mexico,TO,I,7.0
2008/9,Mexico,TO,P,8.0
2008/9,Montenegro,OO,C,0.5
2008/9,Montenegro,OO,E,0.0
2008/9,Montenegro,OO,I,0.0
2008/9,Montenegro,OO,P,0.5
2008/9,Montenegro,TO,C,0.5
2008/9,Montenegro,TO,E,0.0
2008/9,Montenegro,TO,I,0.0
2008/9,Montenegro,TO,P,0.5
2008/9,Morocco,OO,C,70.0
2008/9,Morocco,OO,E,3.0
2008/9,Morocco,OO,I,15.0
2008/9,Morocco,OO,P,85.0
2008/9,Morocco,TO,C,29.0
2008/9,Morocco,TO,E,57.0
2008/9,Morocco,TO,I,0.0
2008/9,Morocco,TO,P,100.0
2008/9,Netherlands,OO,C,11.7
2008/9,Netherlands,OO,E,0.2
2008/9,Netherlands,OO,I,0.2
2008/9,Norway,OO,C,3.0
2008/9,Norway,OO,I,3.0
2008/9,Oth.non-prod.,OO,C,20.0
2008/9,Oth.non-prod.,OO,I,20.0
2008/9,Oth.non-prod.,TO,C,40.0
2008/9,Oth.non-prod.,TO,E,0.0
2008/9,Oth.non-prod.,TO,I,40.0
2008/9,Other pr.coun.,OO,C,13.0
2008/9,Other pr.coun.,OO,E,5.0
2008/9,Other pr.coun.,OO,I,3.0
2008/9,Other pr.coun.,OO,P,15.0
2008/9,Other pr.coun.,TO,C,25.0
2008/9,Other pr.coun.,TO,E,0.0
2008/9,Other pr.coun.,TO,I,10.0
2008/9,Other pr.coun.,TO,P,15.0
2008/9,Palestine,OO,C,14.0
2008/9,Palestine,OO,E,3.0
2008/9,Palestine,OO,I,0.0
2008/9,Palestine,OO,P,20.0
2008/9,Palestine,TO,C,5.0
2008/9,Palestine,TO,E,1.0
2008/9,Palestine,TO,I,0.0
2008/9,Palestine,TO,P,9.0
2008/9,Peru,TO,C,25.5
2008/9,Peru,TO,E,16.0
2008/9,Peru,TO,I,0.0
2008/9,Peru,TO,P,9.0
2008/9,Poland,OO,C,5.1
2008/9,Poland,OO,E,0.0
2008/9,Poland,OO,I,0.0
2008/9,Portugal,OO,C,87.5
2008/9,Portugal,OO,E,30.7
2008/9,Portugal,OO,I,0.1
2008/9,Portugal,OO,P,53.4
2008/9,Romania,OO,C,1.5
2008/9,Romania,OO,E,0.0
2008/9,Romania,OO,I,0.0
2008/9,Russia,OO,C,15.0
2008/9,Russia,OO,I,15.0
2008/9,Russia,TO,C,90.0
2008/9,Russia,TO,E,0.0
2008/9,Russia,TO,I,90.0
2008/9,Saudi Arabia,OO,C,6.5
2008/9,Saudi Arabia,OO,E,0.5
2008/9,Saudi Arabia,OO,I,5.5
2008/9,Saudi Arabia,OO,P,3.0
2008/9,Saudi Arabia,TO,C,31.5
2008/9,Saudi Arabia,TO,E,0.0
2008/9,Saudi Arabia,TO,I,27.0
2008/9,Saudi Arabia,TO,P,4.5
2008/9,Slovakia,OO,C,1.1
2008/9,Slovakia,OO,E,0.0
2008/9,Slovakia,OO,I,0.0
2008/9,Slovenia,OO,C,1.8
2008/9,Slovenia,OO,E,0.0
2008/9,Slovenia,OO,I,0.1
2008/9,Slovenia,OO,P,0.5
2008/9,Spain,OO,C,533.6
2008/9,Spain,OO,E,153.4
2008/9,Spain,OO,I,10.8
2008/9,Spain,OO,P,1030.0
2008/9,Sweden,OO,C,7.2
2008/9,Sweden,OO,E,0.1
2008/9,Sweden,OO,I,0.2
2008/9,Switzerland,OO,C,6.0
2008/9,Switzerland,OO,E,0.0
2008/9,Switzerland,OO,I,6.0
2008/9,Switzerland,TO,C,5.5
2008/9,Switzerland,TO,E,0.0
2008/9,Switzerland,TO,I,5.5
2008/9,Syria,OO,C,110.0
2008/9,Syria,OO,E,15.0
2008/9,Syria,OO,I,5.0
2008/9,Syria,OO,P,130.0
2008/9,Syria,TO,C,94.0
2008/9,Syria,TO,E,24.0
2008/9,Syria,TO,I,0.0
2008/9,Syria,TO,P,120.0
2008/9,Taiwan,OO,C,3.0
2008/9,Taiwan,OO,I,3.0
2008/9,Tunisia,OO,C,21.0
2008/9,Tunisia,OO,E,142.0
2008/9,Tunisia,OO,I,0.0
2008/9,Tunisia,OO,P,160.0
2008/9,Tunisia,TO,C,10.0
2008/9,Tunisia,TO,E,7.0
2008/9,Tunisia,TO,I,0.5
2008/9,Tunisia,TO,P,18.0
2008/9,Türkiye,OO,C,108.0
2008/9,Türkiye,OO,E,31.0
2008/9,Türkiye,OO,I,0.0
2008/9,Türkiye,OO,P,130.0
2008/9,Türkiye,TO,C,240.0
2008/9,Türkiye,TO,E,65.0
2008/9,Türkiye,TO,I,0.0
2008/9,Türkiye,TO,P,300.0
2008/9,United King.,OO,C,56.4
2008/9,United King.,OO,E,0.2
2008/9,United King.,OO,I,0.2
2008/9,USA,OO,C,256.0
2008/9,USA,OO,E,3.0
2008/9,USA,OO,I,255.0
2008/9,USA,OO,P,3.0
2008/9,USA,TO,C,210.0
2008/9,USA,TO,E,4.5
2008/9,USA,TO,I,126.0
2008/9,USA,TO,P,47.5
2009/10,Albania,OO,C,6.0
2009/10,Albania,OO,E,0.0
2009/10,Albania,OO,I,1.0
2009/10,Albania,OO,P,5.0
2009/10,Albania,TO,C,19.0
2009/10,Albania,TO,E,1.5
2009/10,Albania,TO,I,3.0
2009/10,Albania,TO,P,18.0
2009/10,Algeria,OO,C,33.5
2009/10,Algeria,OO,E,0.0
2009/10,Algeria,OO,I,0.0
2009/10,Algeria,OO,P,26.5
2009/10,Algeria,TO,C,134.0
2009/10,Algeria,TO,E,0.0
2009/10,Algeria,TO,I,1.5
2009/10,Algeria,TO,P,136.0
2009/10,Argentina,OO,C,5.0
2009/10,Argentina,OO,E,19.0
2009/10,Argentina,OO,I,0.0
2009/10,Argentina,OO,P,17.0
2009/10,Argentina,TO,C,35.0
2009/10,Argentina,TO,E,110.0
2009/10,Argentina,TO,I,10.0
2009/10,Argentina,TO,P,220.0
2009/10,Australia,OO,C,44.0
2009/10,Australia,OO,E,8.0
2009/10,Australia,OO,I,35.0
2009/10,Australia,OO,P,18.0
2009/10,Australia,TO,C,20.5
2009/10,Australia,TO,E,0.0
2009/10,Australia,TO,I,18.5
2009/10,Australia,TO,P,3.5
2009/10,Austria,OO,C,8.9
2009/10,Austria,OO,E,0.3
2009/10,Austria,OO,I,0.0
2009/10,Austria,TO,C,3.8
2009/10,Austria,TO,E,0.2
2009/10,Austria,TO,I,0.6
2009/10,Belgium,OO,C,12.3
2009/10,Belgium,OO,E,0.4
2009/10,Belgium,OO,I,1.0
2009/10,Belgium,TO,C,8.2
2009/10,Belgium,TO,E,0.3
2009/10,Belgium,TO,I,8.5
2009/10,Brazil,OO,C,50.5
2009/10,Brazil,OO,I,50.5
2009/10,Brazil,TO,C,79.0
2009/10,Brazil,TO,E,0.0
2009/10,Brazil,TO,I,79.0
2009/10,Bulgaria,OO,C,1.3
2009/10,Bulgaria,OO,E,0.0
2009/10,Bulgaria,OO,I,0.0
2009/10,Bulgaria,TO,C,13.2
2009/10,Bulgaria,TO,E,0.0
2009/10,Bulgaria,TO,I,11.7
2009/10,Canada,OO,C,37.0
2009/10,Canada,OO,I,37.0
2009/10,Canada,TO,C,27.5
2009/10,Canada,TO,E,0.0
2009/10,Canada,TO,I,27.5
2009/10,Chile,OO,C,9.0
2009/10,Chile,OO,E,3.0
2009/10,Chile,OO,I,0.5
2009/10,Chile,OO,P,12.0
2009/10,Chile,TO,C,29.0
2009/10,Chile,TO,E,4.0
2009/10,Chile,TO,I,6.5
2009/10,Chile,TO,P,25.0
2009/10,China,OO,C,18.0
2009/10,China,OO,I,18.0
2009/10,Croatia,OO,C,6.5
2009/10,Croatia,OO,E,0.0
2009/10,Croatia,OO,I,1.5
2009/10,Croatia,OO,P,5.0
2009/10,Croatia,TO,C,3.0
2009/10,Croatia,TO,E,0.0
2009/10,Croatia,TO,I,2.0
2009/10,Croatia,TO,P,1.0
2009/10,Cyprus,OO,C,5.0
2009/10,Cyprus,OO,E,0.0
2009/10,Cyprus,OO,I,0.0
2009/10,Cyprus,OO,P,4.2
2009/10,Cyprus,TO,C,4.4
2009/10,Cyprus,TO,E,0.0
2009/10,Cyprus,TO,I,0.2
2009/10,Cyprus,TO,P,3.0
2009/10,Czech. Rep.,OO,C,4.4
2009/10,Czech. Rep.,OO,E,0.0
2009/10,Czech. Rep.,OO,I,0.0
2009/10,Czech. Rep.,TO,C,0.9
2009/10,Czech. Rep.,TO,E,0.0
2009/10,Czech. Rep.,TO,I,0.0
2009/10,Denmark,OO,C,4.3
2009/10,Denmark,OO,E,0.1
2009/10,Denmark,OO,I,0.0
2009/10,Denmark,TO,C,3.8
2009/10,Denmark,TO,E,0.1
2009/10,Denmark,TO,I,0.3
2009/10,Egypt,OO,C,7.0
2009/10,Egypt,OO,E,0.0
2009/10,Egypt,OO,I,4.0
2009/10,Egypt,OO,P,3.0
2009/10,Egypt,TO,C,340.0
2009/10,Egypt,TO,E,71.5
2009/10,Egypt,TO,I,0.5
2009/10,Egypt,TO,P,409.0
2009/10,Estonia,OO,C,0.3
2009/10,Estonia,OO,E,0.0
2009/10,Estonia,OO,I,0.0
2009/10,Estonia,TO,C,0.2
2009/10,Estonia,TO,E,0.3
2009/10,Estonia,TO,I,0.0
2009/10,EU,OO,C,728.0
2009/10,EU,OO,E,444.0
2009/10,EU,OO,I,78.0
2009/10,EU,OO,P,2224.5
2009/10,EU,TO,C,510.0
2009/10,EU,TO,E,300.0
2009/10,EU,TO,I,101.0
2009/10,EU,TO,P,675.0
2009/10,Finland,OO,C,1.7
2009/10,Finland,OO,E,0.1
2009/10,Finland,OO,I,0.0
2009/10,Finland,TO,C,3.1
2009/10,Finland,TO,E,0.1
2009/10,Finland,TO,I,0.0
2009/10,France,OO,C,114.8
2009/10,France,OO,E,1.4
2009/10,France,OO,I,4.7
2009/10,France,OO,P,5.7
2009/10,France,TO,C,56.8
2009/10,France,TO,E,1.7
2009/10,France,TO,I,28.3
2009/10,France,TO,P,1.9
2009/10,Germany,OO,C,50.1
2009/10,Germany,OO,E,0.8
2009/10,Germany,OO,I,0.2
2009/10,Germany,TO,C,57.8
2009/10,Germany,TO,E,1.3
2009/10,Germany,TO,I,11.5
2009/10,Greece,OO,C,228.5
2009/10,Greece,OO,E,12.0
2009/10,Greece,OO,I,0.0
2009/10,Greece,OO,P,320.0
2009/10,Greece,TO,C,20.0
2009/10,Greece,TO,E,49.0
2009/10,Greece,TO,I,1.5
2009/10,Greece,TO,P,107.0
2009/10,Hungary,OO,C,2.3
2009/10,Hungary,OO,E,0.0
2009/10,Hungary,OO,I,0.1
2009/10,Hungary,TO,C,0.9
2009/10,Hungary,TO,E,0.6
2009/10,Hungary,TO,I,0.0
2009/10,Iran,OO,C,6.5
2009/10,Iran,OO,E,0.0
2009/10,Iran,OO,I,3.0
2009/10,Iran,OO,P,4.0
2009/10,Iran,TO,C,47.5
2009/10,Iran,TO,E,0.0
2009/10,Iran,TO,I,1.0
2009/10,Iran,TO,P,47.5
2009/10,Iraq,OO,C,8.5
2009/10,Iraq,OO,E,0.0
2009/10,Iraq,OO,I,8.5
2009/10,Iraq,TO,C,9.0
2009/10,Iraq,TO,E,0.0
2009/10,Iraq,TO,I,9.0
2009/10,Iraq,TO,P,0.0
2009/10,Ireland,OO,C,5.7
2009/10,Ireland,OO,E,0.0
2009/10,Ireland,OO,I,0.0
2009/10,Ireland,TO,C,0.3
2009/10,Ireland,TO,E,0.0
2009/10,Ireland,TO,I,0.0
2009/10,Israel,OO,C,16.5
2009/10,Israel,OO,E,0.0
2009/10,Israel,OO,I,13.0
2009/10,Israel,OO,P,3.5
2009/10,Israel,TO,C,21.5
2009/10,Israel,TO,E,0.5
2009/10,Israel,TO,I,12.5
2009/10,Israel,TO,P,9.5
2009/10,Italy,OO,C,675.7
2009/10,Italy,OO,E,195.1
2009/10,Italy,OO,I,56.3
2009/10,Italy,OO,P,430.0
2009/10,Italy,TO,C,122.4
2009/10,Italy,TO,E,3.3
2009/10,Italy,TO,I,8.7
2009/10,Italy,TO,P,58.6
2009/10,Japan,OO,C,40.5
2009/10,Japan,OO,I,40.5
2009/10,Japan,TO,C,3.0
2009/10,Japan,TO,E,0.0
2009/10,Japan,TO,I,3.0
2009/10,Jordan,OO,C,20.0
2009/10,Jordan,OO,E,2.0
2009/10,Jordan,OO,I,5.0
2009/10,Jordan,OO,P,17.0
2009/10,Jordan,TO,C,30.5
2009/10,Jordan,TO,E,4.0
2009/10,Jordan,TO,I,0.5
2009/10,Jordan,TO,P,34.0
2009/10,Latvia,OO,C,1.2
2009/10,Latvia,OO,E,0.0
2009/10,Latvia,OO,I,0.0
2009/10,Latvia,TO,C,4.0
2009/10,Latvia,TO,E,0.1
2009/10,Latvia,TO,I,0.5
2009/10,Lebanon,OO,C,9.5
2009/10,Lebanon,OO,E,3.0
2009/10,Lebanon,OO,I,3.0
2009/10,Lebanon,OO,P,9.0
2009/10,Lebanon,TO,C,20.5
2009/10,Lebanon,TO,E,4.0
2009/10,Lebanon,TO,I,5.0
2009/10,Lebanon,TO,P,19.5
2009/10,Libya,OO,C,15.0
2009/10,Libya,OO,E,0.0
2009/10,Libya,OO,I,0.0
2009/10,Libya,OO,P,15.0
2009/10,Libya,TO,C,7.5
2009/10,Libya,TO,E,0.0
2009/10,Libya,TO,I,4.5
2009/10,Libya,TO,P,3.0
2009/10,Lithuania,OO,C,0.7
2009/10,Lithuania,OO,E,0.9
2009/10,Lithuania,OO,I,0.0
2009/10,Lithuania,TO,C,1.2
2009/10,Lithuania,TO,E,0.3
2009/10,Lithuania,TO,I,0.0
2009/10,Luxembourg,OO,C,1.1
2009/10,Luxembourg,OO,E,0.0
2009/10,Luxembourg,OO,I,0.0
2009/10,Luxembourg,TO,C,0.6
2009/10,Luxembourg,TO,E,0.0
2009/10,Luxembourg,TO,I,0.0
2009/10,Malta,OO,C,0.7
2009/10,Malta,OO,E,0.0
2009/10,Malta,OO,I,0.0
2009/10,Malta,TO,C,1.2
2009/10,Malta,TO,E,0.0
2009/10,Malta,TO,I,0.0
2009/10,Mexico,OO,C,9.0
2009/10,Mexico,OO,E,0.0
2009/10,Mexico,OO,I,9.0
2009/10,Mexico,OO,P,0.0
2009/10,Mexico,TO,C,7.0
2009/10,Mexico,TO,E,15.0
2009/10,Mexico,TO,I,8.0
2009/10,Mexico,TO,P,10.0
2009/10,Montenegro,OO,C,0.5
2009/10,Montenegro,OO,E,0.0
2009/10,Montenegro,OO,I,0.0
2009/10,Montenegro,OO,P,0.5
2009/10,Montenegro,TO,C,0.0
2009/10,Montenegro,TO,E,0.0
2009/10,Montenegro,TO,I,0.0
2009/10,Montenegro,TO,P,0.0
2009/10,Morocco,OO,C,90.0
2009/10,Morocco,OO,E,21.0
2009/10,Morocco,OO,I,0.0
2009/10,Morocco,OO,P,140.0
2009/10,Morocco,TO,C,32.0
2009/10,Morocco,TO,E,68.0
2009/10,Morocco,TO,I,0.0
2009/10,Morocco,TO,P,90.0
2009/10,Netherlands,OO,C,27.2
2009/10,Netherlands,OO,E,0.6
2009/10,Netherlands,OO,I,0.6
2009/10,Netherlands,TO,C,14.6
2009/10,Netherlands,TO,E,0.9
2009/10,Netherlands,TO,I,5.5
2009/10,Norway,OO,C,3.5
2009/10,Norway,OO,I,3.5
2009/10,Oth.non-prod.,OO,C,35.0
2009/10,Oth.non-prod.,OO,I,35.0
2009/10,Oth.non-prod.,TO,C,40.0
2009/10,Oth.non-prod.,TO,E,0.0
2009/10,Oth.non-prod.,TO,I,40.0
2009/10,Other pr.coun.,OO,C,13.0
2009/10,Other pr.coun.,OO,E,5.0
2009/10,Other pr.coun.,OO,I,3.0
2009/10,Other pr.coun.,OO,P,15.0
2009/10,Other pr.coun.,TO,C,25.0
2009/10,Other pr.coun.,TO,E,0.0
2009/10,Other pr.coun.,TO,I,10.0
2009/10,Other pr.coun.,TO,P,15.0
2009/10,Palestine,OO,C,8.0
2009/10,Palestine,OO,E,0.5
2009/10,Palestine,OO,I,0.5
2009/10,Palestine,OO,P,5.5
2009/10,Palestine,TO,C,5.0
2009/10,Palestine,TO,E,0.0
2009/10,Palestine,TO,I,0.0
2009/10,Palestine,TO,P,2.5
2009/10,Peru,TO,C,50.0
2009/10,Peru,TO,E,20.0
2009/10,Peru,TO,I,0.0
2009/10,Peru,TO,P,75.0
2009/10,Poland,OO,C,3.5
2009/10,Poland,OO,E,0.2
2009/10,Poland,OO,I,0.0
2009/10,Poland,TO,C,8.3
2009/10,Poland,TO,E,1.0
2009/10,Poland,TO,I,0.0
2009/10,Portugal,OO,C,87.8
2009/10,Portugal,OO,E,35.8
2009/10,Portugal,OO,I,1.1
2009/10,Portugal,OO,P,62.5
2009/10,Portugal,TO,C,7.0
2009/10,Portugal,TO,E,15.2
2009/10,Portugal,TO,I,0.0
2009/10,Portugal,TO,P,12.3
2009/10,Romania,OO,C,3.2
2009/10,Romania,OO,E,0.0
2009/10,Romania,OO,I,0.0
2009/10,Romania,TO,C,22.9
2009/10,Romania,TO,E,0.0
2009/10,Romania,TO,I,16.6
2009/10,Russia,OO,C,22.0
2009/10,Russia,OO,I,22.0
2009/10,Russia,TO,C,67.0
2009/10,Russia,TO,E,0.0
2009/10,Russia,TO,I,67.0
2009/10,Saudi Arabia,OO,C,6.5
2009/10,Saudi Arabia,OO,E,0.5
2009/10,Saudi Arabia,OO,I,5.5
2009/10,Saudi Arabia,OO,P,3.0
2009/10,Saudi Arabia,TO,C,31.5
2009/10,Saudi Arabia,TO,E,0.0
2009/10,Saudi Arabia,TO,I,27.0
2009/10,Saudi Arabia,TO,P,4.5
2009/10,Slovakia,OO,C,1.2
2009/10,Slovakia,OO,E,0.0
2009/10,Slovakia,OO,I,0.0
2009/10,Slovakia,TO,C,1.6
2009/10,Slovakia,TO,E,0.0
2009/10,Slovakia,TO,I,0.0
2009/10,Slovenia,OO,C,2.0
2009/10,Slovenia,OO,E,0.0
2009/10,Slovenia,OO,I,0.1
2009/10,Slovenia,OO,P,0.7
2009/10,Slovenia,TO,C,1.0
2009/10,Slovenia,TO,E,0.0
2009/10,Slovenia,TO,I,0.0
2009/10,Slovenia,TO,P,0.0
2009/10,Spain,OO,C,539.4
2009/10,Spain,OO,E,196.5
2009/10,Spain,OO,I,13.7
2009/10,Spain,OO,P,1401.5
2009/10,Spain,TO,C,107.9
2009/10,Spain,TO,E,225.1
2009/10,Spain,TO,I,1.9
2009/10,Spain,TO,P,492.6
2009/10,Sweden,OO,C,7.4
2009/10,Sweden,OO,E,0.1
2009/10,Sweden,OO,I,0.1
2009/10,Sweden,TO,C,10.3
2009/10,Sweden,TO,E,0.1
2009/10,Sweden,TO,I,0.9
2009/10,Switzerland,OO,C,13.0
2009/10,Switzerland,OO,I,13.0
2009/10,Switzerland,TO,C,6.0
2009/10,Switzerland,TO,E,0.0
2009/10,Switzerland,TO,I,6.0
2009/10,Syria,OO,C,120.5
2009/10,Syria,OO,E,18.0
2009/10,Syria,OO,I,0.0
2009/10,Syria,OO,P,150.0
2009/10,Syria,TO,C,116.0
2009/10,Syria,TO,E,24.0
2009/10,Syria,TO,I,0.0
2009/10,Syria,TO,P,135.0
2009/10,Taiwan,OO,C,4.0
2009/10,Taiwan,OO,I,4.0
2009/10,Tunisia,OO,C,30.0
2009/10,Tunisia,OO,E,97.0
2009/10,Tunisia,OO,I,0.0
2009/10,Tunisia,OO,P,150.0
2009/10,Tunisia,TO,C,20.0
2009/10,Tunisia,TO,E,1.0
2009/10,Tunisia,TO,I,0.5
2009/10,Tunisia,TO,P,22.0
2009/10,Türkiye,OO,C,110.0
2009/10,Türkiye,OO,E,29.5
2009/10,Türkiye,OO,I,0.0
2009/10,Türkiye,OO,P,147.0
2009/10,Türkiye,TO,C,260.0
2009/10,Türkiye,TO,E,65.5
2009/10,Türkiye,TO,I,0.0
2009/10,Türkiye,TO,P,390.0
2009/10,United King.,OO,C,55.3
2009/10,United King.,OO,E,0.1
2009/10,United King.,OO,I,0.1
2009/10,United King.,TO,C,33.7
2009/10,United King.,TO,E,0.2
2009/10,United King.,TO,I,4.6
2009/10,USA,OO,C,258.0
2009/10,USA,OO,E,2.5
2009/10,USA,OO,I,258.0
2009/10,USA,OO,P,3.0
2009/10,USA,TO,C,203.0
2009/10,USA,TO,E,4.0
2009/10,USA,TO,I,185.0
2009/10,USA,TO,P,24.0
2010/11,Albania,OO,C,9.0
2010/11,Albania,OO,E,0.0
2010/11,Albania,OO,I,1.0
2010/11,Albania,OO,P,8.0
2010/11,Albania,TO,C,28.5
2010/11,Albania,TO,E,2.0
2010/11,Albania,TO,I,2.5
2010/11,Albania,TO,P,28.0
2010/11,Algeria,OO,C,59.0
2010/11,Algeria,OO,E,0.0
2010/11,Algeria,OO,I,0.0
2010/11,Algeria,OO,P,67.0
2010/11,Algeria,TO,C,189.0
2010/11,Algeria,TO,E,0.0
2010/11,Algeria,TO,I,0.0
2010/11,Algeria,TO,P,192.5
2010/11,Argentina,OO,C,5.5
2010/11,Argentina,OO,E,12.0
2010/11,Argentina,OO,I,0.0
2010/11,Argentina,OO,P,20.0
2010/11,Argentina,TO,C,35.0
2010/11,Argentina,TO,E,72.0
2010/11,Argentina,TO,I,0.0
2010/11,Argentina,TO,P,90.0
2010/11,Australia,OO,C,44.0
2010/11,Australia,OO,E,6.0
2010/11,Australia,OO,I,32.0
2010/11,Australia,OO,P,18.0
2010/11,Australia,TO,C,22.5
2010/11,Australia,TO,E,0.0
2010/11,Australia,TO,I,17.5
2010/11,Australia,TO,P,3.5
2010/11,Austria,OO,C,8.7
2010/11,Austria,OO,E,0.4
2010/11,Austria,OO,I,0.0
2010/11,Austria,TO,C,6.1
2010/11,Austria,TO,E,0.2
2010/11,Austria,TO,I,1.1
2010/11,Belgium,OO,C,13.7
2010/11,Belgium,OO,E,0.7
2010/11,Belgium,OO,I,1.4
2010/11,Belgium,TO,C,7.5
2010/11,Belgium,TO,E,0.5
2010/11,Belgium,TO,I,8.3
2010/11,Brazil,OO,C,61.5
2010/11,Brazil,OO,E,0.0
2010/11,Brazil,OO,I,61.5
2010/11,Brazil,TO,C,87.0
2010/11,Brazil,TO,E,0.0
2010/11,Brazil,TO,I,87.0
2010/11,Bulgaria,OO,C,1.3
2010/11,Bulgaria,OO,E,0.0
2010/11,Bulgaria,OO,I,0.0
2010/11,Bulgaria,TO,C,14.0
2010/11,Bulgaria,TO,E,0.0
2010/11,Bulgaria,TO,I,9.5
2010/11,Canada,OO,C,40.0
2010/11,Canada,OO,I,40.0
2010/11,Canada,TO,C,27.5
2010/11,Canada,TO,E,0.0
2010/11,Canada,TO,I,27.5
2010/11,Chile,OO,C,10.0
2010/11,Chile,OO,E,6.5
2010/11,Chile,OO,I,0.5
2010/11,Chile,OO,P,16.0
2010/11,Chile,TO,C,30.0
2010/11,Chile,TO,E,4.5
2010/11,Chile,TO,I,8.0
2010/11,Chile,TO,P,26.0
2010/11,China,OO,C,29.5
2010/11,China,OO,I,29.5
2010/11,Croatia,OO,C,7.0
2010/11,Croatia,OO,E,0.0
2010/11,Croatia,OO,I,2.0
2010/11,Croatia,OO,P,5.0
2010/11,Croatia,TO,C,3.5
2010/11,Croatia,TO,E,0.0
2010/11,Croatia,TO,I,2.0
2010/11,Croatia,TO,P,1.5
2010/11,Cyprus,OO,C,6.5
2010/11,Cyprus,OO,E,0.0
2010/11,Cyprus,OO,I,0.0
2010/11,Cyprus,OO,P,6.5
2010/11,Cyprus,TO,C,4.3
2010/11,Cyprus,TO,E,0.0
2010/11,Cyprus,TO,I,0.1
2010/11,Cyprus,TO,P,3.5
2010/11,Czech. Rep.,OO,C,6.1
2010/11,Czech. Rep.,OO,E,0.0
2010/11,Czech. Rep.,OO,I,0.0
2010/11,Czech. Rep.,TO,C,5.0
2010/11,Czech. Rep.,TO,E,0.0
2010/11,Czech. Rep.,TO,I,0.1
2010/11,Denmark,OO,C,5.9
2010/11,Denmark,OO,E,0.1
2010/11,Denmark,OO,I,0.0
2010/11,Denmark,TO,C,4.6
2010/11,Denmark,TO,E,0.0
2010/11,Denmark,TO,I,0.3
2010/11,Egypt,OO,C,5.0
2010/11,Egypt,OO,E,0.0
2010/11,Egypt,OO,I,1.0
2010/11,Egypt,OO,P,4.0
2010/11,Egypt,TO,C,300.0
2010/11,Egypt,TO,E,78.0
2010/11,Egypt,TO,I,0.0
2010/11,Egypt,TO,P,350.0
2010/11,Estonia,OO,C,0.4
2010/11,Estonia,OO,E,0.1
2010/11,Estonia,OO,I,0.0
2010/11,Estonia,TO,C,0.6
2010/11,Estonia,TO,E,0.1
2010/11,Estonia,TO,I,0.0
2010/11,EU,OO,C,1.0
2010/11,EU,OO,E,481.0
2010/11,EU,OO,I,82.0
2010/11,EU,OO,P,2209.0
2010/11,EU,TO,C,592.0
2010/11,EU,TO,E,290.5
2010/11,EU,TO,I,114.0
2010/11,EU,TO,P,828.5
2010/11,Finland,OO,C,2.4
2010/11,Finland,OO,E,0.2
2010/11,Finland,OO,I,0.0
2010/11,Finland,TO,C,3.7
2010/11,Finland,TO,E,0.2
2010/11,Finland,TO,I,0.0
2010/11,France,OO,C,112.8
2010/11,France,OO,E,1.8
2010/11,France,OO,I,6.3
2010/11,France,OO,P,6.1
2010/11,France,TO,C,58.0
2010/11,France,TO,E,1.6
2010/11,France,TO,I,44.0
2010/11,France,TO,P,1.4
2010/11,Germany,OO,C,58.8
2010/11,Germany,OO,E,0.6
2010/11,Germany,OO,I,0.8
2010/11,Germany,TO,C,62.9
2010/11,Germany,TO,E,1.2
2010/11,Germany,TO,I,13.2
2010/11,Greece,OO,C,227.5
2010/11,Greece,OO,E,13.0
2010/11,Greece,OO,I,0.0
2010/11,Greece,OO,P,301.0
2010/11,Greece,TO,C,16.0
2010/11,Greece,TO,E,53.0
2010/11,Greece,TO,I,2.1
2010/11,Greece,TO,P,135.0
2010/11,Hungary,OO,C,2.5
2010/11,Hungary,OO,E,0.0
2010/11,Hungary,OO,I,0.0
2010/11,Hungary,TO,C,1.2
2010/11,Hungary,TO,E,0.5
2010/11,Hungary,TO,I,0.0
2010/11,Iran,OO,C,7.5
2010/11,Iran,OO,E,0.0
2010/11,Iran,OO,I,3.5
2010/11,Iran,OO,P,4.0
2010/11,Iran,TO,C,50.5
2010/11,Iran,TO,E,0.0
2010/11,Iran,TO,I,3.0
2010/11,Iran,TO,P,47.0
2010/11,Iraq,OO,C,6.0
2010/11,Iraq,OO,E,0.0
2010/11,Iraq,OO,I,6.0
2010/11,Iraq,TO,C,14.0
2010/11,Iraq,TO,E,0.0
2010/11,Iraq,TO,I,6.0
2010/11,Iraq,TO,P,8.0
2010/11,Ireland,OO,C,6.3
2010/11,Ireland,OO,E,0.0
2010/11,Ireland,OO,I,0.0
2010/11,Ireland,TO,C,0.3
2010/11,Ireland,TO,E,0.0
2010/11,Ireland,TO,I,0.0
2010/11,Israel,OO,C,17.0
2010/11,Israel,OO,E,0.0
2010/11,Israel,OO,I,7.5
2010/11,Israel,OO,P,12.5
2010/11,Israel,TO,C,23.5
2010/11,Israel,TO,E,1.0
2010/11,Israel,TO,I,5.5
2010/11,Israel,TO,P,19.0
2010/11,Italy,OO,C,660.0
2010/11,Italy,OO,E,223.5
2010/11,Italy,OO,I,58.0
2010/11,Italy,OO,P,440.0
2010/11,Italy,TO,C,148.0
2010/11,Italy,TO,E,4.7
2010/11,Italy,TO,I,6.5
2010/11,Italy,TO,P,69.7
2010/11,Japan,OO,C,35.5
2010/11,Japan,OO,I,35.5
2010/11,Japan,TO,C,3.5
2010/11,Japan,TO,E,0.0
2010/11,Japan,TO,I,3.5
2010/11,Jordan,OO,C,20.0
2010/11,Jordan,OO,E,1.0
2010/11,Jordan,OO,I,15.0
2010/11,Jordan,OO,P,27.0
2010/11,Jordan,TO,C,51.0
2010/11,Jordan,TO,E,3.0
2010/11,Jordan,TO,I,0.0
2010/11,Jordan,TO,P,54.0
2010/11,Latvia,OO,C,1.5
2010/11,Latvia,OO,E,0.1
2010/11,Latvia,OO,I,0.0
2010/11,Latvia,TO,C,4.0
2010/11,Latvia,TO,E,0.2
2010/11,Latvia,TO,I,0.3
2010/11,Lebanon,OO,C,20.0
2010/11,Lebanon,OO,E,3.0
2010/11,Lebanon,OO,I,0.0
2010/11,Lebanon,OO,P,32.0
2010/11,Lebanon,TO,C,25.0
2010/11,Lebanon,TO,E,2.0
2010/11,Lebanon,TO,I,1.0
2010/11,Lebanon,TO,P,40.0
2010/11,Libya,OO,C,15.0
2010/11,Libya,OO,E,0.0
2010/11,Libya,OO,I,0.0
2010/11,Libya,OO,P,15.0
2010/11,Libya,TO,C,7.5
2010/11,Libya,TO,E,0.0
2010/11,Libya,TO,I,4.5
2010/11,Libya,TO,P,3.0
2010/11,Lithuania,OO,C,1.0
2010/11,Lithuania,OO,E,0.6
2010/11,Lithuania,OO,I,0.0
2010/11,Lithuania,TO,C,1.4
2010/11,Lithuania,TO,E,0.1
2010/11,Lithuania,TO,I,0.0
2010/11,Luxembourg,OO,C,1.2
2010/11,Luxembourg,OO,E,0.0
2010/11,Luxembourg,OO,I,0.0
2010/11,Luxembourg,TO,C,0.6
2010/11,Luxembourg,TO,E,0.0
2010/11,Luxembourg,TO,I,0.0
2010/11,Malta,OO,C,0.6
2010/11,Malta,OO,E,0.0
2010/11,Malta,OO,I,0.0
2010/11,Malta,TO,C,1.4
2010/11,Malta,TO,E,0.0
2010/11,Malta,TO,I,0.0
2010/11,Mexico,OO,C,10.0
2010/11,Mexico,OO,E,0.0
2010/11,Mexico,OO,I,10.0
2010/11,Mexico,OO,P,0.0
2010/11,Mexico,TO,C,17.0
2010/11,Mexico,TO,E,0.5
2010/11,Mexico,TO,I,9.0
2010/11,Mexico,TO,P,8.0
2010/11,Montenegro,OO,C,0.5
2010/11,Montenegro,OO,E,0.0
2010/11,Montenegro,OO,I,0.0
2010/11,Montenegro,OO,P,0.5
2010/11,Montenegro,TO,C,0.0
2010/11,Montenegro,TO,E,0.0
2010/11,Montenegro,TO,I,0.0
2010/11,Montenegro,TO,P,0.0
2010/11,Morocco,OO,C,100.0
2010/11,Morocco,OO,E,30.5
2010/11,Morocco,OO,I,4.0
2010/11,Morocco,OO,P,130.0
2010/11,Morocco,TO,C,32.0
2010/11,Morocco,TO,E,77.0
2010/11,Morocco,TO,I,0.0
2010/11,Morocco,TO,P,110.0
2010/11,Netherlands,OO,C,16.3
2010/11,Netherlands,OO,E,0.6
2010/11,Netherlands,OO,I,0.8
2010/11,Netherlands,TO,C,6.5
2010/11,Netherlands,TO,E,0.5
2010/11,Netherlands,TO,I,2.2
2010/11,Norway,OO,C,3.0
2010/11,Norway,OO,I,3.0
2010/11,Oth.non-prod.,OO,C,40.0
2010/11,Oth.non-prod.,OO,I,40.0
2010/11,Oth.non-prod.,TO,C,50.0
2010/11,Oth.non-prod.,TO,E,0.0
2010/11,Oth.non-prod.,TO,I,50.0
2010/11,Other pr.coun.,OO,C,13.0
2010/11,Other pr.coun.,OO,E,5.0
2010/11,Other pr.coun.,OO,I,3.0
2010/11,Other pr.coun.,OO,P,15.0
2010/11,Other pr.coun.,TO,C,25.0
2010/11,Other pr.coun.,TO,E,0.0
2010/11,Other pr.coun.,TO,I,10.0
2010/11,Other pr.coun.,TO,P,15.0
2010/11,Palestine,OO,C,16.0
2010/11,Palestine,OO,E,4.0
2010/11,Palestine,OO,I,0.0
2010/11,Palestine,OO,P,25.0
2010/11,Palestine,TO,C,10.5
2010/11,Palestine,TO,E,0.0
2010/11,Palestine,TO,I,0.0
2010/11,Palestine,TO,P,11.0
2010/11,Peru,TO,C,50.0
2010/11,Peru,TO,E,21.5
2010/11,Peru,TO,I,0.0
2010/11,Peru,TO,P,72.5
2010/11,Poland,OO,C,9.6
2010/11,Poland,OO,E,0.2
2010/11,Poland,OO,I,0.0
2010/11,Poland,TO,C,9.8
2010/11,Poland,TO,E,0.7
2010/11,Poland,TO,I,0.0
2010/11,Portugal,OO,C,82.0
2010/11,Portugal,OO,E,42.7
2010/11,Portugal,OO,I,0.0
2010/11,Portugal,OO,P,62.9
2010/11,Portugal,TO,C,10.0
2010/11,Portugal,TO,E,15.6
2010/11,Portugal,TO,I,0.1
2010/11,Portugal,TO,P,10.3
2010/11,Romania,OO,C,5.7
2010/11,Romania,OO,E,0.0
2010/11,Romania,OO,I,0.0
2010/11,Romania,TO,C,23.5
2010/11,Romania,TO,E,0.0
2010/11,Romania,TO,I,18.2
2010/11,Russia,OO,C,21.0
2010/11,Russia,OO,I,21.0
2010/11,Russia,TO,C,71.5
2010/11,Russia,TO,E,0.0
2010/11,Russia,TO,I,71.5
2010/11,Saudi Arabia,OO,C,15.0
2010/11,Saudi Arabia,OO,E,0.5
2010/11,Saudi Arabia,OO,I,13.5
2010/11,Saudi Arabia,OO,P,3.0
2010/11,Saudi Arabia,TO,C,32.0
2010/11,Saudi Arabia,TO,E,0.0
2010/11,Saudi Arabia,TO,I,27.5
2010/11,Saudi Arabia,TO,P,4.5
2010/11,Slovakia,OO,C,1.8
2010/11,Slovakia,OO,E,0.0
2010/11,Slovakia,OO,I,0.0
2010/11,Slovakia,TO,C,2.0
2010/11,Slovakia,TO,E,0.0
2010/11,Slovakia,TO,I,0.0
2010/11,Slovenia,OO,C,2.1
2010/11,Slovenia,OO,E,0.1
2010/11,Slovenia,OO,I,0.0
2010/11,Slovenia,OO,P,0.7
2010/11,Slovenia,TO,C,1.0
2010/11,Slovenia,TO,E,0.0
2010/11,Slovenia,TO,I,0.0
2010/11,Slovenia,TO,P,0.0
2010/11,Spain,OO,C,554.2
2010/11,Spain,OO,E,196.2
2010/11,Spain,OO,I,14.7
2010/11,Spain,OO,P,1391.9
2010/11,Spain,TO,C,150.0
2010/11,Spain,TO,E,211.3
2010/11,Spain,TO,I,2.5
2010/11,Spain,TO,P,608.6
2010/11,Sweden,OO,C,8.1
2010/11,Sweden,OO,E,0.0
2010/11,Sweden,OO,I,0.0
2010/11,Sweden,TO,C,10.4
2010/11,Sweden,TO,E,0.1
2010/11,Sweden,TO,I,0.9
2010/11,Switzerland,OO,C,13.0
2010/11,Switzerland,OO,I,13.0
2010/11,Switzerland,TO,C,6.0
2010/11,Switzerland,TO,E,0.0
2010/11,Switzerland,TO,I,6.0
2010/11,Syria,OO,C,130.5
2010/11,Syria,OO,E,23.0
2010/11,Syria,OO,I,0.0
2010/11,Syria,OO,P,180.0
2010/11,Syria,TO,C,122.0
2010/11,Syria,TO,E,30.0
2010/11,Syria,TO,I,0.0
2010/11,Syria,TO,P,147.0
2010/11,Taiwan,OO,C,5.0
2010/11,Taiwan,OO,I,5.0
2010/11,Tunisia,OO,C,30.0
2010/11,Tunisia,OO,E,108.0
2010/11,Tunisia,OO,I,0.0
2010/11,Tunisia,OO,P,120.0
2010/11,Tunisia,TO,C,20.0
2010/11,Tunisia,TO,E,1.0
2010/11,Tunisia,TO,I,0.0
2010/11,Tunisia,TO,P,20.0
2010/11,Türkiye,OO,C,131.0
2010/11,Türkiye,OO,E,12.0
2010/11,Türkiye,OO,I,0.0
2010/11,Türkiye,OO,P,160.0
2010/11,Türkiye,TO,C,300.0
2010/11,Türkiye,TO,E,72.0
2010/11,Türkiye,TO,I,0.0
2010/11,Türkiye,TO,P,330.0
2010/11,United King.,OO,C,69.5
2010/11,United King.,OO,E,0.4
2010/11,United King.,OO,I,0.3
2010/11,United King.,TO,C,39.6
2010/11,United King.,TO,E,0.2
2010/11,United King.,TO,I,4.9
2010/11,USA,OO,C,275.0
2010/11,USA,OO,E,3.0
2010/11,USA,OO,I,275.0
2010/11,USA,OO,P,4.0
2010/11,USA,TO,C,240.0
2010/11,USA,TO,E,4.0
2010/11,USA,TO,I,138.0
2010/11,USA,TO,P,154.0
2011/12,Albania,OO,C,8.0
2011/12,Albania,OO,E,0.0
2011/12,Albania,OO,I,1.0
2011/12,Albania,OO,P,7.0
2011/12,Albania,TO,C,28.0
2011/12,Albania,TO,E,1.5
2011/12,Albania,TO,I,2.5
2011/12,Albania,TO,P,27.0
2011/12,Algeria,OO,C,42.5
2011/12,Algeria,OO,E,0.0
2011/12,Algeria,OO,I,0.0
2011/12,Algeria,OO,P,39.5
2011/12,Algeria,TO,C,166.0
2011/12,Algeria,TO,E,0.0
2011/12,Algeria,TO,I,15.5
2011/12,Algeria,TO,P,145.5
2011/12,Argentina,OO,C,6.0
2011/12,Argentina,OO,E,23.5
2011/12,Argentina,OO,I,0.0
2011/12,Argentina,OO,P,32.0
2011/12,Argentina,TO,C,35.0
2011/12,Argentina,TO,E,89.5
2011/12,Argentina,TO,I,2.0
2011/12,Argentina,TO,P,150.0
2011/12,Australia,OO,C,40.0
2011/12,Australia,OO,E,6.5
2011/12,Australia,OO,I,31.5
2011/12,Australia,OO,P,15.5
2011/12,Australia,TO,C,21.0
2011/12,Australia,TO,E,0.0
2011/12,Australia,TO,I,17.5
2011/12,Australia,TO,P,3.5
2011/12,Austria,OO,C,9.2
2011/12,Austria,OO,E,0.7
2011/12,Austria,OO,I,0.0
2011/12,Austria,TO,C,6.5
2011/12,Austria,TO,E,0.2
2011/12,Austria,TO,I,0.9
2011/12,Belgium,OO,C,13.4
2011/12,Belgium,OO,E,0.3
2011/12,Belgium,OO,I,0.7
2011/12,Belgium,TO,C,13.1
2011/12,Belgium,TO,E,0.5
2011/12,Belgium,TO,I,14.3
2011/12,Brazil,OO,C,68.0
2011/12,Brazil,OO,E,0.0
2011/12,Brazil,OO,I,68.0
2011/12,Brazil,TO,C,101.5
2011/12,Brazil,TO,E,0.0
2011/12,Brazil,TO,I,101.5
2011/12,Bulgaria,OO,C,1.9
2011/12,Bulgaria,OO,E,0.1
2011/12,Bulgaria,OO,I,0.0
2011/12,Bulgaria,TO,C,28.1
2011/12,Bulgaria,TO,E,0.1
2011/12,Bulgaria,TO,I,9.9
2011/12,Canada,OO,C,39.5
2011/12,Canada,OO,I,39.5
2011/12,Canada,TO,C,27.5
2011/12,Canada,TO,E,0.0
2011/12,Canada,TO,I,27.5
2011/12,Chile,OO,C,13.0
2011/12,Chile,OO,E,10.0
2011/12,Chile,OO,I,1.0
2011/12,Chile,OO,P,21.5
2011/12,Chile,TO,C,32.0
2011/12,Chile,TO,E,6.0
2011/12,Chile,TO,I,4.5
2011/12,Chile,TO,P,34.0
2011/12,China,OO,C,40.0
2011/12,China,OO,I,40.0
2011/12,Croatia,OO,C,6.0
2011/12,Croatia,OO,E,0.0
2011/12,Croatia,OO,I,2.5
2011/12,Croatia,OO,P,4.0
2011/12,Croatia,TO,C,2.0
2011/12,Croatia,TO,E,1.0
2011/12,Croatia,TO,I,1.5
2011/12,Croatia,TO,P,1.0
2011/12,Cyprus,OO,C,6.3
2011/12,Cyprus,OO,E,0.1
2011/12,Cyprus,OO,I,0.0
2011/12,Cyprus,OO,P,6.5
2011/12,Cyprus,TO,C,4.4
2011/12,Cyprus,TO,E,0.0
2011/12,Cyprus,TO,I,0.1
2011/12,Cyprus,TO,P,3.6
2011/12,Czech. Rep.,OO,C,5.0
2011/12,Czech. Rep.,OO,E,0.1
2011/12,Czech. Rep.,OO,I,0.0
2011/12,Czech. Rep.,TO,C,5.0
2011/12,Czech. Rep.,TO,E,0.1
2011/12,Czech. Rep.,TO,I,0.0
2011/12,Denmark,OO,C,4.8
2011/12,Denmark,OO,E,0.1
2011/12,Denmark,OO,I,0.0
2011/12,Denmark,TO,C,3.7
2011/12,Denmark,TO,E,0.1
2011/12,Denmark,TO,I,0.2
2011/12,Egypt,OO,C,7.5
2011/12,Egypt,OO,E,3.0
2011/12,Egypt,OO,I,1.5
2011/12,Egypt,OO,P,9.0
2011/12,Egypt,TO,C,300.0
2011/12,Egypt,TO,E,93.5
2011/12,Egypt,TO,I,1.0
2011/12,Egypt,TO,P,384.5
2011/12,Estonia,OO,C,0.6
2011/12,Estonia,OO,E,0.0
2011/12,Estonia,OO,I,0.0
2011/12,Estonia,TO,C,0.4
2011/12,Estonia,TO,E,0.2
2011/12,Estonia,TO,I,0.0
2011/12,EU,OO,C,835.0
2011/12,EU,OO,E,555.5
2011/12,EU,OO,I,96.5
2011/12,EU,OO,P,2395.0
2011/12,EU,TO,C,664.5
2011/12,EU,TO,E,298.0
2011/12,EU,TO,I,98.5
2011/12,EU,TO,P,741.0
2011/12,Finland,OO,C,2.7
2011/12,Finland,OO,E,0.2
2011/12,Finland,OO,I,0.0
2011/12,Finland,TO,C,3.3
2011/12,Finland,TO,E,0.5
2011/12,Finland,TO,I,0.0
2011/12,France,OO,C,112.0
2011/12,France,OO,E,1.9
2011/12,France,OO,I,6.7
2011/12,France,OO,P,3.2
2011/12,France,TO,C,56.2
2011/12,France,TO,E,1.7
2011/12,France,TO,I,26.8
2011/12,France,TO,P,1.1
2011/12,Germany,OO,C,61.0
2011/12,Germany,OO,E,0.6
2011/12,Germany,OO,I,0.6
2011/12,Germany,TO,C,65.1
2011/12,Germany,TO,E,1.2
2011/12,Germany,TO,I,9.4
2011/12,Greece,OO,C,200.0
2011/12,Greece,OO,E,15.5
2011/12,Greece,OO,I,0.1
2011/12,Greece,OO,P,294.6
2011/12,Greece,TO,C,15.0
2011/12,Greece,TO,E,57.5
2011/12,Greece,TO,I,3.5
2011/12,Greece,TO,P,130.0
2011/12,Hungary,OO,C,2.1
2011/12,Hungary,OO,E,0.2
2011/12,Hungary,OO,I,0.0
2011/12,Hungary,TO,C,1.5
2011/12,Hungary,TO,E,0.4
2011/12,Hungary,TO,I,0.0
2011/12,Iran,OO,C,11.0
2011/12,Iran,OO,E,0.0
2011/12,Iran,OO,I,4.5
2011/12,Iran,OO,P,7.0
2011/12,Iran,TO,C,37.5
2011/12,Iran,TO,E,0.0
2011/12,Iran,TO,I,3.5
2011/12,Iran,TO,P,35.0
2011/12,Iraq,OO,C,6.0
2011/12,Iraq,OO,E,0.0
2011/12,Iraq,OO,I,6.0
2011/12,Iraq,TO,C,23.5
2011/12,Iraq,TO,E,0.0
2011/12,Iraq,TO,I,15.5
2011/12,Iraq,TO,P,8.0
2011/12,Ireland,OO,C,4.8
2011/12,Ireland,OO,E,0.0
2011/12,Ireland,OO,I,0.0
2011/12,Ireland,TO,C,0.9
2011/12,Ireland,TO,E,0.0
2011/12,Ireland,TO,I,0.0
2011/12,Israel,OO,C,15.5
2011/12,Israel,OO,E,0.5
2011/12,Israel,OO,I,3.0
2011/12,Israel,OO,P,13.0
2011/12,Israel,TO,C,21.0
2011/12,Israel,TO,E,1.0
2011/12,Israel,TO,I,6.0
2011/12,Israel,TO,P,17.0
2011/12,Italy,OO,C,610.0
2011/12,Italy,OO,E,233.2
2011/12,Italy,OO,I,73.9
2011/12,Italy,OO,P,399.2
2011/12,Italy,TO,C,139.8
2011/12,Italy,TO,E,5.0
2011/12,Italy,TO,I,6.9
2011/12,Italy,TO,P,75.7
2011/12,Japan,OO,C,43.0
2011/12,Japan,OO,I,43.0
2011/12,Japan,TO,C,4.0
2011/12,Japan,TO,E,0.0
2011/12,Japan,TO,I,4.0
2011/12,Jordan,OO,C,17.0
2011/12,Jordan,OO,E,1.0
2011/12,Jordan,OO,I,0.0
2011/12,Jordan,OO,P,19.5
2011/12,Jordan,TO,C,19.0
2011/12,Jordan,TO,E,7.5
2011/12,Jordan,TO,I,1.0
2011/12,Jordan,TO,P,26.0
2011/12,Latvia,OO,C,1.6
2011/12,Latvia,OO,E,0.1
2011/12,Latvia,OO,I,0.0
2011/12,Latvia,TO,C,0.9
2011/12,Latvia,TO,E,0.1
2011/12,Latvia,TO,I,0.0
2011/12,Lebanon,OO,C,20.0
2011/12,Lebanon,OO,E,4.0
2011/12,Lebanon,OO,I,2.5
2011/12,Lebanon,OO,P,14.0
2011/12,Lebanon,TO,C,25.0
2011/12,Lebanon,TO,E,1.5
2011/12,Lebanon,TO,I,2.0
2011/12,Lebanon,TO,P,17.5
2011/12,Libya,OO,C,15.0
2011/12,Libya,OO,E,0.0
2011/12,Libya,OO,I,0.0
2011/12,Libya,OO,P,15.0
2011/12,Libya,TO,C,14.0
2011/12,Libya,TO,E,0.0
2011/12,Libya,TO,I,11.0
2011/12,Libya,TO,P,3.0
2011/12,Lithuania,OO,C,0.8
2011/12,Lithuania,OO,E,0.8
2011/12,Lithuania,OO,I,0.0
2011/12,Lithuania,TO,C,1.5
2011/12,Lithuania,TO,E,0.3
2011/12,Lithuania,TO,I,0.0
2011/12,Luxembourg,OO,C,1.4
2011/12,Luxembourg,OO,E,0.0
2011/12,Luxembourg,OO,I,0.0
2011/12,Luxembourg,TO,C,0.6
2011/12,Luxembourg,TO,E,0.0
2011/12,Luxembourg,TO,I,0.1
2011/12,Malta,OO,C,0.7
2011/12,Malta,OO,E,0.0
2011/12,Malta,OO,I,0.0
2011/12,Malta,TO,C,1.2
2011/12,Malta,TO,E,0.0
2011/12,Malta,TO,I,0.0
2011/12,Malta,TO,P,0.1
2011/12,Mexico,OO,C,11.5
2011/12,Mexico,OO,E,0.0
2011/12,Mexico,OO,I,11.5
2011/12,Mexico,OO,P,0.0
2011/12,Mexico,TO,C,18.0
2011/12,Mexico,TO,E,0.0
2011/12,Mexico,TO,I,9.5
2011/12,Mexico,TO,P,8.0
2011/12,Montenegro,OO,C,0.5
2011/12,Montenegro,OO,E,0.0
2011/12,Montenegro,OO,I,0.0
2011/12,Montenegro,OO,P,0.5
2011/12,Montenegro,TO,C,0.0
2011/12,Montenegro,TO,E,0.0
2011/12,Montenegro,TO,I,0.0
2011/12,Montenegro,TO,P,0.0
2011/12,Morocco,OO,C,122.0
2011/12,Morocco,OO,E,11.0
2011/12,Morocco,OO,I,0.0
2011/12,Morocco,OO,P,120.0
2011/12,Morocco,TO,C,32.0
2011/12,Morocco,TO,E,68.0
2011/12,Morocco,TO,I,0.0
2011/12,Morocco,TO,P,100.0
2011/12,Netherlands,OO,C,14.6
2011/12,Netherlands,OO,E,0.7
2011/12,Netherlands,OO,I,0.0
2011/12,Netherlands,TO,C,7.4
2011/12,Netherlands,TO,E,1.0
2011/12,Netherlands,TO,I,1.9
2011/12,Norway,OO,C,3.0
2011/12,Norway,OO,I,3.0
2011/12,Oth.non-prod.,OO,C,55.0
2011/12,Oth.non-prod.,OO,I,55.0
2011/12,Oth.non-prod.,TO,C,70.5
2011/12,Oth.non-prod.,TO,E,0.0
2011/12,Oth.non-prod.,TO,I,70.5
2011/12,Other pr.coun.,OO,C,13.0
2011/12,Other pr.coun.,OO,E,5.0
2011/12,Other pr.coun.,OO,I,3.0
2011/12,Other pr.coun.,OO,P,15.0
2011/12,Other pr.coun.,TO,C,25.0
2011/12,Other pr.coun.,TO,E,0.0
2011/12,Other pr.coun.,TO,I,10.0
2011/12,Other pr.coun.,TO,P,15.0
2011/12,Palestine,OO,C,13.5
2011/12,Palestine,OO,E,3.5
2011/12,Palestine,OO,I,0.0
2011/12,Palestine,OO,P,15.5
2011/12,Palestine,TO,C,8.0
2011/12,Palestine,TO,E,0.0
2011/12,Palestine,TO,I,0.0
2011/12,Palestine,TO,P,9.0
2011/12,Peru,TO,C,50.0
2011/12,Peru,TO,E,32.0
2011/12,Peru,TO,I,0.0
2011/12,Peru,TO,P,81.0
2011/12,Poland,OO,C,10.4
2011/12,Poland,OO,E,0.2
2011/12,Poland,OO,I,0.0
2011/12,Poland,TO,C,8.5
2011/12,Poland,TO,E,2.9
2011/12,Poland,TO,I,0.1
2011/12,Portugal,OO,C,78.0
2011/12,Portugal,OO,E,51.5
2011/12,Portugal,OO,I,0.1
2011/12,Portugal,OO,P,76.2
2011/12,Portugal,TO,C,7.0
2011/12,Portugal,TO,E,16.5
2011/12,Portugal,TO,I,0.0
2011/12,Portugal,TO,P,9.0
2011/12,Romania,OO,C,3.7
2011/12,Romania,OO,E,0.1
2011/12,Romania,OO,I,0.0
2011/12,Romania,TO,C,22.0
2011/12,Romania,TO,E,0.0
2011/12,Romania,TO,I,16.9
2011/12,Russia,OO,C,24.0
2011/12,Russia,OO,I,24.0
2011/12,Russia,TO,C,68.0
2011/12,Russia,TO,E,0.0
2011/12,Russia,TO,I,68.0
2011/12,Saudi Arabia,OO,C,16.0
2011/12,Saudi Arabia,OO,E,0.5
2011/12,Saudi Arabia,OO,I,13.5
2011/12,Saudi Arabia,OO,P,3.0
2011/12,Saudi Arabia,TO,C,41.0
2011/12,Saudi Arabia,TO,E,0.0
2011/12,Saudi Arabia,TO,I,36.5
2011/12,Saudi Arabia,TO,P,4.5
2011/12,Slovakia,OO,C,1.8
2011/12,Slovakia,OO,E,0.0
2011/12,Slovakia,OO,I,0.0
2011/12,Slovakia,TO,C,1.7
2011/12,Slovakia,TO,E,0.0
2011/12,Slovakia,TO,I,0.0
2011/12,Slovenia,OO,C,1.9
2011/12,Slovenia,OO,E,0.1
2011/12,Slovenia,OO,I,0.0
2011/12,Slovenia,OO,P,0.5
2011/12,Slovenia,TO,C,1.0
2011/12,Slovenia,TO,E,0.1
2011/12,Slovenia,TO,I,0.0
2011/12,Slovenia,TO,P,0.0
2011/12,Spain,OO,C,574.0
2011/12,Spain,OO,E,248.0
2011/12,Spain,OO,I,14.2
2011/12,Spain,OO,P,1615.0
2011/12,Spain,TO,C,217.9
2011/12,Spain,TO,E,209.1
2011/12,Spain,TO,I,1.5
2011/12,Spain,TO,P,521.5
2011/12,Sweden,OO,C,8.4
2011/12,Sweden,OO,E,0.1
2011/12,Sweden,OO,I,0.0
2011/12,Sweden,TO,C,10.3
2011/12,Sweden,TO,E,0.1
2011/12,Sweden,TO,I,0.8
2011/12,Switzerland,OO,C,13.5
2011/12,Switzerland,OO,I,13.5
2011/12,Switzerland,TO,C,6.0
2011/12,Switzerland,TO,E,0.0
2011/12,Switzerland,TO,I,6.0
2011/12,Syria,OO,C,135.5
2011/12,Syria,OO,E,25.0
2011/12,Syria,OO,I,0.0
2011/12,Syria,OO,P,198.0
2011/12,Syria,TO,C,132.0
2011/12,Syria,TO,E,35.0
2011/12,Syria,TO,I,0.0
2011/12,Syria,TO,P,172.0
2011/12,Taiwan,OO,C,5.0
2011/12,Taiwan,OO,I,5.0
2011/12,Tunisia,OO,C,35.0
2011/12,Tunisia,OO,E,129.5
2011/12,Tunisia,OO,I,0.0
2011/12,Tunisia,OO,P,182.0
2011/12,Tunisia,TO,C,20.0
2011/12,Tunisia,TO,E,1.0
2011/12,Tunisia,TO,I,0.0
2011/12,Tunisia,TO,P,24.0
2011/12,Türkiye,OO,C,150.0
2011/12,Türkiye,OO,E,20.0
2011/12,Türkiye,OO,I,0.0
2011/12,Türkiye,OO,P,191.0
2011/12,Türkiye,TO,C,350.0
2011/12,Türkiye,TO,E,60.0
2011/12,Türkiye,TO,I,0.0
2011/12,Türkiye,TO,P,400.0
2011/12,United King.,OO,C,59.2
2011/12,United King.,OO,E,0.9
2011/12,United King.,OO,I,0.3
2011/12,United King.,TO,C,41.6
2011/12,United King.,TO,E,0.3
2011/12,United King.,TO,I,5.2
2011/12,USA,OO,C,300.0
2011/12,USA,OO,E,4.5
2011/12,USA,OO,I,300.0
2011/12,USA,OO,P,4.0
2011/12,USA,TO,C,210.0
2011/12,USA,TO,E,4.0
2011/12,USA,TO,I,132.0
2011/12,USA,TO,P,26.0
2012/13,Albania,OO,C,13.0
2012/13,Albania,OO,E,0.0
2012/13,Albania,OO,I,1.0
2012/13,Albania,OO,P,12.0
2012/13,Albania,TO,C,41.0
2012/13,Albania,TO,E,2.0
2012/13,Albania,TO,I,2.0
2012/13,Albania,TO,P,41.0
2012/13,Algeria,OO,C,60.5
2012/13,Algeria,OO,E,0.0
2012/13,Algeria,OO,I,0.0
2012/13,Algeria,OO,P,66.0
2012/13,Algeria,TO,C,172.0
2012/13,Algeria,TO,E,0.0
2012/13,Algeria,TO,I,12.0
2012/13,Algeria,TO,P,175.0
2012/13,Argentina,OO,C,6.0
2012/13,Argentina,OO,E,12.0
2012/13,Argentina,OO,I,0.0
2012/13,Argentina,OO,P,17.0
2012/13,Argentina,TO,C,35.0
2012/13,Argentina,TO,E,68.0
2012/13,Argentina,TO,I,0.0
2012/13,Argentina,TO,P,60.0
2012/13,Australia,OO,C,37.0
2012/13,Australia,OO,E,2.5
2012/13,Australia,OO,I,28.5
2012/13,Australia,OO,P,9.5
2012/13,Australia,TO,C,21.0
2012/13,Australia,TO,E,0.0
2012/13,Australia,TO,I,17.5
2012/13,Australia,TO,P,3.5
2012/13,Austria,OO,C,8.0
2012/13,Austria,OO,E,0.6
2012/13,Austria,OO,I,0.0
2012/13,Austria,TO,C,4.1
2012/13,Austria,TO,E,0.2
2012/13,Austria,TO,I,0.6
2012/13,Belgium,OO,C,13.8
2012/13,Belgium,OO,E,0.4
2012/13,Belgium,OO,I,0.9
2012/13,Belgium,TO,C,9.1
2012/13,Belgium,TO,E,0.4
2012/13,Belgium,TO,I,9.2
2012/13,Brazil,OO,C,73.0
2012/13,Brazil,OO,E,0.0
2012/13,Brazil,OO,I,73.0
2012/13,Brazil,TO,C,109.0
2012/13,Brazil,TO,E,0.0
2012/13,Brazil,TO,I,109.0
2012/13,Bulgaria,OO,C,2.0
2012/13,Bulgaria,OO,E,0.1
2012/13,Bulgaria,OO,I,0.0
2012/13,Bulgaria,TO,C,13.2
2012/13,Bulgaria,TO,E,0.1
2012/13,Bulgaria,TO,I,8.5
2012/13,Canada,OO,C,37.0
2012/13,Canada,OO,I,37.0
2012/13,Canada,TO,C,29.0
2012/13,Canada,TO,E,0.0
2012/13,Canada,TO,I,29.0
2012/13,Chile,OO,C,6.0
2012/13,Chile,OO,E,10.0
2012/13,Chile,OO,I,0.5
2012/13,Chile,OO,P,15.0
2012/13,Chile,TO,C,32.0
2012/13,Chile,TO,E,6.0
2012/13,Chile,TO,I,4.5
2012/13,Chile,TO,P,34.0
2012/13,China,OO,C,39.0
2012/13,China,OO,I,39.0
2012/13,Croatia,OO,C,6.0
2012/13,Croatia,OO,E,0.0
2012/13,Croatia,OO,I,2.5
2012/13,Croatia,OO,P,4.0
2012/13,Croatia,TO,C,2.0
2012/13,Croatia,TO,E,0.5
2012/13,Croatia,TO,I,1.5
2012/13,Croatia,TO,P,1.0
2012/13,Cyprus,OO,C,6.0
2012/13,Cyprus,OO,E,0.1
2012/13,Cyprus,OO,I,0.0
2012/13,Cyprus,OO,P,5.6
2012/13,Cyprus,TO,C,3.4
2012/13,Cyprus,TO,E,0.0
2012/13,Cyprus,TO,I,0.1
2012/13,Cyprus,TO,P,2.8
2012/13,Czech. Rep.,OO,C,4.0
2012/13,Czech. Rep.,OO,E,0.1
2012/13,Czech. Rep.,OO,I,0.0
2012/13,Czech. Rep.,TO,C,9.2
2012/13,Czech. Rep.,TO,E,0.2
2012/13,Czech. Rep.,TO,I,0.0
2012/13,Denmark,OO,C,5.8
2012/13,Denmark,OO,E,0.1
2012/13,Denmark,OO,I,0.0
2012/13,Denmark,TO,C,2.3
2012/13,Denmark,TO,E,0.0
2012/13,Denmark,TO,I,0.1
2012/13,Egypt,OO,C,12.0
2012/13,Egypt,OO,E,4.0
2012/13,Egypt,OO,I,1.0
2012/13,Egypt,OO,P,16.5
2012/13,Egypt,TO,C,330.0
2012/13,Egypt,TO,E,127.5
2012/13,Egypt,TO,I,0.5
2012/13,Egypt,TO,P,453.0
2012/13,Estonia,OO,C,0.5
2012/13,Estonia,OO,E,0.0
2012/13,Estonia,OO,I,0.0
2012/13,Estonia,TO,C,0.5
2012/13,Estonia,TO,E,0.0
2012/13,Estonia,TO,I,0.0
2012/13,EU,OO,C,1.0
2012/13,EU,OO,E,491.0
2012/13,EU,OO,I,153.0
2012/13,EU,OO,P,1461.5
2012/13,EU,TO,C,589.0
2012/13,EU,TO,E,270.0
2012/13,EU,TO,I,82.0
2012/13,EU,TO,P,780.5
2012/13,Finland,OO,C,2.9
2012/13,Finland,OO,E,0.3
2012/13,Finland,OO,I,0.0
2012/13,Finland,TO,C,1.9
2012/13,Finland,TO,E,0.2
2012/13,Finland,TO,I,0.0
2012/13,France,OO,C,113.1
2012/13,France,OO,E,1.7
2012/13,France,OO,I,8.9
2012/13,France,OO,P,5.1
2012/13,France,TO,C,67.3
2012/13,France,TO,E,1.7
2012/13,France,TO,I,27.3
2012/13,France,TO,P,1.4
2012/13,Germany,OO,C,60.5
2012/13,Germany,OO,E,0.6
2012/13,Germany,OO,I,0.4
2012/13,Germany,TO,C,40.8
2012/13,Germany,TO,E,0.7
2012/13,Germany,TO,I,7.1
2012/13,Greece,OO,C,180.0
2012/13,Greece,OO,E,18.0
2012/13,Greece,OO,I,0.0
2012/13,Greece,OO,P,357.9
2012/13,Greece,TO,C,20.0
2012/13,Greece,TO,E,61.5
2012/13,Greece,TO,I,3.9
2012/13,Greece,TO,P,197.0
2012/13,Hungary,OO,C,2.2
2012/13,Hungary,OO,E,0.0
2012/13,Hungary,OO,I,0.0
2012/13,Hungary,TO,C,1.2
2012/13,Hungary,TO,E,0.2
2012/13,Hungary,TO,I,0.0
2012/13,Iran,OO,C,8.5
2012/13,Iran,OO,E,0.0
2012/13,Iran,OO,I,4.0
2012/13,Iran,OO,P,3.5
2012/13,Iran,TO,C,49.0
2012/13,Iran,TO,E,0.0
2012/13,Iran,TO,I,1.0
2012/13,Iran,TO,P,48.0
2012/13,Iraq,OO,C,6.0
2012/13,Iraq,OO,E,0.0
2012/13,Iraq,OO,I,6.0
2012/13,Iraq,TO,C,23.5
2012/13,Iraq,TO,E,0.0
2012/13,Iraq,TO,I,15.5
2012/13,Iraq,TO,P,8.0
2012/13,Ireland,OO,C,5.8
2012/13,Ireland,OO,E,0.0
2012/13,Ireland,OO,I,0.0
2012/13,Ireland,TO,C,1.1
2012/13,Ireland,TO,E,0.0
2012/13,Ireland,TO,I,0.0
2012/13,Israel,OO,C,19.5
2012/13,Israel,OO,E,0.5
2012/13,Israel,OO,I,3.0
2012/13,Israel,OO,P,18.0
2012/13,Israel,TO,C,24.0
2012/13,Israel,TO,E,0.0
2012/13,Israel,TO,I,5.0
2012/13,Israel,TO,P,19.0
2012/13,Italy,OO,C,550.0
2012/13,Italy,OO,E,217.6
2012/13,Italy,OO,I,79.2
2012/13,Italy,OO,P,415.5
2012/13,Italy,TO,C,145.2
2012/13,Italy,TO,E,6.2
2012/13,Italy,TO,I,5.5
2012/13,Italy,TO,P,76.0
2012/13,Japan,OO,C,51.0
2012/13,Japan,OO,I,51.0
2012/13,Japan,TO,C,4.0
2012/13,Japan,TO,E,0.0
2012/13,Japan,TO,I,4.0
2012/13,Jordan,OO,C,20.0
2012/13,Jordan,OO,E,1.5
2012/13,Jordan,OO,I,0.0
2012/13,Jordan,OO,P,21.5
2012/13,Jordan,TO,C,23.0
2012/13,Jordan,TO,E,0.5
2012/13,Jordan,TO,I,0.0
2012/13,Jordan,TO,P,28.0
2012/13,Latvia,OO,C,1.5
2012/13,Latvia,OO,E,0.1
2012/13,Latvia,OO,I,0.0
2012/13,Latvia,TO,C,0.5
2012/13,Latvia,TO,E,0.1
2012/13,Latvia,TO,I,0.0
2012/13,Lebanon,OO,C,20.0
2012/13,Lebanon,OO,E,4.0
2012/13,Lebanon,OO,I,2.5
2012/13,Lebanon,OO,P,14.0
2012/13,Lebanon,TO,C,25.0
2012/13,Lebanon,TO,E,1.0
2012/13,Lebanon,TO,I,2.0
2012/13,Lebanon,TO,P,17.5
2012/13,Libya,OO,C,15.0
2012/13,Libya,OO,E,0.0
2012/13,Libya,OO,I,0.0
2012/13,Libya,OO,P,15.0
2012/13,Libya,TO,C,14.0
2012/13,Libya,TO,E,0.0
2012/13,Libya,TO,I,11.0
2012/13,Libya,TO,P,3.0
2012/13,Lithuania,OO,C,1.1
2012/13,Lithuania,OO,E,0.7
2012/13,Lithuania,OO,I,0.0
2012/13,Lithuania,TO,C,0.8
2012/13,Lithuania,TO,E,0.2
2012/13,Lithuania,TO,I,0.0
2012/13,Luxembourg,OO,C,3.0
2012/13,Luxembourg,OO,E,0.0
2012/13,Luxembourg,OO,I,0.0
2012/13,Luxembourg,TO,C,0.9
2012/13,Luxembourg,TO,E,0.0
2012/13,Luxembourg,TO,I,0.1
2012/13,Malta,OO,C,0.7
2012/13,Malta,OO,E,0.0
2012/13,Malta,OO,I,0.0
2012/13,Malta,TO,C,1.6
2012/13,Malta,TO,E,0.0
2012/13,Malta,TO,I,0.0
2012/13,Malta,TO,P,0.0
2012/13,Mexico,OO,C,14.0
2012/13,Mexico,OO,E,0.5
2012/13,Mexico,OO,I,14.5
2012/13,Mexico,OO,P,0.0
2012/13,Mexico,TO,C,16.5
2012/13,Mexico,TO,E,0.0
2012/13,Mexico,TO,I,8.0
2012/13,Mexico,TO,P,8.0
2012/13,Montenegro,OO,C,0.5
2012/13,Montenegro,OO,E,0.0
2012/13,Montenegro,OO,I,0.0
2012/13,Montenegro,OO,P,0.5
2012/13,Montenegro,TO,C,0.0
2012/13,Montenegro,TO,E,0.0
2012/13,Montenegro,TO,I,0.0
2012/13,Montenegro,TO,P,0.0
2012/13,Morocco,OO,C,129.0
2012/13,Morocco,OO,E,10.0
2012/13,Morocco,OO,I,16.0
2012/13,Morocco,OO,P,100.0
2012/13,Morocco,TO,C,32.0
2012/13,Morocco,TO,E,72.5
2012/13,Morocco,TO,I,0.0
2012/13,Morocco,TO,P,100.0
2012/13,Netherlands,OO,C,14.4
2012/13,Netherlands,OO,E,0.9
2012/13,Netherlands,OO,I,0.7
2012/13,Netherlands,TO,C,2.4
2012/13,Netherlands,TO,E,5.3
2012/13,Netherlands,TO,I,1.1
2012/13,Norway,OO,C,3.5
2012/13,Norway,OO,I,3.5
2012/13,Oth.non-prod.,OO,C,60.0
2012/13,Oth.non-prod.,OO,I,60.0
2012/13,Oth.non-prod.,TO,C,70.5
2012/13,Oth.non-prod.,TO,E,0.0
2012/13,Oth.non-prod.,TO,I,70.5
2012/13,Other pr.coun.,OO,C,13.0
2012/13,Other pr.coun.,OO,E,5.0
2012/13,Other pr.coun.,OO,I,3.0
2012/13,Other pr.coun.,OO,P,15.0
2012/13,Other pr.coun.,TO,C,25.0
2012/13,Other pr.coun.,TO,E,0.0
2012/13,Other pr.coun.,TO,I,10.0
2012/13,Other pr.coun.,TO,P,15.0
2012/13,Palestine,OO,C,13.5
2012/13,Palestine,OO,E,3.5
2012/13,Palestine,OO,I,0.0
2012/13,Palestine,OO,P,15.5
2012/13,Palestine,TO,C,8.0
2012/13,Palestine,TO,E,0.0
2012/13,Palestine,TO,I,0.0
2012/13,Palestine,TO,P,9.0
2012/13,Peru,TO,C,40.0
2012/13,Peru,TO,E,23.0
2012/13,Peru,TO,I,0.0
2012/13,Peru,TO,P,57.5
2012/13,Poland,OO,C,7.9
2012/13,Poland,OO,E,0.7
2012/13,Poland,OO,I,0.0
2012/13,Poland,TO,C,7.6
2012/13,Poland,TO,E,3.4
2012/13,Poland,TO,I,0.1
2012/13,Portugal,OO,C,74.0
2012/13,Portugal,OO,E,50.5
2012/13,Portugal,OO,I,8.1
2012/13,Portugal,OO,P,59.2
2012/13,Portugal,TO,C,6.0
2012/13,Portugal,TO,E,10.3
2012/13,Portugal,TO,I,0.0
2012/13,Portugal,TO,P,12.5
2012/13,Romania,OO,C,3.5
2012/13,Romania,OO,E,0.0
2012/13,Romania,OO,I,0.0
2012/13,Romania,TO,C,17.5
2012/13,Romania,TO,E,0.0
2012/13,Romania,TO,I,8.3
2012/13,Russia,OO,C,27.0
2012/13,Russia,OO,I,27.0
2012/13,Russia,TO,C,75.0
2012/13,Russia,TO,E,0.0
2012/13,Russia,TO,I,75.0
2012/13,Saudi Arabia,OO,C,21.0
2012/13,Saudi Arabia,OO,E,0.5
2012/13,Saudi Arabia,OO,I,19.5
2012/13,Saudi Arabia,OO,P,3.0
2012/13,Saudi Arabia,TO,C,41.0
2012/13,Saudi Arabia,TO,E,0.0
2012/13,Saudi Arabia,TO,I,36.5
2012/13,Saudi Arabia,TO,P,4.5
2012/13,Slovakia,OO,C,1.6
2012/13,Slovakia,OO,E,0.0
2012/13,Slovakia,OO,I,0.0
2012/13,Slovakia,TO,C,1.7
2012/13,Slovakia,TO,E,0.0
2012/13,Slovakia,TO,I,0.0
2012/13,Slovenia,OO,C,1.9
2012/13,Slovenia,OO,E,0.0
2012/13,Slovenia,OO,I,0.0
2012/13,Slovenia,OO,P,0.2
2012/13,Slovenia,TO,C,0.6
2012/13,Slovenia,TO,E,0.0
2012/13,Slovenia,TO,I,0.0
2012/13,Slovenia,TO,P,0.0
2012/13,Spain,OO,C,486.9
2012/13,Spain,OO,E,197.6
2012/13,Spain,OO,I,54.7
2012/13,Spain,OO,P,618.2
2012/13,Spain,TO,C,188.6
2012/13,Spain,TO,E,179.3
2012/13,Spain,TO,I,5.3
2012/13,Spain,TO,P,491.0
2012/13,Sweden,OO,C,8.3
2012/13,Sweden,OO,E,0.1
2012/13,Sweden,OO,I,0.0
2012/13,Sweden,TO,C,7.1
2012/13,Sweden,TO,E,0.0
2012/13,Sweden,TO,I,0.5
2012/13,Switzerland,OO,C,13.5
2012/13,Switzerland,OO,I,13.5
2012/13,Switzerland,TO,C,6.0
2012/13,Switzerland,TO,E,0.0
2012/13,Switzerland,TO,I,6.0
2012/13,Syria,OO,C,160.5
2012/13,Syria,OO,E,30.0
2012/13,Syria,OO,I,0.0
2012/13,Syria,OO,P,175.0
2012/13,Syria,TO,C,104.0
2012/13,Syria,TO,E,23.0
2012/13,Syria,TO,I,0.0
2012/13,Syria,TO,P,134.0
2012/13,Taiwan,OO,C,6.0
2012/13,Taiwan,OO,I,6.0
2012/13,Tunisia,OO,C,40.0
2012/13,Tunisia,OO,E,170.0
2012/13,Tunisia,OO,I,0.0
2012/13,Tunisia,OO,P,220.0
2012/13,Tunisia,TO,C,22.0
2012/13,Tunisia,TO,E,2.5
2012/13,Tunisia,TO,I,0.0
2012/13,Tunisia,TO,P,25.0
2012/13,Türkiye,OO,C,150.0
2012/13,Türkiye,OO,E,92.0
2012/13,Türkiye,OO,I,0.0
2012/13,Türkiye,OO,P,195.0
2012/13,Türkiye,TO,C,350.0
2012/13,Türkiye,TO,E,70.0
2012/13,Türkiye,TO,I,0.0
2012/13,Türkiye,TO,P,410.0
2012/13,United King.,OO,C,62.0
2012/13,United King.,OO,E,1.2
2012/13,United King.,OO,I,0.3
2012/13,United King.,TO,C,34.6
2012/13,United King.,TO,E,0.3
2012/13,United King.,TO,I,4.3
2012/13,USA,OO,C,287.0
2012/13,USA,OO,E,6.0
2012/13,USA,OO,I,288.0
2012/13,USA,OO,P,4.0
2012/13,USA,TO,C,210.0
2012/13,USA,TO,E,3.5
2012/13,USA,TO,I,143.0
2012/13,USA,TO,P,78.0
2013/14,Albania,OO,C,11.5
2013/14,Albania,OO,E,0.0
2013/14,Albania,OO,I,1.0
2013/14,Albania,OO,P,10.5
2013/14,Albania,TO,C,29.0
2013/14,Albania,TO,E,2.0
2013/14,Albania,TO,I,2.5
2013/14,Albania,TO,P,28.5
2013/14,Algeria,OO,C,48.5
2013/14,Algeria,OO,E,0.0
2013/14,Algeria,OO,I,0.0
2013/14,Algeria,OO,P,44.0
2013/14,Algeria,TO,C,205.0
2013/14,Algeria,TO,E,0.0
2013/14,Algeria,TO,I,8.0
2013/14,Algeria,TO,P,208.0
2013/14,Argentina,OO,C,6.5
2013/14,Argentina,OO,E,21.5
2013/14,Argentina,OO,I,0.0
2013/14,Argentina,OO,P,30.0
2013/14,Argentina,TO,C,35.5
2013/14,Argentina,TO,E,72.0
2013/14,Argentina,TO,I,0.0
2013/14,Argentina,TO,P,140.0
2013/14,Australia,OO,C,37.0
2013/14,Australia,OO,E,4.5
2013/14,Australia,OO,I,28.0
2013/14,Australia,OO,P,13.5
2013/14,Australia,TO,C,21.0
2013/14,Australia,TO,E,0.0
2013/14,Australia,TO,I,18.0
2013/14,Australia,TO,P,3.0
2013/14,Austria,OO,C,8.7
2013/14,Austria,OO,E,0.6
2013/14,Austria,OO,I,0.0
2013/14,Austria,TO,C,4.4
2013/14,Austria,TO,E,0.2
2013/14,Austria,TO,I,0.6
2013/14,Belgium,OO,C,15.4
2013/14,Belgium,OO,E,0.5
2013/14,Belgium,OO,I,0.7
2013/14,Belgium,TO,C,8.8
2013/14,Belgium,TO,E,0.4
2013/14,Belgium,TO,I,10.1
2013/14,Brazil,OO,C,72.5
2013/14,Brazil,OO,E,0.0
2013/14,Brazil,OO,I,72.5
2013/14,Brazil,TO,C,114.0
2013/14,Brazil,TO,E,0.0
2013/14,Brazil,TO,I,114.0
2013/14,Bulgaria,OO,C,2.8
2013/14,Bulgaria,OO,E,0.1
2013/14,Bulgaria,OO,I,0.0
2013/14,Bulgaria,TO,C,11.9
2013/14,Bulgaria,TO,E,0.1
2013/14,Bulgaria,TO,I,8.0
2013/14,Canada,OO,C,40.5
2013/14,Canada,OO,I,40.5
2013/14,Canada,TO,C,29.0
2013/14,Canada,TO,E,0.0
2013/14,Canada,TO,I,29.0
2013/14,Chile,OO,C,5.0
2013/14,Chile,OO,E,10.0
2013/14,Chile,OO,I,1.0
2013/14,Chile,OO,P,15.0
2013/14,Chile,TO,C,34.0
2013/14,Chile,TO,E,2.0
2013/14,Chile,TO,I,14.5
2013/14,Chile,TO,P,34.0
2013/14,China,OO,C,32.0
2013/14,China,OO,I,32.0
2013/14,Croatia,OO,C,7.1
2013/14,Croatia,OO,E,0.1
2013/14,Croatia,OO,I,0.0
2013/14,Croatia,OO,P,4.6
2013/14,Croatia,TO,C,1.3
2013/14,Croatia,TO,E,0.1
2013/14,Croatia,TO,I,0.0
2013/14,Croatia,TO,P,1.0
2013/14,Cyprus,OO,C,6.3
2013/14,Cyprus,OO,E,0.0
2013/14,Cyprus,OO,I,0.0
2013/14,Cyprus,OO,P,3.8
2013/14,Cyprus,TO,C,3.6
2013/14,Cyprus,TO,E,0.0
2013/14,Cyprus,TO,I,0.3
2013/14,Cyprus,TO,P,2.8
2013/14,Czech. Rep.,OO,C,6.3
2013/14,Czech. Rep.,OO,E,0.0
2013/14,Czech. Rep.,OO,I,0.0
2013/14,Czech. Rep.,TO,C,2.2
2013/14,Czech. Rep.,TO,E,0.4
2013/14,Czech. Rep.,TO,I,0.0
2013/14,Denmark,OO,C,6.7
2013/14,Denmark,OO,E,0.1
2013/14,Denmark,OO,I,0.0
2013/14,Denmark,TO,C,2.6
2013/14,Denmark,TO,E,0.0
2013/14,Denmark,TO,I,0.2
2013/14,Egypt,OO,C,18.5
2013/14,Egypt,OO,E,2.0
2013/14,Egypt,OO,I,1.0
2013/14,Egypt,OO,P,20.0
2013/14,Egypt,TO,C,319.0
2013/14,Egypt,TO,E,65.0
2013/14,Egypt,TO,I,0.0
2013/14,Egypt,TO,P,400.0
2013/14,Estonia,OO,C,0.7
2013/14,Estonia,OO,E,0.1
2013/14,Estonia,OO,I,0.0
2013/14,Estonia,TO,C,0.3
2013/14,Estonia,TO,E,0.0
2013/14,Estonia,TO,I,0.0
2013/14,EU,OO,C,894.5
2013/14,EU,OO,E,600.5
2013/14,EU,OO,I,53.0
2013/14,EU,OO,P,2482.5
2013/14,EU,TO,C,530.5
2013/14,EU,TO,E,283.5
2013/14,EU,TO,I,93.0
2013/14,EU,TO,P,794.0
2013/14,Finland,OO,C,4.0
2013/14,Finland,OO,E,0.2
2013/14,Finland,OO,I,0.0
2013/14,Finland,TO,C,2.0
2013/14,Finland,TO,E,0.1
2013/14,Finland,TO,I,0.0
2013/14,France,OO,C,110.6
2013/14,France,OO,E,2.3
2013/14,France,OO,I,7.3
2013/14,France,OO,P,4.8
2013/14,France,TO,C,60.0
2013/14,France,TO,E,1.7
2013/14,France,TO,I,28.9
2013/14,France,TO,P,1.1
2013/14,Germany,OO,C,66.0
2013/14,Germany,OO,E,0.6
2013/14,Germany,OO,I,0.7
2013/14,Germany,TO,C,36.7
2013/14,Germany,TO,E,0.7
2013/14,Germany,TO,I,7.8
2013/14,Greece,OO,C,140.0
2013/14,Greece,OO,E,15.7
2013/14,Greece,OO,I,0.0
2013/14,Greece,OO,P,132.0
2013/14,Greece,TO,C,14.0
2013/14,Greece,TO,E,55.5
2013/14,Greece,TO,I,4.1
2013/14,Greece,TO,P,130.0
2013/14,Hungary,OO,C,2.7
2013/14,Hungary,OO,E,0.0
2013/14,Hungary,OO,I,0.0
2013/14,Hungary,TO,C,1.7
2013/14,Hungary,TO,E,0.2
2013/14,Hungary,TO,I,0.1
2013/14,Iran,OO,C,10.0
2013/14,Iran,OO,E,0.0
2013/14,Iran,OO,I,5.0
2013/14,Iran,OO,P,5.0
2013/14,Iran,TO,C,63.5
2013/14,Iran,TO,E,0.0
2013/14,Iran,TO,I,0.5
2013/14,Iran,TO,P,67.5
2013/14,Iraq,OO,C,6.0
2013/14,Iraq,OO,E,0.0
2013/14,Iraq,OO,I,6.0
2013/14,Iraq,TO,C,23.5
2013/14,Iraq,TO,E,0.0
2013/14,Iraq,TO,I,15.5
2013/14,Iraq,TO,P,8.0
2013/14,Ireland,OO,C,6.4
2013/14,Ireland,OO,E,0.0
2013/14,Ireland,OO,I,0.0
2013/14,Ireland,TO,C,1.3
2013/14,Ireland,TO,E,0.0
2013/14,Ireland,TO,I,0.0
2013/14,Israel,OO,C,20.0
2013/14,Israel,OO,E,0.5
2013/14,Israel,OO,I,4.5
2013/14,Israel,OO,P,15.0
2013/14,Israel,TO,C,19.5
2013/14,Israel,TO,E,0.0
2013/14,Israel,TO,I,5.5
2013/14,Israel,TO,P,14.0
2013/14,Italy,OO,C,641.1
2013/14,Italy,OO,E,233.3
2013/14,Italy,OO,I,26.8
2013/14,Italy,OO,P,463.7
2013/14,Italy,TO,C,119.7
2013/14,Italy,TO,E,7.5
2013/14,Italy,TO,I,7.9
2013/14,Italy,TO,P,69.3
2013/14,Japan,OO,C,54.0
2013/14,Japan,OO,I,54.0
2013/14,Japan,TO,C,4.0
2013/14,Japan,TO,E,0.0
2013/14,Japan,TO,I,4.0
2013/14,Jordan,OO,C,25.0
2013/14,Jordan,OO,E,9.0
2013/14,Jordan,OO,I,0.0
2013/14,Jordan,OO,P,19.0
2013/14,Jordan,TO,C,17.5
2013/14,Jordan,TO,E,4.0
2013/14,Jordan,TO,I,2.0
2013/14,Jordan,TO,P,19.5
2013/14,Latvia,OO,C,1.2
2013/14,Latvia,OO,E,0.1
2013/14,Latvia,OO,I,0.0
2013/14,Latvia,TO,C,0.5
2013/14,Latvia,TO,E,0.1
2013/14,Latvia,TO,I,0.0
2013/14,Lebanon,OO,C,18.0
2013/14,Lebanon,OO,E,6.0
2013/14,Lebanon,OO,I,4.5
2013/14,Lebanon,OO,P,16.5
2013/14,Lebanon,TO,C,20.0
2013/14,Lebanon,TO,E,2.0
2013/14,Lebanon,TO,I,3.0
2013/14,Lebanon,TO,P,16.5
2013/14,Libya,OO,C,15.0
2013/14,Libya,OO,E,2.0
2013/14,Libya,OO,I,0.0
2013/14,Libya,OO,P,18.0
2013/14,Libya,TO,C,14.0
2013/14,Libya,TO,E,0.0
2013/14,Libya,TO,I,11.0
2013/14,Libya,TO,P,3.0
2013/14,Lithuania,OO,C,1.2
2013/14,Lithuania,OO,E,0.7
2013/14,Lithuania,OO,I,0.0
2013/14,Lithuania,TO,C,1.2
2013/14,Lithuania,TO,E,0.3
2013/14,Lithuania,TO,I,0.0
2013/14,Luxembourg,OO,C,1.8
2013/14,Luxembourg,OO,E,0.0
2013/14,Luxembourg,OO,I,0.0
2013/14,Luxembourg,TO,C,0.9
2013/14,Luxembourg,TO,E,0.0
2013/14,Luxembourg,TO,I,0.0
2013/14,Malta,OO,C,1.3
2013/14,Malta,OO,E,0.0
2013/14,Malta,OO,I,0.0
2013/14,Malta,OO,P,0.0
2013/14,Malta,TO,C,1.3
2013/14,Malta,TO,E,0.0
2013/14,Malta,TO,I,0.0
2013/14,Malta,TO,P,0.0
2013/14,Mexico,OO,C,14.0
2013/14,Mexico,OO,E,1.5
2013/14,Mexico,OO,I,15.5
2013/14,Mexico,OO,P,0.0
2013/14,Mexico,TO,C,14.5
2013/14,Mexico,TO,E,2.5
2013/14,Mexico,TO,I,9.0
2013/14,Mexico,TO,P,8.0
2013/14,Montenegro,OO,C,0.5
2013/14,Montenegro,OO,E,0.0
2013/14,Montenegro,OO,I,0.0
2013/14,Montenegro,OO,P,0.5
2013/14,Montenegro,TO,C,0.0
2013/14,Montenegro,TO,E,0.0
2013/14,Montenegro,TO,I,0.0
2013/14,Montenegro,TO,P,0.0
2013/14,Morocco,OO,C,120.0
2013/14,Morocco,OO,E,9.5
2013/14,Morocco,OO,I,9.5
2013/14,Morocco,OO,P,130.0
2013/14,Morocco,TO,C,33.0
2013/14,Morocco,TO,E,87.0
2013/14,Morocco,TO,I,0.5
2013/14,Morocco,TO,P,120.0
2013/14,Netherlands,OO,C,13.9
2013/14,Netherlands,OO,E,0.9
2013/14,Netherlands,OO,I,0.7
2013/14,Netherlands,TO,C,2.7
2013/14,Netherlands,TO,E,5.3
2013/14,Netherlands,TO,I,1.0
2013/14,Norway,OO,C,4.0
2013/14,Norway,OO,I,4.0
2013/14,Oth.non-prod.,OO,C,70.0
2013/14,Oth.non-prod.,OO,I,70.0
2013/14,Oth.non-prod.,TO,C,70.5
2013/14,Oth.non-prod.,TO,E,0.0
2013/14,Oth.non-prod.,TO,I,70.5
2013/14,Other pr.coun.,OO,C,11.5
2013/14,Other pr.coun.,OO,E,5.0
2013/14,Other pr.coun.,OO,I,2.0
2013/14,Other pr.coun.,OO,P,14.5
2013/14,Other pr.coun.,TO,C,25.0
2013/14,Other pr.coun.,TO,E,0.0
2013/14,Other pr.coun.,TO,I,10.0
2013/14,Other pr.coun.,TO,P,15.0
2013/14,Palestine,OO,C,15.0
2013/14,Palestine,OO,E,4.0
2013/14,Palestine,OO,I,0.0
2013/14,Palestine,OO,P,17.5
2013/14,Palestine,TO,C,12.0
2013/14,Palestine,TO,E,0.5
2013/14,Palestine,TO,I,0.0
2013/14,Palestine,TO,P,12.5
2013/14,Peru,TO,C,40.0
2013/14,Peru,TO,E,32.0
2013/14,Peru,TO,I,0.0
2013/14,Peru,TO,P,110.0
2013/14,Poland,OO,C,8.0
2013/14,Poland,OO,E,1.0
2013/14,Poland,OO,I,0.0
2013/14,Poland,TO,C,9.0
2013/14,Poland,TO,E,2.8
2013/14,Poland,TO,I,0.0
2013/14,Portugal,OO,C,75.0
2013/14,Portugal,OO,E,53.8
2013/14,Portugal,OO,I,2.1
2013/14,Portugal,OO,P,91.6
2013/14,Portugal,TO,C,6.0
2013/14,Portugal,TO,E,12.6
2013/14,Portugal,TO,I,0.0
2013/14,Portugal,TO,P,17.5
2013/14,Romania,OO,C,3.6
2013/14,Romania,OO,E,0.0
2013/14,Romania,OO,I,0.0
2013/14,Romania,TO,C,19.2
2013/14,Romania,TO,E,0.0
2013/14,Romania,TO,I,11.4
2013/14,Russia,OO,C,30.0
2013/14,Russia,OO,I,30.0
2013/14,Russia,TO,C,72.5
2013/14,Russia,TO,E,0.0
2013/14,Russia,TO,I,72.5
2013/14,Saudi Arabia,OO,C,22.0
2013/14,Saudi Arabia,OO,E,0.5
2013/14,Saudi Arabia,OO,I,20.0
2013/14,Saudi Arabia,OO,P,3.0
2013/14,Saudi Arabia,TO,C,43.0
2013/14,Saudi Arabia,TO,E,0.0
2013/14,Saudi Arabia,TO,I,38.5
2013/14,Saudi Arabia,TO,P,4.5
2013/14,Slovakia,OO,C,1.7
2013/14,Slovakia,OO,E,0.0
2013/14,Slovakia,OO,I,0.0
2013/14,Slovakia,TO,C,1.4
2013/14,Slovakia,TO,E,0.0
2013/14,Slovakia,TO,I,0.0
2013/14,Slovenia,OO,C,2.3
2013/14,Slovenia,OO,E,0.0
2013/14,Slovenia,OO,I,0.0
2013/14,Slovenia,OO,P,0.6
2013/14,Slovenia,TO,C,0.7
2013/14,Slovenia,TO,E,0.0
2013/14,Slovenia,TO,I,0.0
2013/14,Slovenia,TO,P,0.0
2013/14,Spain,OO,C,524.8
2013/14,Spain,OO,E,289.7
2013/14,Spain,OO,I,14.4
2013/14,Spain,OO,P,1781.5
2013/14,Spain,TO,C,175.4
2013/14,Spain,TO,E,195.2
2013/14,Spain,TO,I,7.8
2013/14,Spain,TO,P,572.2
2013/14,Sweden,OO,C,10.0
2013/14,Sweden,OO,E,0.1
2013/14,Sweden,OO,I,0.1
2013/14,Sweden,TO,C,7.6
2013/14,Sweden,TO,E,0.1
2013/14,Sweden,TO,I,0.8
2013/14,Switzerland,OO,C,13.5
2013/14,Switzerland,OO,I,13.5
2013/14,Switzerland,TO,C,6.5
2013/14,Switzerland,TO,E,0.0
2013/14,Switzerland,TO,I,6.5
2013/14,Syria,OO,C,170.5
2013/14,Syria,OO,E,10.0
2013/14,Syria,OO,I,0.0
2013/14,Syria,OO,P,180.0
2013/14,Syria,TO,C,107.0
2013/14,Syria,TO,E,5.0
2013/14,Syria,TO,I,0.0
2013/14,Syria,TO,P,120.0
2013/14,Taiwan,OO,C,8.5
2013/14,Taiwan,OO,I,8.5
2013/14,Tunisia,OO,C,37.0
2013/14,Tunisia,OO,E,58.0
2013/14,Tunisia,OO,I,0.0
2013/14,Tunisia,OO,P,70.0
2013/14,Tunisia,TO,C,21.0
2013/14,Tunisia,TO,E,2.0
2013/14,Tunisia,TO,I,0.0
2013/14,Tunisia,TO,P,22.0
2013/14,Türkiye,OO,C,105.0
2013/14,Türkiye,OO,E,35.0
2013/14,Türkiye,OO,I,0.0
2013/14,Türkiye,OO,P,135.0
2013/14,Türkiye,TO,C,355.0
2013/14,Türkiye,TO,E,70.5
2013/14,Türkiye,TO,I,0.0
2013/14,Türkiye,TO,P,430.0
2013/14,United King.,OO,C,61.3
2013/14,United King.,OO,E,0.8
2013/14,United King.,OO,I,0.4
2013/14,United King.,TO,C,34.1
2013/14,United King.,TO,E,0.3
2013/14,United King.,TO,I,4.0
2013/14,Uruguay,OO,C,1.5
2013/14,Uruguay,OO,E,0.0
2013/14,Uruguay,OO,I,1.0
2013/14,Uruguay,OO,P,0.5
2013/14,Uruguay,TO,C,4.0
2013/14,Uruguay,TO,E,0.0
2013/14,Uruguay,TO,I,4.0
2013/14,Uruguay,TO,P,0.0
2013/14,USA,OO,C,301.5
2013/14,USA,OO,E,5.5
2013/14,USA,OO,I,302.5
2013/14,USA,OO,P,12.0
2013/14,USA,TO,C,210.5
2013/14,USA,TO,E,8.0
2013/14,USA,TO,I,135.5
2013/14,USA,TO,P,82.5
2014/15,Albania,OO,C,12.5
2014/15,Albania,OO,E,0.0
2014/15,Albania,OO,I,1.5
2014/15,Albania,OO,P,11.0
2014/15,Albania,TO,C,31.0
2014/15,Albania,TO,E,3.0
2014/15,Albania,TO,I,4.5
2014/15,Albania,TO,P,30.0
2014/15,Algeria,OO,C,65.0
2014/15,Algeria,OO,E,0.0
2014/15,Algeria,OO,I,0.5
2014/15,Algeria,OO,P,69.5
2014/15,Algeria,TO,C,240.0
2014/15,Algeria,TO,E,0.0
2014/15,Algeria,TO,I,0.0
2014/15,Algeria,TO,P,233.5
2014/15,Argentina,OO,C,6.5
2014/15,Argentina,OO,E,12.0
2014/15,Argentina,OO,I,0.0
2014/15,Argentina,OO,P,30.0
2014/15,Argentina,TO,C,25.0
2014/15,Argentina,TO,E,46.5
2014/15,Argentina,TO,I,0.0
2014/15,Argentina,TO,P,120.0
2014/15,Australia,OO,C,37.0
2014/15,Australia,OO,E,4.5
2014/15,Australia,OO,I,22.0
2014/15,Australia,OO,P,19.5
2014/15,Australia,TO,C,19.5
2014/15,Australia,TO,E,0.0
2014/15,Australia,TO,I,15.5
2014/15,Australia,TO,P,4.0
2014/15,Austria,OO,C,9.4
2014/15,Austria,OO,E,0.7
2014/15,Austria,OO,I,0.0
2014/15,Austria,TO,C,5.1
2014/15,Austria,TO,E,0.1
2014/15,Austria,TO,I,0.7
2014/15,Belgium,OO,C,14.9
2014/15,Belgium,OO,E,0.7
2014/15,Belgium,OO,I,1.6
2014/15,Belgium,TO,C,9.0
2014/15,Belgium,TO,E,0.5
2014/15,Belgium,TO,I,9.9
2014/15,Brazil,OO,C,66.5
2014/15,Brazil,OO,E,0.0
2014/15,Brazil,OO,I,66.5
2014/15,Brazil,TO,C,103.0
2014/15,Brazil,TO,E,0.0
2014/15,Brazil,TO,I,103.0
2014/15,Bulgaria,OO,C,2.2
2014/15,Bulgaria,OO,E,0.0
2014/15,Bulgaria,OO,I,0.0
2014/15,Bulgaria,TO,C,12.4
2014/15,Bulgaria,TO,E,0.1
2014/15,Bulgaria,TO,I,7.5
2014/15,Canada,OO,C,37.5
2014/15,Canada,OO,I,37.5
2014/15,Canada,TO,C,29.0
2014/15,Canada,TO,E,0.0
2014/15,Canada,TO,I,29.0
2014/15,Chile,OO,C,6.0
2014/15,Chile,OO,E,14.5
2014/15,Chile,OO,I,0.5
2014/15,Chile,OO,P,18.5
2014/15,Chile,TO,C,38.0
2014/15,Chile,TO,E,1.0
2014/15,Chile,TO,I,15.0
2014/15,Chile,TO,P,12.5
2014/15,China,OO,C,33.5
2014/15,China,OO,I,31.0
2014/15,China,OO,P,2.5
2014/15,Croatia,OO,C,4.5
2014/15,Croatia,OO,E,0.2
2014/15,Croatia,OO,I,0.0
2014/15,Croatia,OO,P,1.1
2014/15,Croatia,TO,C,0.8
2014/15,Croatia,TO,E,0.2
2014/15,Croatia,TO,I,0.0
2014/15,Croatia,TO,P,0.2
2014/15,Cyprus,OO,C,6.3
2014/15,Cyprus,OO,E,0.0
2014/15,Cyprus,OO,I,0.0
2014/15,Cyprus,OO,P,6.2
2014/15,Cyprus,TO,C,3.6
2014/15,Cyprus,TO,E,0.1
2014/15,Cyprus,TO,I,0.0
2014/15,Cyprus,TO,P,2.8
2014/15,Czech. Rep.,OO,C,10.0
2014/15,Czech. Rep.,OO,E,0.0
2014/15,Czech. Rep.,OO,I,0.0
2014/15,Czech. Rep.,TO,C,3.3
2014/15,Czech. Rep.,TO,E,0.0
2014/15,Czech. Rep.,TO,I,0.0
2014/15,Denmark,OO,C,5.8
2014/15,Denmark,OO,E,0.1
2014/15,Denmark,OO,I,0.0
2014/15,Denmark,TO,C,2.8
2014/15,Denmark,TO,E,0.0
2014/15,Denmark,TO,I,0.3
2014/15,Egypt,OO,C,20.0
2014/15,Egypt,OO,E,4.0
2014/15,Egypt,OO,I,6.0
2014/15,Egypt,OO,P,17.0
2014/15,Egypt,TO,C,369.0
2014/15,Egypt,TO,E,46.5
2014/15,Egypt,TO,I,0.5
2014/15,Egypt,TO,P,450.5
2014/15,Estonia,OO,C,0.7
2014/15,Estonia,OO,E,0.0
2014/15,Estonia,OO,I,0.0
2014/15,Estonia,TO,C,0.3
2014/15,Estonia,TO,E,0.0
2014/15,Estonia,TO,I,0.0
2014/15,EU,OO,C,1.0
2014/15,EU,OO,E,508.0
2014/15,EU,OO,I,224.5
2014/15,EU,OO,P,1434.5
2014/15,EU,TO,C,542.0
2014/15,EU,TO,E,315.0
2014/15,EU,TO,I,93.0
2014/15,EU,TO,P,868.0
2014/15,Finland,OO,C,3.4
2014/15,Finland,OO,E,0.1
2014/15,Finland,OO,I,0.0
2014/15,Finland,TO,C,2.0
2014/15,Finland,TO,E,0.1
2014/15,Finland,TO,I,0.0
2014/15,France,OO,C,106.0
2014/15,France,OO,E,2.0
2014/15,France,OO,I,10.9
2014/15,France,OO,P,1.7
2014/15,France,TO,C,60.0
2014/15,France,TO,E,1.5
2014/15,France,TO,I,28.6
2014/15,France,TO,P,1.1
2014/15,Germany,OO,C,64.2
2014/15,Germany,OO,E,0.6
2014/15,Germany,OO,I,0.6
2014/15,Germany,TO,C,37.2
2014/15,Germany,TO,E,0.8
2014/15,Germany,TO,I,7.7
2014/15,Greece,OO,C,130.0
2014/15,Greece,OO,E,16.8
2014/15,Greece,OO,I,0.0
2014/15,Greece,OO,P,300.0
2014/15,Greece,TO,C,20.0
2014/15,Greece,TO,E,66.2
2014/15,Greece,TO,I,3.7
2014/15,Greece,TO,P,249.0
2014/15,Hungary,OO,C,2.3
2014/15,Hungary,OO,E,0.0
2014/15,Hungary,OO,I,0.0
2014/15,Hungary,TO,C,2.0
2014/15,Hungary,TO,E,0.2
2014/15,Hungary,TO,I,0.1
2014/15,Iran,OO,C,9.0
2014/15,Iran,OO,E,0.0
2014/15,Iran,OO,I,5.5
2014/15,Iran,OO,P,4.5
2014/15,Iran,TO,C,67.0
2014/15,Iran,TO,E,0.0
2014/15,Iran,TO,I,0.0
2014/15,Iran,TO,P,68.0
2014/15,Iraq,OO,C,1.5
2014/15,Iraq,OO,E,0.0
2014/15,Iraq,OO,I,1.5
2014/15,Iraq,TO,C,30.0
2014/15,Iraq,TO,E,0.0
2014/15,Iraq,TO,I,22.0
2014/15,Iraq,TO,P,8.0
2014/15,Ireland,OO,C,6.1
2014/15,Ireland,OO,E,0.0
2014/15,Ireland,OO,I,0.0
2014/15,Ireland,TO,C,1.4
2014/15,Ireland,TO,E,0.0
2014/15,Ireland,TO,I,0.0
2014/15,Israel,OO,C,20.0
2014/15,Israel,OO,E,0.0
2014/15,Israel,OO,I,2.5
2014/15,Israel,OO,P,18.5
2014/15,Israel,TO,C,22.0
2014/15,Israel,TO,E,0.0
2014/15,Israel,TO,I,5.0
2014/15,Israel,TO,P,17.0
2014/15,Italy,OO,C,571.7
2014/15,Italy,OO,E,199.6
2014/15,Italy,OO,I,96.0
2014/15,Italy,OO,P,222.0
2014/15,Italy,TO,C,101.0
2014/15,Italy,TO,E,7.9
2014/15,Italy,TO,I,6.8
2014/15,Italy,TO,P,42.0
2014/15,Japan,OO,C,59.0
2014/15,Japan,OO,I,59.0
2014/15,Japan,TO,C,4.5
2014/15,Japan,TO,E,0.0
2014/15,Japan,TO,I,4.5
2014/15,Jordan,OO,C,22.0
2014/15,Jordan,OO,E,0.5
2014/15,Jordan,OO,I,0.0
2014/15,Jordan,OO,P,23.0
2014/15,Jordan,TO,C,28.0
2014/15,Jordan,TO,E,5.0
2014/15,Jordan,TO,I,1.0
2014/15,Jordan,TO,P,34.5
2014/15,Latvia,OO,C,0.6
2014/15,Latvia,OO,E,0.1
2014/15,Latvia,OO,I,0.0
2014/15,Latvia,TO,C,0.3
2014/15,Latvia,TO,E,0.1
2014/15,Latvia,TO,I,0.0
2014/15,Lebanon,OO,C,18.0
2014/15,Lebanon,OO,E,7.5
2014/15,Lebanon,OO,I,3.5
2014/15,Lebanon,OO,P,21.0
2014/15,Lebanon,TO,C,19.5
2014/15,Lebanon,TO,E,2.0
2014/15,Lebanon,TO,I,4.0
2014/15,Lebanon,TO,P,17.0
2014/15,Libya,OO,C,15.5
2014/15,Libya,OO,E,0.0
2014/15,Libya,OO,I,0.0
2014/15,Libya,OO,P,15.5
2014/15,Libya,TO,C,11.0
2014/15,Libya,TO,E,0.0
2014/15,Libya,TO,I,8.0
2014/15,Libya,TO,P,3.0
2014/15,Lithuania,OO,C,1.2
2014/15,Lithuania,OO,E,0.5
2014/15,Lithuania,OO,I,0.0
2014/15,Lithuania,TO,C,1.1
2014/15,Lithuania,TO,E,0.6
2014/15,Lithuania,TO,I,0.0
2014/15,Luxembourg,OO,C,1.7
2014/15,Luxembourg,OO,E,0.0
2014/15,Luxembourg,OO,I,0.0
2014/15,Luxembourg,TO,C,1.0
2014/15,Luxembourg,TO,E,0.0
2014/15,Luxembourg,TO,I,0.0
2014/15,Malta,OO,C,1.0
2014/15,Malta,OO,E,0.0
2014/15,Malta,OO,I,0.0
2014/15,Malta,OO,P,0.1
2014/15,Malta,TO,C,0.8
2014/15,Malta,TO,E,0.0
2014/15,Malta,TO,I,0.0
2014/15,Malta,TO,P,0.0
2014/15,Mexico,OO,C,15.5
2014/15,Mexico,OO,E,0.5
2014/15,Mexico,OO,I,16.0
2014/15,Mexico,TO,C,26.0
2014/15,Mexico,TO,E,0.0
2014/15,Mexico,TO,I,10.0
2014/15,Mexico,TO,P,18.5
2014/15,Montenegro,OO,C,0.5
2014/15,Montenegro,OO,E,0.0
2014/15,Montenegro,OO,I,0.0
2014/15,Montenegro,OO,P,0.5
2014/15,Montenegro,TO,C,0.0
2014/15,Montenegro,TO,E,0.0
2014/15,Montenegro,TO,I,0.0
2014/15,Montenegro,TO,P,0.0
2014/15,Morocco,OO,C,120.0
2014/15,Morocco,OO,E,25.0
2014/15,Morocco,OO,I,8.0
2014/15,Morocco,OO,P,120.0
2014/15,Morocco,TO,C,30.0
2014/15,Morocco,TO,E,78.0
2014/15,Morocco,TO,I,0.0
2014/15,Morocco,TO,P,100.0
2014/15,Netherlands,OO,C,13.3
2014/15,Netherlands,OO,E,1.0
2014/15,Netherlands,OO,I,0.8
2014/15,Netherlands,TO,C,5.1
2014/15,Netherlands,TO,E,5.1
2014/15,Netherlands,TO,I,1.6
2014/15,Norway,OO,C,4.0
2014/15,Norway,OO,I,4.0
2014/15,Oth.non-prod.,OO,C,70.0
2014/15,Oth.non-prod.,OO,I,70.0
2014/15,Oth.non-prod.,TO,C,70.0
2014/15,Oth.non-prod.,TO,E,0.0
2014/15,Oth.non-prod.,TO,I,70.0
2014/15,Other pr.coun.,OO,C,11.5
2014/15,Other pr.coun.,OO,E,5.0
2014/15,Other pr.coun.,OO,I,2.0
2014/15,Other pr.coun.,OO,P,14.5
2014/15,Other pr.coun.,TO,C,25.0
2014/15,Other pr.coun.,TO,E,0.0
2014/15,Other pr.coun.,TO,I,10.0
2014/15,Other pr.coun.,TO,P,15.0
2014/15,Palestine,OO,C,17.0
2014/15,Palestine,OO,E,6.5
2014/15,Palestine,OO,I,0.0
2014/15,Palestine,OO,P,24.5
2014/15,Palestine,TO,C,11.0
2014/15,Palestine,TO,E,1.0
2014/15,Palestine,TO,I,0.0
2014/15,Palestine,TO,P,12.0
2014/15,Peru,TO,C,40.0
2014/15,Peru,TO,E,31.5
2014/15,Peru,TO,I,0.0
2014/15,Peru,TO,P,40.5
2014/15,Poland,OO,C,7.8
2014/15,Poland,OO,E,0.6
2014/15,Poland,OO,I,0.0
2014/15,Poland,TO,C,10.6
2014/15,Poland,TO,E,0.3
2014/15,Poland,TO,I,0.0
2014/15,Portugal,OO,C,70.0
2014/15,Portugal,OO,E,47.6
2014/15,Portugal,OO,I,9.4
2014/15,Portugal,OO,P,61.0
2014/15,Portugal,TO,C,5.0
2014/15,Portugal,TO,E,12.4
2014/15,Portugal,TO,I,0.0
2014/15,Portugal,TO,P,17.4
2014/15,Romania,OO,C,3.2
2014/15,Romania,OO,E,0.0
2014/15,Romania,OO,I,0.0
2014/15,Romania,TO,C,20.9
2014/15,Romania,TO,E,0.0
2014/15,Romania,TO,I,9.3
2014/15,Russia,OO,C,19.0
2014/15,Russia,OO,I,19.0
2014/15,Russia,TO,C,23.0
2014/15,Russia,TO,E,0.0
2014/15,Russia,TO,I,23.0
2014/15,Saudi Arabia,OO,C,25.0
2014/15,Saudi Arabia,OO,E,0.5
2014/15,Saudi Arabia,OO,I,22.0
2014/15,Saudi Arabia,OO,P,3.0
2014/15,Saudi Arabia,TO,C,34.5
2014/15,Saudi Arabia,TO,E,0.0
2014/15,Saudi Arabia,TO,I,30.0
2014/15,Saudi Arabia,TO,P,4.5
2014/15,Slovakia,OO,C,1.6
2014/15,Slovakia,OO,E,0.0
2014/15,Slovakia,OO,I,0.0
2014/15,Slovakia,TO,C,3.3
2014/15,Slovakia,TO,E,0.0
2014/15,Slovakia,TO,I,0.0
2014/15,Slovenia,OO,C,2.0
2014/15,Slovenia,OO,E,0.0
2014/15,Slovenia,OO,I,0.0
2014/15,Slovenia,OO,P,0.2
2014/15,Slovenia,TO,C,0.8
2014/15,Slovenia,TO,E,0.0
2014/15,Slovenia,TO,I,0.0
2014/15,Slovenia,TO,P,0.0
2014/15,Spain,OO,C,492.2
2014/15,Spain,OO,E,236.8
2014/15,Spain,OO,I,104.7
2014/15,Spain,OO,P,842.2
2014/15,Spain,TO,C,189.3
2014/15,Spain,TO,E,218.4
2014/15,Spain,TO,I,11.8
2014/15,Spain,TO,P,555.6
2014/15,Sweden,OO,C,9.7
2014/15,Sweden,OO,E,0.1
2014/15,Sweden,OO,I,0.2
2014/15,Sweden,TO,C,8.5
2014/15,Sweden,TO,E,0.0
2014/15,Sweden,TO,I,0.8
2014/15,Switzerland,OO,C,14.0
2014/15,Switzerland,OO,I,14.0
2014/15,Switzerland,TO,C,6.5
2014/15,Switzerland,TO,E,0.0
2014/15,Switzerland,TO,I,6.5
2014/15,Syria,OO,C,126.0
2014/15,Syria,OO,E,0.0
2014/15,Syria,OO,P,105.0
2014/15,Syria,TO,C,92.0
2014/15,Syria,TO,E,4.0
2014/15,Syria,TO,I,0.0
2014/15,Syria,TO,P,75.0
2014/15,Taiwan,OO,C,8.0
2014/15,Taiwan,OO,I,8.0
2014/15,Tunisia,OO,C,30.0
2014/15,Tunisia,OO,E,304.0
2014/15,Tunisia,OO,I,0.0
2014/15,Tunisia,OO,P,340.0
2014/15,Tunisia,TO,C,26.0
2014/15,Tunisia,TO,E,1.0
2014/15,Tunisia,TO,I,0.0
2014/15,Tunisia,TO,P,26.0
2014/15,Türkiye,OO,C,125.0
2014/15,Türkiye,OO,E,30.0
2014/15,Türkiye,OO,I,0.0
2014/15,Türkiye,OO,P,160.0
2014/15,Türkiye,TO,C,330.0
2014/15,Türkiye,TO,E,63.5
2014/15,Türkiye,TO,I,0.0
2014/15,Türkiye,TO,P,390.0
2014/15,United King.,OO,C,62.9
2014/15,United King.,OO,E,0.6
2014/15,United King.,OO,I,0.3
2014/15,United King.,TO,C,34.2
2014/15,United King.,TO,E,0.3
2014/15,United King.,TO,I,4.0
2014/15,Uruguay,OO,C,1.5
2014/15,Uruguay,OO,E,0.0
2014/15,Uruguay,OO,I,1.0
2014/15,Uruguay,OO,P,0.5
2014/15,Uruguay,TO,C,2.5
2014/15,Uruguay,TO,E,0.0
2014/15,Uruguay,TO,I,2.5
2014/15,Uruguay,TO,P,0.0
2014/15,USA,OO,C,295.0
2014/15,USA,OO,E,6.5
2014/15,USA,OO,I,294.5
2014/15,USA,OO,P,5.0
2014/15,USA,TO,C,185.0
2014/15,USA,TO,E,6.0
2014/15,USA,TO,I,152.0
2014/15,USA,TO,P,33.5
2015/16,Albania,OO,C,11.5
2015/16,Albania,OO,E,0.0
2015/16,Albania,OO,I,1.5
2015/16,Albania,OO,P,10.0
2015/16,Albania,TO,C,30.0
2015/16,Albania,TO,E,4.0
2015/16,Albania,TO,I,4.0
2015/16,Albania,TO,P,30.0
2015/16,Algeria,OO,C,80.0
2015/16,Algeria,OO,E,0.0
2015/16,Algeria,OO,I,0.5
2015/16,Algeria,OO,P,82.0
2015/16,Algeria,TO,C,234.0
2015/16,Algeria,TO,E,0.0
2015/16,Algeria,TO,I,11.5
2015/16,Algeria,TO,P,221.0
2015/16,Argentina,OO,C,7.5
2015/16,Argentina,OO,E,31.0
2015/16,Argentina,OO,I,0.0
2015/16,Argentina,OO,P,24.0
2015/16,Argentina,TO,C,35.0
2015/16,Argentina,TO,E,56.0
2015/16,Argentina,TO,I,0.0
2015/16,Argentina,TO,P,73.0
2015/16,Australia,OO,C,42.0
2015/16,Australia,OO,E,4.0
2015/16,Australia,OO,I,26.0
2015/16,Australia,OO,P,20.0
2015/16,Australia,TO,C,21.0
2015/16,Australia,TO,E,0.0
2015/16,Australia,TO,I,17.0
2015/16,Australia,TO,P,4.0
2015/16,Austria,OO,C,8.8
2015/16,Austria,OO,E,0.6
2015/16,Austria,OO,I,0.0
2015/16,Austria,TO,C,4.8
2015/16,Austria,TO,E,0.1
2015/16,Austria,TO,I,0.5
2015/16,Belgium,OO,C,16.7
2015/16,Belgium,OO,E,0.7
2015/16,Belgium,OO,I,2.3
2015/16,Belgium,TO,C,10.7
2015/16,Belgium,TO,E,0.5
2015/16,Belgium,TO,I,10.9
2015/16,Brazil,OO,C,50.0
2015/16,Brazil,OO,E,0.0
2015/16,Brazil,OO,I,50.0
2015/16,Brazil,TO,C,102.0
2015/16,Brazil,TO,E,0.0
2015/16,Brazil,TO,I,102.0
2015/16,Bulgaria,OO,C,2.6
2015/16,Bulgaria,OO,E,0.1
2015/16,Bulgaria,OO,I,0.0
2015/16,Bulgaria,TO,C,11.4
2015/16,Bulgaria,TO,E,0.1
2015/16,Bulgaria,TO,I,4.6
2015/16,Canada,OO,C,41.0
2015/16,Canada,OO,I,41.0
2015/16,Canada,TO,C,30.0
2015/16,Canada,TO,E,0.0
2015/16,Canada,TO,I,30.0
2015/16,Chile,OO,C,5.5
2015/16,Chile,OO,E,10.5
2015/16,Chile,OO,I,0.5
2015/16,Chile,OO,P,17.5
2015/16,Chile,TO,C,27.5
2015/16,Chile,TO,E,0.5
2015/16,Chile,TO,I,15.0
2015/16,Chile,TO,P,13.0
2015/16,China,OO,C,39.0
2015/16,China,OO,I,34.0
2015/16,China,OO,P,5.0
2015/16,Croatia,OO,C,7.8
2015/16,Croatia,OO,E,0.1
2015/16,Croatia,OO,I,0.0
2015/16,Croatia,OO,P,5.5
2015/16,Croatia,TO,C,2.3
2015/16,Croatia,TO,E,0.2
2015/16,Croatia,TO,I,0.0
2015/16,Croatia,TO,P,0.8
2015/16,Cyprus,OO,C,6.2
2015/16,Cyprus,OO,E,0.1
2015/16,Cyprus,OO,I,0.0
2015/16,Cyprus,OO,P,6.0
2015/16,Cyprus,TO,C,3.4
2015/16,Cyprus,TO,E,0.0
2015/16,Cyprus,TO,I,0.0
2015/16,Cyprus,TO,P,2.8
2015/16,Czech. Rep.,OO,C,10.3
2015/16,Czech. Rep.,OO,E,0.0
2015/16,Czech. Rep.,OO,I,0.0
2015/16,Czech. Rep.,TO,C,3.7
2015/16,Czech. Rep.,TO,E,0.0
2015/16,Czech. Rep.,TO,I,0.0
2015/16,Denmark,OO,C,6.4
2015/16,Denmark,OO,E,0.1
2015/16,Denmark,OO,I,0.0
2015/16,Denmark,TO,C,3.0
2015/16,Denmark,TO,E,0.0
2015/16,Denmark,TO,I,0.2
2015/16,Egypt,OO,C,16.5
2015/16,Egypt,OO,E,1.0
2015/16,Egypt,OO,I,0.5
2015/16,Egypt,OO,P,16.5
2015/16,Egypt,TO,C,319.0
2015/16,Egypt,TO,E,56.5
2015/16,Egypt,TO,I,0.0
2015/16,Egypt,TO,P,335.5
2015/16,Estonia,OO,C,0.6
2015/16,Estonia,OO,E,0.0
2015/16,Estonia,OO,I,0.0
2015/16,Estonia,TO,C,0.4
2015/16,Estonia,TO,E,0.0
2015/16,Estonia,TO,I,0.0
2015/16,EU,OO,C,918.5
2015/16,EU,OO,E,573.5
2015/16,EU,OO,I,97.5
2015/16,EU,OO,P,2324.0
2015/16,EU,TO,C,578.5
2015/16,EU,TO,E,278.5
2015/16,EU,TO,I,94.0
2015/16,EU,TO,P,886.5
2015/16,Finland,OO,C,3.5
2015/16,Finland,OO,E,0.1
2015/16,Finland,OO,I,0.0
2015/16,Finland,TO,C,1.9
2015/16,Finland,TO,E,0.1
2015/16,Finland,TO,I,0.0
2015/16,France,OO,C,113.4
2015/16,France,OO,E,2.3
2015/16,France,OO,I,4.5
2015/16,France,OO,P,5.4
2015/16,France,TO,C,65.0
2015/16,France,TO,E,1.7
2015/16,France,TO,I,31.6
2015/16,France,TO,P,1.1
2015/16,Germany,OO,C,62.7
2015/16,Germany,OO,E,0.6
2015/16,Germany,OO,I,0.6
2015/16,Germany,TO,C,41.9
2015/16,Germany,TO,E,0.8
2015/16,Germany,TO,I,9.2
2015/16,Greece,OO,C,140.0
2015/16,Greece,OO,E,19.3
2015/16,Greece,OO,I,0.0
2015/16,Greece,OO,P,320.0
2015/16,Greece,TO,C,15.0
2015/16,Greece,TO,E,72.9
2015/16,Greece,TO,I,5.5
2015/16,Greece,TO,P,194.0
2015/16,Hungary,OO,C,2.8
2015/16,Hungary,OO,E,0.0
2015/16,Hungary,OO,I,0.0
2015/16,Hungary,TO,C,2.4
2015/16,Hungary,TO,E,0.1
2015/16,Hungary,TO,I,0.1
2015/16,Iran,OO,C,10.5
2015/16,Iran,OO,E,0.0
2015/16,Iran,OO,I,5.0
2015/16,Iran,OO,P,5.0
2015/16,Iran,TO,C,58.5
2015/16,Iran,TO,E,0.0
2015/16,Iran,TO,I,0.0
2015/16,Iran,TO,P,60.5
2015/16,Iraq,OO,C,1.5
2015/16,Iraq,OO,E,0.0
2015/16,Iraq,OO,I,1.5
2015/16,Iraq,TO,C,23.5
2015/16,Iraq,TO,E,0.0
2015/16,Iraq,TO,I,15.5
2015/16,Iraq,TO,P,8.0
2015/16,Ireland,OO,C,5.6
2015/16,Ireland,OO,E,0.0
2015/16,Ireland,OO,I,0.0
2015/16,Ireland,TO,C,1.6
2015/16,Ireland,TO,E,0.0
2015/16,Ireland,TO,I,0.0
2015/16,Israel,OO,C,20.0
2015/16,Israel,OO,E,0.0
2015/16,Israel,OO,I,2.0
2015/16,Israel,OO,P,18.0
2015/16,Israel,TO,C,22.0
2015/16,Israel,TO,E,0.0
2015/16,Israel,TO,I,7.0
2015/16,Israel,TO,P,15.0
2015/16,Italy,OO,C,598.1
2015/16,Italy,OO,E,208.1
2015/16,Italy,OO,I,40.6
2015/16,Italy,OO,P,474.6
2015/16,Italy,TO,C,126.3
2015/16,Italy,TO,E,9.8
2015/16,Italy,TO,I,8.2
2015/16,Italy,TO,P,66.0
2015/16,Japan,OO,C,53.5
2015/16,Japan,OO,I,53.5
2015/16,Japan,TO,C,4.0
2015/16,Japan,TO,E,0.0
2015/16,Japan,TO,I,4.0
2015/16,Jordan,OO,C,29.0
2015/16,Jordan,OO,E,0.5
2015/16,Jordan,OO,I,0.0
2015/16,Jordan,OO,P,29.5
2015/16,Jordan,TO,C,32.5
2015/16,Jordan,TO,E,7.0
2015/16,Jordan,TO,I,1.0
2015/16,Jordan,TO,P,35.5
2015/16,Latvia,OO,C,1.6
2015/16,Latvia,OO,E,0.1
2015/16,Latvia,OO,I,0.0
2015/16,Latvia,TO,C,0.4
2015/16,Latvia,TO,E,0.1
2015/16,Latvia,TO,I,0.0
2015/16,Lebanon,OO,C,18.0
2015/16,Lebanon,OO,E,9.5
2015/16,Lebanon,OO,I,4.5
2015/16,Lebanon,OO,P,23.0
2015/16,Lebanon,TO,C,20.0
2015/16,Lebanon,TO,E,2.0
2015/16,Lebanon,TO,I,3.0
2015/16,Lebanon,TO,P,19.0
2015/16,Libya,OO,C,18.0
2015/16,Libya,OO,E,0.0
2015/16,Libya,OO,I,0.0
2015/16,Libya,OO,P,18.0
2015/16,Libya,TO,C,15.5
2015/16,Libya,TO,E,0.0
2015/16,Libya,TO,I,13.5
2015/16,Libya,TO,P,3.0
2015/16,Lithuania,OO,C,1.1
2015/16,Lithuania,OO,E,0.9
2015/16,Lithuania,OO,I,0.0
2015/16,Lithuania,TO,C,1.0
2015/16,Lithuania,TO,E,0.4
2015/16,Lithuania,TO,I,0.0
2015/16,Luxembourg,OO,C,1.6
2015/16,Luxembourg,OO,E,0.0
2015/16,Luxembourg,OO,I,0.0
2015/16,Luxembourg,TO,C,0.9
2015/16,Luxembourg,TO,E,0.0
2015/16,Luxembourg,TO,I,0.0
2015/16,Malta,OO,C,1.0
2015/16,Malta,OO,E,0.0
2015/16,Malta,OO,I,0.0
2015/16,Malta,OO,P,0.0
2015/16,Malta,TO,C,0.7
2015/16,Malta,TO,E,0.0
2015/16,Malta,TO,I,0.0
2015/16,Malta,TO,P,0.0
2015/16,Mexico,OO,C,14.5
2015/16,Mexico,OO,E,0.5
2015/16,Mexico,OO,I,15.0
2015/16,Mexico,TO,C,23.0
2015/16,Mexico,TO,E,10.5
2015/16,Mexico,TO,I,10.0
2015/16,Mexico,TO,P,22.5
2015/16,Montenegro,OO,C,0.5
2015/16,Montenegro,OO,E,0.0
2015/16,Montenegro,OO,I,0.0
2015/16,Montenegro,OO,P,0.5
2015/16,Montenegro,TO,C,0.0
2015/16,Montenegro,TO,E,0.0
2015/16,Montenegro,TO,I,0.0
2015/16,Montenegro,TO,P,0.0
2015/16,Morocco,OO,C,120.0
2015/16,Morocco,OO,E,17.0
2015/16,Morocco,OO,I,9.0
2015/16,Morocco,OO,P,130.0
2015/16,Morocco,TO,C,31.0
2015/16,Morocco,TO,E,88.0
2015/16,Morocco,TO,I,0.0
2015/16,Morocco,TO,P,120.0
2015/16,Netherlands,OO,C,14.6
2015/16,Netherlands,OO,E,1.0
2015/16,Netherlands,OO,I,0.9
2015/16,Netherlands,TO,C,8.6
2015/16,Netherlands,TO,E,0.6
2015/16,Netherlands,TO,I,1.6
2015/16,Norway,OO,C,4.0
2015/16,Norway,OO,I,4.0
2015/16,Oth.non-prod.,OO,C,65.0
2015/16,Oth.non-prod.,OO,I,65.0
2015/16,Oth.non-prod.,TO,C,60.0
2015/16,Oth.non-prod.,TO,E,0.0
2015/16,Oth.non-prod.,TO,I,60.0
2015/16,Other pr.coun.,OO,C,12.0
2015/16,Other pr.coun.,OO,E,5.0
2015/16,Other pr.coun.,OO,I,2.0
2015/16,Other pr.coun.,OO,P,15.0
2015/16,Other pr.coun.,TO,C,25.0
2015/16,Other pr.coun.,TO,E,0.0
2015/16,Other pr.coun.,TO,I,10.0
2015/16,Other pr.coun.,TO,P,15.0
2015/16,Palestine,OO,C,17.0
2015/16,Palestine,OO,E,4.5
2015/16,Palestine,OO,I,0.0
2015/16,Palestine,OO,P,21.0
2015/16,Palestine,TO,C,10.0
2015/16,Palestine,TO,E,1.0
2015/16,Palestine,TO,I,0.0
2015/16,Palestine,TO,P,11.0
2015/16,Peru,TO,C,32.0
2015/16,Peru,TO,E,24.5
2015/16,Peru,TO,I,0.5
2015/16,Peru,TO,P,56.0
2015/16,Poland,OO,C,7.4
2015/16,Poland,OO,E,0.7
2015/16,Poland,OO,I,0.0
2015/16,Poland,TO,C,10.8
2015/16,Poland,TO,E,0.6
2015/16,Poland,TO,I,0.1
2015/16,Portugal,OO,C,70.0
2015/16,Portugal,OO,E,40.5
2015/16,Portugal,OO,I,0.9
2015/16,Portugal,OO,P,109.1
2015/16,Portugal,TO,C,5.8
2015/16,Portugal,TO,E,12.8
2015/16,Portugal,TO,I,0.0
2015/16,Portugal,TO,P,20.8
2015/16,Romania,OO,C,3.6
2015/16,Romania,OO,E,0.0
2015/16,Romania,OO,I,0.0
2015/16,Romania,TO,C,25.4
2015/16,Romania,TO,E,0.0
2015/16,Romania,TO,I,9.4
2015/16,Russia,OO,C,19.5
2015/16,Russia,OO,I,19.5
2015/16,Russia,TO,C,22.0
2015/16,Russia,TO,E,0.0
2015/16,Russia,TO,I,22.0
2015/16,Saudi Arabia,OO,C,25.0
2015/16,Saudi Arabia,OO,E,0.5
2015/16,Saudi Arabia,OO,I,22.0
2015/16,Saudi Arabia,OO,P,3.0
2015/16,Saudi Arabia,TO,C,30.5
2015/16,Saudi Arabia,TO,E,0.0
2015/16,Saudi Arabia,TO,I,26.0
2015/16,Saudi Arabia,TO,P,4.5
2015/16,Slovakia,OO,C,1.8
2015/16,Slovakia,OO,E,0.0
2015/16,Slovakia,OO,I,0.0
2015/16,Slovakia,TO,C,2.5
2015/16,Slovakia,TO,E,0.0
2015/16,Slovakia,TO,I,0.0
2015/16,Slovenia,OO,C,2.0
2015/16,Slovenia,OO,E,0.1
2015/16,Slovenia,OO,I,0.0
2015/16,Slovenia,OO,P,0.5
2015/16,Slovenia,TO,C,0.8
2015/16,Slovenia,TO,E,0.0
2015/16,Slovenia,TO,I,0.0
2015/16,Slovenia,TO,P,0.0
2015/16,Spain,OO,C,494.5
2015/16,Spain,OO,E,297.8
2015/16,Spain,OO,I,47.3
2015/16,Spain,OO,P,1403.3
2015/16,Spain,TO,C,182.7
2015/16,Spain,TO,E,177.3
2015/16,Spain,TO,I,7.3
2015/16,Spain,TO,P,601.0
2015/16,Sweden,OO,C,10.6
2015/16,Sweden,OO,E,0.1
2015/16,Sweden,OO,I,0.1
2015/16,Sweden,TO,C,8.7
2015/16,Sweden,TO,E,0.0
2015/16,Sweden,TO,I,1.0
2015/16,Switzerland,OO,C,14.5
2015/16,Switzerland,OO,I,14.5
2015/16,Switzerland,TO,C,7.0
2015/16,Switzerland,TO,E,0.0
2015/16,Switzerland,TO,I,7.0
2015/16,Syria,OO,C,104.0
2015/16,Syria,OO,E,6.0
2015/16,Syria,OO,I,0.0
2015/16,Syria,OO,P,110.0
2015/16,Syria,TO,C,147.0
2015/16,Syria,TO,E,3.0
2015/16,Syria,TO,I,0.0
2015/16,Syria,TO,P,150.0
2015/16,Taiwan,OO,C,6.5
2015/16,Taiwan,OO,I,6.5
2015/16,Tunisia,OO,C,35.0
2015/16,Tunisia,OO,E,102.5
2015/16,Tunisia,OO,I,0.0
2015/16,Tunisia,OO,P,140.0
2015/16,Tunisia,TO,C,23.0
2015/16,Tunisia,TO,E,2.0
2015/16,Tunisia,TO,I,0.0
2015/16,Tunisia,TO,P,26.0
2015/16,Türkiye,OO,C,116.0
2015/16,Türkiye,OO,E,15.0
2015/16,Türkiye,OO,I,0.0
2015/16,Türkiye,OO,P,150.0
2015/16,Türkiye,TO,C,318.5
2015/16,Türkiye,TO,E,72.0
2015/16,Türkiye,TO,I,0.0
2015/16,Türkiye,TO,P,397.0
2015/16,United King.,OO,C,65.1
2015/16,United King.,OO,E,0.2
2015/16,United King.,OO,I,0.3
2015/16,United King.,TO,C,36.7
2015/16,United King.,TO,E,0.4
2015/16,United King.,TO,I,3.8
2015/16,Uruguay,OO,C,1.5
2015/16,Uruguay,OO,E,0.0
2015/16,Uruguay,OO,I,1.0
2015/16,Uruguay,OO,P,0.5
2015/16,Uruguay,TO,C,2.5
2015/16,Uruguay,TO,E,0.0
2015/16,Uruguay,TO,I,2.5
2015/16,Uruguay,TO,P,0.0
2015/16,USA,OO,C,321.0
2015/16,USA,OO,E,7.5
2015/16,USA,OO,I,314.0
2015/16,USA,OO,P,14.0
2015/16,USA,TO,C,215.0
2015/16,USA,TO,E,5.5
2015/16,USA,TO,I,154.0
2015/16,USA,TO,P,70.5
2016/17,Albania,OO,C,13.0
2016/17,Albania,OO,E,0.0
2016/17,Albania,OO,I,1.5
2016/17,Albania,OO,P,11.5
2016/17,Albania,TO,C,31.5
2016/17,Albania,TO,E,4.0
2016/17,Albania,TO,I,4.0
2016/17,Albania,TO,P,38.0
2016/17,Algeria,OO,C,67.0
2016/17,Algeria,OO,E,0.0
2016/17,Algeria,OO,I,0.0
2016/17,Algeria,OO,P,63.0
2016/17,Algeria,TO,C,297.0
2016/17,Algeria,TO,E,0.0
2016/17,Algeria,TO,I,11.0
2016/17,Algeria,TO,P,293.0
2016/17,Argentina,OO,C,7.5
2016/17,Argentina,OO,E,16.5
2016/17,Argentina,OO,I,0.0
2016/17,Argentina,OO,P,24.0
2016/17,Argentina,TO,C,40.0
2016/17,Argentina,TO,E,61.5
2016/17,Argentina,TO,I,0.0
2016/17,Argentina,TO,P,96.0
2016/17,Australia,OO,C,45.0
2016/17,Australia,OO,E,4.5
2016/17,Australia,OO,I,29.0
2016/17,Australia,OO,P,21.0
2016/17,Australia,TO,C,21.5
2016/17,Australia,TO,E,0.0
2016/17,Australia,TO,I,17.5
2016/17,Australia,TO,P,4.0
2016/17,Austria,OO,C,9.1
2016/17,Austria,OO,E,0.5
2016/17,Austria,OO,I,0.0
2016/17,Austria,TO,C,4.0
2016/17,Austria,TO,E,0.2
2016/17,Austria,TO,I,0.5
2016/17,Belgium,OO,C,14.4
2016/17,Belgium,OO,E,0.4
2016/17,Belgium,OO,I,2.0
2016/17,Belgium,TO,C,12.2
2016/17,Belgium,TO,E,0.3
2016/17,Belgium,TO,I,11.7
2016/17,Brazil,OO,C,59.5
2016/17,Brazil,OO,E,0.0
2016/17,Brazil,OO,I,59.5
2016/17,Brazil,TO,C,114.0
2016/17,Brazil,TO,E,0.0
2016/17,Brazil,TO,I,114.0
2016/17,Bulgaria,OO,C,2.3
2016/17,Bulgaria,OO,E,0.0
2016/17,Bulgaria,OO,I,0.0
2016/17,Bulgaria,TO,C,12.4
2016/17,Bulgaria,TO,E,0.2
2016/17,Bulgaria,TO,I,4.8
2016/17,Canada,OO,C,39.5
2016/17,Canada,OO,I,39.5
2016/17,Canada,TO,C,28.5
2016/17,Canada,TO,E,0.0
2016/17,Canada,TO,I,28.5
2016/17,Chile,OO,C,6.0
2016/17,Chile,OO,E,13.0
2016/17,Chile,OO,I,1.0
2016/17,Chile,OO,P,20.0
2016/17,Chile,TO,C,28.0
2016/17,Chile,TO,E,1.0
2016/17,Chile,TO,I,18.5
2016/17,Chile,TO,P,13.0
2016/17,China,OO,C,44.0
2016/17,China,OO,I,39.0
2016/17,China,OO,P,5.0
2016/17,Croatia,OO,C,7.9
2016/17,Croatia,OO,E,0.1
2016/17,Croatia,OO,I,0.0
2016/17,Croatia,OO,P,5.0
2016/17,Croatia,TO,C,2.4
2016/17,Croatia,TO,E,0.2
2016/17,Croatia,TO,I,0.0
2016/17,Croatia,TO,P,0.7
2016/17,Cyprus,OO,C,6.3
2016/17,Cyprus,OO,E,0.1
2016/17,Cyprus,OO,I,0.0
2016/17,Cyprus,OO,P,6.0
2016/17,Cyprus,TO,C,3.5
2016/17,Cyprus,TO,E,0.0
2016/17,Cyprus,TO,I,0.0
2016/17,Cyprus,TO,P,2.8
2016/17,Czech. Rep.,OO,C,6.8
2016/17,Czech. Rep.,OO,E,0.0
2016/17,Czech. Rep.,OO,I,0.0
2016/17,Czech. Rep.,TO,C,3.8
2016/17,Czech. Rep.,TO,E,0.0
2016/17,Czech. Rep.,TO,I,0.0
2016/17,Denmark,OO,C,5.3
2016/17,Denmark,OO,E,0.1
2016/17,Denmark,OO,I,0.0
2016/17,Denmark,TO,C,3.0
2016/17,Denmark,TO,E,0.0
2016/17,Denmark,TO,I,0.3
2016/17,Egypt,OO,C,22.0
2016/17,Egypt,OO,E,6.5
2016/17,Egypt,OO,I,0.0
2016/17,Egypt,OO,P,30.0
2016/17,Egypt,TO,C,400.5
2016/17,Egypt,TO,E,107.5
2016/17,Egypt,TO,I,0.0
2016/17,Egypt,TO,P,550.0
2016/17,Estonia,OO,C,0.8
2016/17,Estonia,OO,E,0.2
2016/17,Estonia,OO,I,0.0
2016/17,Estonia,TO,C,0.5
2016/17,Estonia,TO,E,0.2
2016/17,Estonia,TO,I,0.0
2016/17,EU,OO,C,1.0
2016/17,EU,OO,E,558.0
2016/17,EU,OO,I,90.5
2016/17,EU,OO,P,1752.0
2016/17,EU,TO,C,572.0
2016/17,EU,TO,E,285.0
2016/17,EU,TO,I,99.0
2016/17,EU,TO,P,842.0
2016/17,Finland,OO,C,2.9
2016/17,Finland,OO,E,0.0
2016/17,Finland,OO,I,0.0
2016/17,Finland,TO,C,1.9
2016/17,Finland,TO,E,0.1
2016/17,Finland,TO,I,0.0
2016/17,France,OO,C,109.0
2016/17,France,OO,E,2.9
2016/17,France,OO,I,7.7
2016/17,France,OO,P,3.3
2016/17,France,TO,C,65.0
2016/17,France,TO,E,1.8
2016/17,France,TO,I,32.0
2016/17,France,TO,P,0.7
2016/17,Germany,OO,C,60.9
2016/17,Germany,OO,E,0.6
2016/17,Germany,OO,I,0.6
2016/17,Germany,TO,C,42.7
2016/17,Germany,TO,E,0.8
2016/17,Germany,TO,I,9.3
2016/17,Greece,OO,C,105.0
2016/17,Greece,OO,E,18.7
2016/17,Greece,OO,I,0.0
2016/17,Greece,OO,P,195.0
2016/17,Greece,TO,C,15.0
2016/17,Greece,TO,E,78.0
2016/17,Greece,TO,I,7.7
2016/17,Greece,TO,P,180.0
2016/17,Hungary,OO,C,2.4
2016/17,Hungary,OO,E,0.0
2016/17,Hungary,OO,I,0.0
2016/17,Hungary,TO,C,2.7
2016/17,Hungary,TO,E,0.1
2016/17,Hungary,TO,I,0.1
2016/17,Iran,OO,C,8.0
2016/17,Iran,OO,E,0.0
2016/17,Iran,OO,I,2.5
2016/17,Iran,OO,P,3.5
2016/17,Iran,TO,C,71.0
2016/17,Iran,TO,E,0.0
2016/17,Iran,TO,I,0.0
2016/17,Iran,TO,P,75.5
2016/17,Iraq,OO,C,1.5
2016/17,Iraq,OO,E,0.0
2016/17,Iraq,OO,I,1.5
2016/17,Iraq,TO,C,23.5
2016/17,Iraq,TO,E,0.0
2016/17,Iraq,TO,I,16.0
2016/17,Iraq,TO,P,8.0
2016/17,Ireland,OO,C,4.5
2016/17,Ireland,OO,E,0.0
2016/17,Ireland,OO,I,0.0
2016/17,Ireland,TO,C,1.8
2016/17,Ireland,TO,E,0.0
2016/17,Ireland,TO,I,0.0
2016/17,Israel,OO,C,21.0
2016/17,Israel,OO,E,0.0
2016/17,Israel,OO,I,3.0
2016/17,Israel,OO,P,18.0
2016/17,Israel,TO,C,20.0
2016/17,Israel,TO,E,0.0
2016/17,Israel,TO,I,4.0
2016/17,Israel,TO,P,16.0
2016/17,Italy,OO,C,438.9
2016/17,Italy,OO,E,199.5
2016/17,Italy,OO,I,35.9
2016/17,Italy,OO,P,182.3
2016/17,Italy,TO,C,84.7
2016/17,Italy,TO,E,9.7
2016/17,Italy,TO,I,9.2
2016/17,Italy,TO,P,39.9
2016/17,Japan,OO,C,54.5
2016/17,Japan,OO,I,54.5
2016/17,Japan,TO,C,4.0
2016/17,Japan,TO,E,0.0
2016/17,Japan,TO,I,4.0
2016/17,Jordan,OO,C,19.0
2016/17,Jordan,OO,E,0.5
2016/17,Jordan,OO,I,0.0
2016/17,Jordan,OO,P,20.0
2016/17,Jordan,TO,C,16.0
2016/17,Jordan,TO,E,9.5
2016/17,Jordan,TO,I,3.0
2016/17,Jordan,TO,P,19.0
2016/17,Latvia,OO,C,1.5
2016/17,Latvia,OO,E,0.1
2016/17,Latvia,OO,I,0.0
2016/17,Latvia,TO,C,0.3
2016/17,Latvia,TO,E,0.1
2016/17,Latvia,TO,I,0.0
2016/17,Lebanon,OO,C,20.0
2016/17,Lebanon,OO,E,8.0
2016/17,Lebanon,OO,I,3.5
2016/17,Lebanon,OO,P,25.0
2016/17,Lebanon,TO,C,22.0
2016/17,Lebanon,TO,E,2.0
2016/17,Lebanon,TO,I,2.0
2016/17,Lebanon,TO,P,22.0
2016/17,Libya,OO,C,16.5
2016/17,Libya,OO,E,0.0
2016/17,Libya,OO,I,0.0
2016/17,Libya,OO,P,16.0
2016/17,Libya,TO,C,12.5
2016/17,Libya,TO,E,0.0
2016/17,Libya,TO,I,8.5
2016/17,Libya,TO,P,3.0
2016/17,Lithuania,OO,C,0.8
2016/17,Lithuania,OO,E,0.9
2016/17,Lithuania,OO,I,0.0
2016/17,Lithuania,TO,C,1.0
2016/17,Lithuania,TO,E,0.5
2016/17,Lithuania,TO,I,0.0
2016/17,Luxembourg,OO,C,1.5
2016/17,Luxembourg,OO,E,0.0
2016/17,Luxembourg,OO,I,0.0
2016/17,Luxembourg,TO,C,1.1
2016/17,Luxembourg,TO,E,0.0
2016/17,Luxembourg,TO,I,0.0
2016/17,Malta,OO,C,0.8
2016/17,Malta,OO,E,0.0
2016/17,Malta,OO,I,0.0
2016/17,Malta,OO,P,0.0
2016/17,Malta,TO,C,17.2
2016/17,Malta,TO,E,0.0
2016/17,Malta,TO,I,0.0
2016/17,Malta,TO,P,0.0
2016/17,Mexico,OO,C,14.0
2016/17,Mexico,OO,E,0.0
2016/17,Mexico,OO,I,14.0
2016/17,Mexico,TO,C,22.0
2016/17,Mexico,TO,E,5.5
2016/17,Mexico,TO,I,7.5
2016/17,Mexico,TO,P,18.0
2016/17,Montenegro,OO,C,0.5
2016/17,Montenegro,OO,E,0.0
2016/17,Montenegro,OO,I,0.0
2016/17,Montenegro,OO,P,0.5
2016/17,Montenegro,TO,C,0.0
2016/17,Montenegro,TO,E,0.0
2016/17,Montenegro,TO,I,0.0
2016/17,Montenegro,TO,P,0.0
2016/17,Morocco,OO,C,120.0
2016/17,Morocco,OO,E,9.0
2016/17,Morocco,OO,I,7.0
2016/17,Morocco,OO,P,110.0
2016/17,Morocco,TO,C,31.0
2016/17,Morocco,TO,E,86.0
2016/17,Morocco,TO,I,0.0
2016/17,Morocco,TO,P,120.0
2016/17,Netherlands,OO,C,15.5
2016/17,Netherlands,OO,E,1.2
2016/17,Netherlands,OO,I,0.9
2016/17,Netherlands,TO,C,11.0
2016/17,Netherlands,TO,E,0.8
2016/17,Netherlands,TO,I,1.5
2016/17,Norway,OO,C,4.0
2016/17,Norway,OO,I,4.0
2016/17,Oth.non-prod.,OO,C,60.0
2016/17,Oth.non-prod.,OO,I,60.0
2016/17,Oth.non-prod.,TO,C,80.0
2016/17,Oth.non-prod.,TO,E,0.0
2016/17,Oth.non-prod.,TO,I,80.0
2016/17,Other pr.coun.,OO,C,12.5
2016/17,Other pr.coun.,OO,E,5.0
2016/17,Other pr.coun.,OO,I,2.0
2016/17,Other pr.coun.,OO,P,15.5
2016/17,Other pr.coun.,TO,C,25.0
2016/17,Other pr.coun.,TO,E,0.0
2016/17,Other pr.coun.,TO,I,10.0
2016/17,Other pr.coun.,TO,P,15.0
2016/17,Palestine,OO,C,15.0
2016/17,Palestine,OO,E,6.5
2016/17,Palestine,OO,I,0.0
2016/17,Palestine,OO,P,20.0
2016/17,Palestine,TO,C,9.0
2016/17,Palestine,TO,E,1.0
2016/17,Palestine,TO,P,10.0
2016/17,Peru,TO,C,45.0
2016/17,Peru,TO,E,21.5
2016/17,Peru,TO,I,0.5
2016/17,Peru,TO,P,79.5
2016/17,Poland,OO,C,6.7
2016/17,Poland,OO,E,1.1
2016/17,Poland,OO,I,0.0
2016/17,Poland,TO,C,11.4
2016/17,Poland,TO,E,1.0
2016/17,Poland,TO,I,0.2
2016/17,Portugal,OO,C,70.0
2016/17,Portugal,OO,E,39.5
2016/17,Portugal,OO,I,1.9
2016/17,Portugal,OO,P,69.4
2016/17,Portugal,TO,C,6.0
2016/17,Portugal,TO,E,13.2
2016/17,Portugal,TO,I,0.0
2016/17,Portugal,TO,P,21.7
2016/17,Romania,OO,C,3.1
2016/17,Romania,OO,E,0.0
2016/17,Romania,OO,I,0.0
2016/17,Romania,TO,C,27.3
2016/17,Romania,TO,E,0.0
2016/17,Romania,TO,I,9.4
2016/17,Russia,OO,C,19.5
2016/17,Russia,OO,I,19.5
2016/17,Russia,TO,C,25.0
2016/17,Russia,TO,E,0.0
2016/17,Russia,TO,I,25.0
2016/17,Saudi Arabia,OO,C,28.0
2016/17,Saudi Arabia,OO,E,0.5
2016/17,Saudi Arabia,OO,I,23.0
2016/17,Saudi Arabia,OO,P,3.0
2016/17,Saudi Arabia,TO,C,32.5
2016/17,Saudi Arabia,TO,E,0.0
2016/17,Saudi Arabia,TO,I,28.0
2016/17,Saudi Arabia,TO,P,4.5
2016/17,Slovakia,OO,C,1.6
2016/17,Slovakia,OO,E,0.0
2016/17,Slovakia,OO,I,0.0
2016/17,Slovakia,TO,C,2.9
2016/17,Slovakia,TO,E,0.1
2016/17,Slovakia,TO,I,0.0
2016/17,Slovenia,OO,C,2.1
2016/17,Slovenia,OO,E,0.2
2016/17,Slovenia,OO,I,0.0
2016/17,Slovenia,OO,P,0.4
2016/17,Slovenia,TO,C,0.8
2016/17,Slovenia,TO,E,0.0
2016/17,Slovenia,TO,I,0.0
2016/17,Slovenia,TO,P,0.0
2016/17,Spain,OO,C,442.9
2016/17,Spain,OO,E,291.2
2016/17,Spain,OO,I,41.0
2016/17,Spain,OO,P,1290.6
2016/17,Spain,TO,C,191.0
2016/17,Spain,TO,E,177.2
2016/17,Spain,TO,I,6.8
2016/17,Spain,TO,P,596.1
2016/17,Sweden,OO,C,9.6
2016/17,Sweden,OO,E,0.2
2016/17,Sweden,OO,I,0.2
2016/17,Sweden,TO,C,8.7
2016/17,Sweden,TO,E,0.0
2016/17,Sweden,TO,I,1.2
2016/17,Switzerland,OO,C,14.5
2016/17,Switzerland,OO,I,14.5
2016/17,Switzerland,TO,C,7.0
2016/17,Switzerland,TO,E,0.0
2016/17,Switzerland,TO,I,7.0
2016/17,Syria,OO,C,98.0
2016/17,Syria,OO,E,12.0
2016/17,Syria,OO,I,0.0
2016/17,Syria,OO,P,110.0
2016/17,Syria,TO,C,185.0
2016/17,Syria,TO,E,2.0
2016/17,Syria,TO,I,0.0
2016/17,Syria,TO,P,190.0
2016/17,Taiwan,OO,C,6.5
2016/17,Taiwan,OO,I,6.5
2016/17,Tunisia,OO,C,21.0
2016/17,Tunisia,OO,E,89.5
2016/17,Tunisia,OO,I,0.0
2016/17,Tunisia,OO,P,100.0
2016/17,Tunisia,TO,C,20.0
2016/17,Tunisia,TO,E,2.0
2016/17,Tunisia,TO,I,0.0
2016/17,Tunisia,TO,P,22.0
2016/17,Türkiye,OO,C,150.0
2016/17,Türkiye,OO,E,45.0
2016/17,Türkiye,OO,I,0.0
2016/17,Türkiye,OO,P,178.0
2016/17,Türkiye,TO,C,332.0
2016/17,Türkiye,TO,E,58.0
2016/17,Türkiye,TO,I,0.0
2016/17,Türkiye,TO,P,400.5
2016/17,United King.,OO,C,69.6
2016/17,United King.,OO,E,0.5
2016/17,United King.,OO,I,0.3
2016/17,United King.,TO,C,37.7
2016/17,United King.,TO,E,0.3
2016/17,United King.,TO,I,4.2
2016/17,Uruguay,OO,C,1.5
2016/17,Uruguay,OO,E,0.0
2016/17,Uruguay,OO,I,1.0
2016/17,Uruguay,OO,P,0.5
2016/17,Uruguay,TO,C,2.5
2016/17,Uruguay,TO,E,0.0
2016/17,Uruguay,TO,I,2.5
2016/17,Uruguay,TO,P,0.0
2016/17,USA,OO,C,315.0
2016/17,USA,OO,E,8.0
2016/17,USA,OO,I,305.0
2016/17,USA,OO,P,15.0
2016/17,USA,TO,C,206.0
2016/17,USA,TO,E,6.0
2016/17,USA,TO,I,146.0
2016/17,USA,TO,P,60.5
2017/18,Albania,OO,C,12.5
2017/18,Albania,OO,E,0.0
2017/18,Albania,OO,I,1.5
2017/18,Albania,OO,P,11.0
2017/18,Albania,TO,C,31.5
2017/18,Albania,TO,E,3.0
2017/18,Albania,TO,I,5.0
2017/18,Albania,TO,P,30.0
2017/18,Algeria,OO,C,82.5
2017/18,Algeria,OO,E,0.0
2017/18,Algeria,OO,I,0.0
2017/18,Algeria,OO,P,82.5
2017/18,Algeria,TO,C,300.0
2017/18,Algeria,TO,E,0.0
2017/18,Algeria,TO,I,1.0
2017/18,Algeria,TO,P,303.5
2017/18,Argentina,OO,C,8.0
2017/18,Argentina,OO,E,37.5
2017/18,Argentina,OO,I,0.0
2017/18,Argentina,OO,P,45.0
2017/18,Argentina,TO,C,40.0
2017/18,Argentina,TO,E,60.0
2017/18,Argentina,TO,I,0.0
2017/18,Argentina,TO,P,106.0
2017/18,Australia,OO,C,48.0
2017/18,Australia,OO,E,3.0
2017/18,Australia,OO,I,31.0
2017/18,Australia,OO,P,21.0
2017/18,Australia,TO,C,21.5
2017/18,Australia,TO,E,0.0
2017/18,Australia,TO,I,17.5
2017/18,Australia,TO,P,4.0
2017/18,Austria,OO,C,7.2
2017/18,Austria,OO,E,0.7
2017/18,Austria,OO,I,0.0
2017/18,Austria,TO,C,6.1
2017/18,Austria,TO,E,0.1
2017/18,Austria,TO,I,0.5
2017/18,Belgium,OO,C,18.5
2017/18,Belgium,OO,E,0.5
2017/18,Belgium,OO,I,1.4
2017/18,Belgium,TO,C,14.0
2017/18,Belgium,TO,E,0.1
2017/18,Belgium,TO,I,12.9
2017/18,Brazil,OO,C,76.5
2017/18,Brazil,OO,E,0.0
2017/18,Brazil,OO,I,76.5
2017/18,Brazil,TO,C,110.0
2017/18,Brazil,TO,E,0.0
2017/18,Brazil,TO,I,110.0
2017/18,Bulgaria,OO,C,4.0
2017/18,Bulgaria,OO,E,0.0
2017/18,Bulgaria,OO,I,0.0
2017/18,Bulgaria,TO,C,12.9
2017/18,Bulgaria,TO,E,0.2
2017/18,Bulgaria,TO,I,5.0
2017/18,Canada,OO,C,47.0
2017/18,Canada,OO,I,47.0
2017/18,Canada,TO,C,31.5
2017/18,Canada,TO,E,0.0
2017/18,Canada,TO,I,31.5
2017/18,Chile,OO,C,7.5
2017/18,Chile,OO,E,14.5
2017/18,Chile,OO,I,2.5
2017/18,Chile,OO,P,22.0
2017/18,Chile,TO,C,30.0
2017/18,Chile,TO,E,1.0
2017/18,Chile,TO,I,18.5
2017/18,Chile,TO,P,13.0
2017/18,China,OO,C,44.0
2017/18,China,OO,I,38.0
2017/18,China,OO,P,6.0
2017/18,Croatia,OO,C,7.0
2017/18,Croatia,OO,E,0.1
2017/18,Croatia,OO,I,0.0
2017/18,Croatia,OO,P,3.9
2017/18,Croatia,TO,C,2.3
2017/18,Croatia,TO,E,0.3
2017/18,Croatia,TO,I,0.1
2017/18,Croatia,TO,P,0.6
2017/18,Cyprus,OO,C,6.3
2017/18,Cyprus,OO,E,0.0
2017/18,Cyprus,OO,I,0.0
2017/18,Cyprus,OO,P,6.0
2017/18,Cyprus,TO,C,3.7
2017/18,Cyprus,TO,E,0.0
2017/18,Cyprus,TO,I,0.1
2017/18,Cyprus,TO,P,2.8
2017/18,Czech. Rep.,OO,C,3.6
2017/18,Czech. Rep.,OO,E,0.0
2017/18,Czech. Rep.,OO,I,0.0
2017/18,Czech. Rep.,TO,C,3.8
2017/18,Czech. Rep.,TO,E,0.0
2017/18,Czech. Rep.,TO,I,0.0
2017/18,Denmark,OO,C,5.5
2017/18,Denmark,OO,E,0.1
2017/18,Denmark,OO,I,0.1
2017/18,Denmark,TO,C,3.2
2017/18,Denmark,TO,E,0.1
2017/18,Denmark,TO,I,0.3
2017/18,Egypt,OO,C,40.0
2017/18,Egypt,OO,E,2.5
2017/18,Egypt,OO,I,2.5
2017/18,Egypt,OO,P,39.5
2017/18,Egypt,TO,C,555.0
2017/18,Egypt,TO,E,88.0
2017/18,Egypt,TO,I,0.5
2017/18,Egypt,TO,P,750.0
2017/18,Estonia,OO,C,1.1
2017/18,Estonia,OO,E,0.4
2017/18,Estonia,OO,I,0.0
2017/18,Estonia,TO,C,0.4
2017/18,Estonia,TO,E,0.3
2017/18,Estonia,TO,I,0.0
2017/18,EU,OO,C,997.5
2017/18,EU,OO,E,563.5
2017/18,EU,OO,I,180.0
2017/18,EU,OO,P,2188.5
2017/18,EU,TO,C,595.0
2017/18,EU,TO,E,278.5
2017/18,EU,TO,I,114.0
2017/18,EU,TO,P,912.5
2017/18,Finland,OO,C,2.6
2017/18,Finland,OO,E,0.0
2017/18,Finland,OO,I,0.0
2017/18,Finland,TO,C,2.1
2017/18,Finland,TO,E,0.0
2017/18,Finland,TO,I,0.0
2017/18,France,OO,C,102.0
2017/18,France,OO,E,2.2
2017/18,France,OO,I,9.0
2017/18,France,OO,P,6.2
2017/18,France,TO,C,65.0
2017/18,France,TO,E,1.6
2017/18,France,TO,I,31.5
2017/18,France,TO,P,1.3
2017/18,Germany,OO,C,61.0
2017/18,Germany,OO,E,0.7
2017/18,Germany,OO,I,0.6
2017/18,Germany,TO,C,45.8
2017/18,Germany,TO,E,0.8
2017/18,Germany,TO,I,9.5
2017/18,Greece,OO,C,130.0
2017/18,Greece,OO,E,18.6
2017/18,Greece,OO,I,0.0
2017/18,Greece,OO,P,346.0
2017/18,Greece,TO,C,16.0
2017/18,Greece,TO,E,83.4
2017/18,Greece,TO,I,8.9
2017/18,Greece,TO,P,261.0
2017/18,Hungary,OO,C,2.9
2017/18,Hungary,OO,E,0.0
2017/18,Hungary,OO,I,0.0
2017/18,Hungary,TO,C,3.7
2017/18,Hungary,TO,E,0.1
2017/18,Hungary,TO,I,0.1
2017/18,Iran,OO,C,10.5
2017/18,Iran,OO,E,0.0
2017/18,Iran,OO,I,3.5
2017/18,Iran,OO,P,7.0
2017/18,Iran,TO,C,55.0
2017/18,Iran,TO,E,0.0
2017/18,Iran,TO,I,0.0
2017/18,Iran,TO,P,60.0
2017/18,Iraq,OO,C,1.5
2017/18,Iraq,OO,E,0.0
2017/18,Iraq,OO,I,1.5
2017/18,Iraq,TO,C,23.5
2017/18,Iraq,TO,E,0.0
2017/18,Iraq,TO,I,15.5
2017/18,Iraq,TO,P,8.0
2017/18,Ireland,OO,C,4.5
2017/18,Ireland,OO,E,0.0
2017/18,Ireland,OO,I,0.0
2017/18,Ireland,TO,C,1.9
2017/18,Ireland,TO,E,0.0
2017/18,Ireland,TO,I,0.0
2017/18,Israel,OO,C,21.0
2017/18,Israel,OO,E,0.0
2017/18,Israel,OO,I,4.0
2017/18,Israel,OO,P,17.0
2017/18,Israel,TO,C,22.0
2017/18,Israel,TO,E,0.0
2017/18,Israel,TO,I,5.0
2017/18,Israel,TO,P,17.0
2017/18,Italy,OO,C,580.0
2017/18,Italy,OO,E,186.4
2017/18,Italy,OO,I,64.1
2017/18,Italy,OO,P,428.9
2017/18,Italy,TO,C,106.8
2017/18,Italy,TO,E,11.1
2017/18,Italy,TO,I,9.0
2017/18,Italy,TO,P,60.0
2017/18,Japan,OO,C,55.5
2017/18,Japan,OO,I,55.5
2017/18,Japan,TO,C,4.0
2017/18,Japan,TO,E,0.0
2017/18,Japan,TO,I,4.0
2017/18,Jordan,OO,C,22.0
2017/18,Jordan,OO,E,0.0
2017/18,Jordan,OO,I,0.0
2017/18,Jordan,OO,P,21.0
2017/18,Jordan,TO,C,23.0
2017/18,Jordan,TO,E,8.0
2017/18,Jordan,TO,I,4.0
2017/18,Jordan,TO,P,29.0
2017/18,Latvia,OO,C,1.1
2017/18,Latvia,OO,E,0.1
2017/18,Latvia,OO,I,0.0
2017/18,Latvia,TO,C,0.4
2017/18,Latvia,TO,E,0.1
2017/18,Latvia,TO,I,0.0
2017/18,Lebanon,OO,C,20.0
2017/18,Lebanon,OO,E,3.0
2017/18,Lebanon,OO,I,5.5
2017/18,Lebanon,OO,P,17.0
2017/18,Lebanon,TO,C,24.5
2017/18,Lebanon,TO,E,2.0
2017/18,Lebanon,TO,I,6.0
2017/18,Lebanon,TO,P,20.5
2017/18,Libya,OO,C,18.0
2017/18,Libya,OO,E,0.0
2017/18,Libya,OO,I,0.0
2017/18,Libya,OO,P,18.0
2017/18,Libya,TO,C,16.0
2017/18,Libya,TO,E,0.0
2017/18,Libya,TO,I,13.0
2017/18,Libya,TO,P,3.0
2017/18,Lithuania,OO,C,0.7
2017/18,Lithuania,OO,E,1.0
2017/18,Lithuania,OO,I,0.0
2017/18,Lithuania,TO,C,1.2
2017/18,Lithuania,TO,E,0.8
2017/18,Lithuania,TO,I,0.0
2017/18,Luxembourg,OO,C,1.5
2017/18,Luxembourg,OO,E,0.0
2017/18,Luxembourg,OO,I,0.0
2017/18,Luxembourg,TO,C,1.4
2017/18,Luxembourg,TO,E,0.0
2017/18,Luxembourg,TO,I,0.0
2017/18,Malta,OO,C,0.8
2017/18,Malta,OO,E,0.0
2017/18,Malta,OO,I,0.0
2017/18,Malta,OO,P,0.0
2017/18,Malta,TO,C,0.9
2017/18,Malta,TO,E,0.0
2017/18,Malta,TO,I,0.2
2017/18,Malta,TO,P,0.0
2017/18,Mexico,OO,C,15.0
2017/18,Mexico,OO,E,0.0
2017/18,Mexico,OO,I,15.0
2017/18,Mexico,TO,C,26.0
2017/18,Mexico,TO,E,2.5
2017/18,Mexico,TO,I,11.0
2017/18,Mexico,TO,P,19.0
2017/18,Montenegro,OO,C,0.5
2017/18,Montenegro,OO,E,0.0
2017/18,Montenegro,OO,I,0.0
2017/18,Montenegro,OO,P,0.5
2017/18,Montenegro,TO,C,0.0
2017/18,Montenegro,TO,E,0.0
2017/18,Montenegro,TO,I,0.0
2017/18,Montenegro,TO,P,0.0
2017/18,Morocco,OO,C,120.0
2017/18,Morocco,OO,E,11.0
2017/18,Morocco,OO,I,12.0
2017/18,Morocco,OO,P,140.0
2017/18,Morocco,TO,C,32.0
2017/18,Morocco,TO,E,89.5
2017/18,Morocco,TO,I,0.5
2017/18,Morocco,TO,P,130.0
2017/18,Netherlands,OO,C,13.7
2017/18,Netherlands,OO,E,1.1
2017/18,Netherlands,OO,I,0.9
2017/18,Netherlands,TO,C,15.7
2017/18,Netherlands,TO,E,1.0
2017/18,Netherlands,TO,I,2.0
2017/18,Norway,OO,C,4.0
2017/18,Norway,OO,I,4.0
2017/18,Oth.non-prod.,OO,C,73.5
2017/18,Oth.non-prod.,OO,I,73.5
2017/18,Oth.non-prod.,TO,C,71.0
2017/18,Oth.non-prod.,TO,E,0.0
2017/18,Oth.non-prod.,TO,I,71.0
2017/18,Other pr.coun.,OO,C,12.5
2017/18,Other pr.coun.,OO,E,5.0
2017/18,Other pr.coun.,OO,I,2.0
2017/18,Other pr.coun.,OO,P,15.5
2017/18,Other pr.coun.,TO,C,25.0
2017/18,Other pr.coun.,TO,E,0.0
2017/18,Other pr.coun.,TO,I,10.0
2017/18,Other pr.coun.,TO,P,15.0
2017/18,Palestine,OO,C,15.0
2017/18,Palestine,OO,E,4.5
2017/18,Palestine,OO,I,0.0
2017/18,Palestine,OO,P,19.5
2017/18,Palestine,TO,C,9.0
2017/18,Palestine,TO,E,0.0
2017/18,Palestine,TO,I,0.0
2017/18,Palestine,TO,P,9.0
2017/18,Peru,TO,C,65.0
2017/18,Peru,TO,E,24.5
2017/18,Peru,TO,I,0.5
2017/18,Peru,TO,P,190.0
2017/18,Poland,OO,C,8.2
2017/18,Poland,OO,E,0.7
2017/18,Poland,OO,I,0.0
2017/18,Poland,TO,C,9.7
2017/18,Poland,TO,E,1.5
2017/18,Poland,TO,I,0.4
2017/18,Portugal,OO,C,75.0
2017/18,Portugal,OO,E,58.3
2017/18,Portugal,OO,I,4.0
2017/18,Portugal,OO,P,134.8
2017/18,Portugal,TO,C,6.0
2017/18,Portugal,TO,E,13.8
2017/18,Portugal,TO,I,0.0
2017/18,Portugal,TO,P,25.2
2017/18,Romania,OO,C,3.7
2017/18,Romania,OO,E,0.0
2017/18,Romania,OO,I,0.0
2017/18,Romania,TO,C,30.2
2017/18,Romania,TO,E,0.1
2017/18,Romania,TO,I,12.2
2017/18,Russia,OO,C,20.5
2017/18,Russia,OO,I,20.5
2017/18,Russia,TO,C,25.0
2017/18,Russia,TO,E,0.0
2017/18,Russia,TO,I,25.0
2017/18,Saudi Arabia,OO,C,33.5
2017/18,Saudi Arabia,OO,E,0.5
2017/18,Saudi Arabia,OO,I,33.5
2017/18,Saudi Arabia,OO,P,3.0
2017/18,Saudi Arabia,TO,C,32.0
2017/18,Saudi Arabia,TO,E,0.0
2017/18,Saudi Arabia,TO,I,27.5
2017/18,Saudi Arabia,TO,P,4.5
2017/18,Slovakia,OO,C,1.6
2017/18,Slovakia,OO,E,0.0
2017/18,Slovakia,OO,I,0.0
2017/18,Slovakia,TO,C,2.2
2017/18,Slovakia,TO,E,0.0
2017/18,Slovakia,TO,I,0.0
2017/18,Slovenia,OO,C,2.0
2017/18,Slovenia,OO,E,0.0
2017/18,Slovenia,OO,I,0.0
2017/18,Slovenia,OO,P,0.4
2017/18,Slovenia,TO,C,0.8
2017/18,Slovenia,TO,E,0.0
2017/18,Slovenia,TO,I,0.0
2017/18,Slovenia,TO,P,0.0
2017/18,Spain,OO,C,478.1
2017/18,Spain,OO,E,292.0
2017/18,Spain,OO,I,99.4
2017/18,Spain,OO,P,1262.2
2017/18,Spain,TO,C,191.9
2017/18,Spain,TO,E,162.8
2017/18,Spain,TO,I,16.1
2017/18,Spain,TO,P,561.7
2017/18,Sweden,OO,C,9.6
2017/18,Sweden,OO,E,0.1
2017/18,Sweden,OO,I,0.2
2017/18,Sweden,TO,C,9.2
2017/18,Sweden,TO,E,0.0
2017/18,Sweden,TO,I,1.4
2017/18,Switzerland,OO,C,14.5
2017/18,Switzerland,OO,I,14.5
2017/18,Switzerland,TO,C,7.0
2017/18,Switzerland,TO,E,0.0
2017/18,Switzerland,TO,I,7.0
2017/18,Syria,OO,C,80.0
2017/18,Syria,OO,E,20.0
2017/18,Syria,OO,I,0.0
2017/18,Syria,OO,P,100.0
2017/18,Syria,TO,C,105.0
2017/18,Syria,TO,E,0.0
2017/18,Syria,TO,I,0.0
2017/18,Syria,TO,P,100.0
2017/18,Taiwan,OO,C,7.5
2017/18,Taiwan,OO,I,7.5
2017/18,Tunisia,OO,C,40.0
2017/18,Tunisia,OO,E,205.0
2017/18,Tunisia,OO,I,0.0
2017/18,Tunisia,OO,P,325.0
2017/18,Tunisia,TO,C,25.0
2017/18,Tunisia,TO,E,2.0
2017/18,Tunisia,TO,I,0.0
2017/18,Tunisia,TO,P,28.0
2017/18,Türkiye,OO,C,176.5
2017/18,Türkiye,OO,E,66.0
2017/18,Türkiye,OO,I,0.0
2017/18,Türkiye,OO,P,263.0
2017/18,Türkiye,TO,C,355.0
2017/18,Türkiye,TO,E,77.0
2017/18,Türkiye,TO,I,0.0
2017/18,Türkiye,TO,P,450.0
2017/18,United King.,OO,C,62.7
2017/18,United King.,OO,E,0.4
2017/18,United King.,OO,I,0.3
2017/18,United King.,TO,C,38.0
2017/18,United King.,TO,E,0.4
2017/18,United King.,TO,I,3.6
2017/18,Uruguay,OO,C,1.5
2017/18,Uruguay,OO,E,0.0
2017/18,Uruguay,OO,I,1.0
2017/18,Uruguay,OO,P,1.0
2017/18,Uruguay,TO,C,2.5
2017/18,Uruguay,TO,E,0.0
2017/18,Uruguay,TO,I,2.5
2017/18,Uruguay,TO,P,0.0
2017/18,USA,OO,C,315.0
2017/18,USA,OO,E,8.5
2017/18,USA,OO,I,310.5
2017/18,USA,OO,P,16.0
2017/18,USA,TO,C,216.0
2017/18,USA,TO,E,5.5
2017/18,USA,TO,I,141.0
2017/18,USA,TO,P,82.0
2018/19,Albania,OO,C,13.5
2018/19,Albania,OO,E,0.0
2018/19,Albania,OO,I,1.0
2018/19,Albania,OO,P,12.5
2018/19,Albania,TO,C,30.5
2018/19,Albania,TO,E,7.5
2018/19,Albania,TO,I,7.0
2018/19,Albania,TO,P,24.5
2018/19,Algeria,OO,C,92.0
2018/19,Algeria,OO,E,0.0
2018/19,Algeria,OO,I,0.0
2018/19,Algeria,OO,P,97.0
2018/19,Algeria,TO,C,305.0
2018/19,Algeria,TO,E,0.0
2018/19,Algeria,TO,I,0.0
2018/19,Algeria,TO,P,299.5
2018/19,Argentina,OO,C,7.5
2018/19,Argentina,OO,E,21.5
2018/19,Argentina,OO,I,1.5
2018/19,Argentina,OO,P,28.0
2018/19,Argentina,TO,C,35.0
2018/19,Argentina,TO,E,55.5
2018/19,Argentina,TO,I,0.0
2018/19,Argentina,TO,P,80.0
2018/19,Australia,OO,C,50.0
2018/19,Australia,OO,E,3.0
2018/19,Australia,OO,I,32.0
2018/19,Australia,OO,P,20.0
2018/19,Australia,TO,C,22.5
2018/19,Australia,TO,E,0.0
2018/19,Australia,TO,I,18.5
2018/19,Australia,TO,P,4.0
2018/19,Austria,OO,C,7.8
2018/19,Austria,OO,E,0.8
2018/19,Austria,OO,I,0.0
2018/19,Austria,TO,C,4.9
2018/19,Austria,TO,E,0.1
2018/19,Austria,TO,I,0.5
2018/19,Belgium,OO,C,13.3
2018/19,Belgium,OO,E,0.6
2018/19,Belgium,OO,I,1.7
2018/19,Belgium,TO,C,17.6
2018/19,Belgium,TO,E,0.1
2018/19,Belgium,TO,I,12.5
2018/19,Brazil,OO,C,86.0
2018/19,Brazil,OO,E,0.0
2018/19,Brazil,OO,I,86.0
2018/19,Brazil,TO,C,117.5
2018/19,Brazil,TO,E,0.0
2018/19,Brazil,TO,I,117.5
2018/19,Bulgaria,OO,C,3.6
2018/19,Bulgaria,OO,E,0.0
2018/19,Bulgaria,OO,I,0.0
2018/19,Bulgaria,TO,C,12.8
2018/19,Bulgaria,TO,E,0.2
2018/19,Bulgaria,TO,I,5.7
2018/19,Canada,OO,C,46.5
2018/19,Canada,OO,I,46.5
2018/19,Canada,TO,C,32.5
2018/19,Canada,TO,E,0.0
2018/19,Canada,TO,I,32.5
2018/19,Chile,OO,C,9.0
2018/19,Chile,OO,E,12.0
2018/19,Chile,OO,I,1.5
2018/19,Chile,OO,P,18.5
2018/19,Chile,TO,C,32.5
2018/19,Chile,TO,E,1.5
2018/19,Chile,TO,I,20.0
2018/19,Chile,TO,P,13.0
2018/19,China,OO,C,51.5
2018/19,China,OO,I,46.0
2018/19,China,OO,P,5.5
2018/19,Croatia,OO,C,7.8
2018/19,Croatia,OO,E,0.2
2018/19,Croatia,OO,I,0.0
2018/19,Croatia,OO,P,3.4
2018/19,Croatia,TO,C,2.5
2018/19,Croatia,TO,E,0.2
2018/19,Croatia,TO,I,0.1
2018/19,Croatia,TO,P,0.6
2018/19,Cyprus,OO,C,6.5
2018/19,Cyprus,OO,E,0.1
2018/19,Cyprus,OO,I,0.0
2018/19,Cyprus,OO,P,4.7
2018/19,Cyprus,TO,C,5.3
2018/19,Cyprus,TO,E,0.0
2018/19,Cyprus,TO,I,0.1
2018/19,Cyprus,TO,P,4.6
2018/19,Czech. Rep.,OO,C,5.0
2018/19,Czech. Rep.,OO,E,0.0
2018/19,Czech. Rep.,OO,I,0.0
2018/19,Czech. Rep.,TO,C,3.8
2018/19,Czech. Rep.,TO,E,0.0
2018/19,Czech. Rep.,TO,I,0.0
2018/19,Denmark,OO,C,5.7
2018/19,Denmark,OO,E,0.1
2018/19,Denmark,OO,I,0.1
2018/19,Denmark,TO,C,3.1
2018/19,Denmark,TO,E,0.1
2018/19,Denmark,TO,I,0.3
2018/19,Egypt,OO,C,45.0
2018/19,Egypt,OO,E,0.5
2018/19,Egypt,OO,I,3.5
2018/19,Egypt,OO,P,41.0
2018/19,Egypt,TO,C,600.0
2018/19,Egypt,TO,E,60.0
2018/19,Egypt,TO,I,0.0
2018/19,Egypt,TO,P,600.0
2018/19,Estonia,OO,C,0.9
2018/19,Estonia,OO,E,0.4
2018/19,Estonia,OO,I,0.0
2018/19,Estonia,TO,C,0.4
2018/19,Estonia,TO,E,0.1
2018/19,Estonia,TO,I,0.0
2018/19,EU,OO,C,2.0
2018/19,EU,OO,E,648.0
2018/19,EU,OO,I,145.0
2018/19,EU,OO,P,2263.5
2018/19,EU,TO,C,592.5
2018/19,EU,TO,E,300.0
2018/19,EU,TO,I,114.0
2018/19,EU,TO,P,859.0
2018/19,Finland,OO,C,2.9
2018/19,Finland,OO,E,0.0
2018/19,Finland,OO,I,0.0
2018/19,Finland,TO,C,2.0
2018/19,Finland,TO,E,0.0
2018/19,Finland,TO,I,0.0
2018/19,France,OO,C,136.9
2018/19,France,OO,E,2.4
2018/19,France,OO,I,7.5
2018/19,France,OO,P,5.8
2018/19,France,TO,C,70.0
2018/19,France,TO,E,1.9
2018/19,France,TO,I,30.7
2018/19,France,TO,P,1.3
2018/19,Georgia,OO,C,0.5
2018/19,Georgia,OO,E,0.0
2018/19,Georgia,OO,I,0.5
2018/19,Georgia,TO,C,1.0
2018/19,Georgia,TO,E,0.0
2018/19,Georgia,TO,I,1.0
2018/19,Georgia,TO,P,0.0
2018/19,Germany,OO,C,62.7
2018/19,Germany,OO,E,0.8
2018/19,Germany,OO,I,0.6
2018/19,Germany,TO,C,48.8
2018/19,Germany,TO,E,0.9
2018/19,Germany,TO,I,9.5
2018/19,Greece,OO,C,120.0
2018/19,Greece,OO,E,20.2
2018/19,Greece,OO,I,0.0
2018/19,Greece,OO,P,185.0
2018/19,Greece,TO,C,15.4
2018/19,Greece,TO,E,75.4
2018/19,Greece,TO,I,10.5
2018/19,Greece,TO,P,199.0
2018/19,Hungary,OO,C,2.9
2018/19,Hungary,OO,E,0.0
2018/19,Hungary,OO,I,0.0
2018/19,Hungary,TO,C,3.8
2018/19,Hungary,TO,E,0.1
2018/19,Hungary,TO,I,0.1
2018/19,Iran,OO,C,14.5
2018/19,Iran,OO,E,0.0
2018/19,Iran,OO,I,3.0
2018/19,Iran,OO,P,11.5
2018/19,Iran,TO,C,75.0
2018/19,Iran,TO,E,0.0
2018/19,Iran,TO,I,0.0
2018/19,Iran,TO,P,77.0
2018/19,Iraq,OO,C,1.5
2018/19,Iraq,OO,E,0.0
2018/19,Iraq,OO,I,1.5
2018/19,Iraq,TO,C,22.5
2018/19,Iraq,TO,E,0.0
2018/19,Iraq,TO,I,13.0
2018/19,Iraq,TO,P,9.0
2018/19,Ireland,OO,C,4.0
2018/19,Ireland,OO,E,0.0
2018/19,Ireland,OO,I,0.0
2018/19,Ireland,TO,C,2.1
2018/19,Ireland,TO,E,0.0
2018/19,Ireland,TO,I,0.0
2018/19,Israel,OO,C,25.0
2018/19,Israel,OO,E,0.0
2018/19,Israel,OO,I,10.5
2018/19,Israel,OO,P,14.0
2018/19,Israel,TO,C,20.0
2018/19,Israel,TO,E,0.0
2018/19,Israel,TO,I,4.0
2018/19,Israel,TO,P,16.0
2018/19,Italy,OO,C,417.3
2018/19,Italy,OO,E,197.0
2018/19,Italy,OO,I,48.6
2018/19,Italy,OO,P,173.6
2018/19,Italy,TO,C,91.6
2018/19,Italy,TO,E,13.0
2018/19,Italy,TO,I,12.0
2018/19,Italy,TO,P,40.0
2018/19,Japan,OO,C,69.0
2018/19,Japan,OO,I,69.0
2018/19,Japan,TO,C,4.0
2018/19,Japan,TO,E,0.0
2018/19,Japan,TO,I,4.0
2018/19,Japan,TO,P,0.0
2018/19,Jordan,OO,C,21.0
2018/19,Jordan,OO,E,0.5
2018/19,Jordan,OO,I,0.0
2018/19,Jordan,OO,P,21.0
2018/19,Jordan,TO,C,22.0
2018/19,Jordan,TO,E,5.0
2018/19,Jordan,TO,I,4.0
2018/19,Jordan,TO,P,23.5
2018/19,Latvia,OO,C,1.2
2018/19,Latvia,OO,E,0.2
2018/19,Latvia,OO,I,0.0
2018/19,Latvia,TO,C,0.6
2018/19,Latvia,TO,E,0.0
2018/19,Latvia,TO,I,0.0
2018/19,Lebanon,OO,C,11.0
2018/19,Lebanon,OO,E,6.5
2018/19,Lebanon,OO,I,0.0
2018/19,Lebanon,OO,P,17.5
2018/19,Lebanon,TO,C,20.0
2018/19,Lebanon,TO,E,2.5
2018/19,Lebanon,TO,I,3.0
2018/19,Lebanon,TO,P,19.5
2018/19,Libya,OO,C,16.5
2018/19,Libya,OO,E,0.0
2018/19,Libya,OO,I,0.0
2018/19,Libya,OO,P,16.0
2018/19,Libya,TO,C,12.0
2018/19,Libya,TO,E,0.0
2018/19,Libya,TO,I,9.0
2018/19,Libya,TO,P,3.0
2018/19,Lithuania,OO,C,1.0
2018/19,Lithuania,OO,E,1.3
2018/19,Lithuania,OO,I,0.0
2018/19,Lithuania,TO,C,0.9
2018/19,Lithuania,TO,E,1.2
2018/19,Lithuania,TO,I,0.0
2018/19,Luxembourg,OO,C,1.5
2018/19,Luxembourg,OO,E,0.0
2018/19,Luxembourg,OO,I,0.0
2018/19,Luxembourg,TO,C,1.7
2018/19,Luxembourg,TO,E,0.0
2018/19,Luxembourg,TO,I,0.0
2018/19,Malta,OO,C,0.9
2018/19,Malta,OO,E,0.0
2018/19,Malta,OO,I,0.0
2018/19,Malta,OO,P,0.0
2018/19,Malta,TO,C,0.7
2018/19,Malta,TO,E,0.0
2018/19,Malta,TO,I,0.1
2018/19,Malta,TO,P,0.0
2018/19,Mexico,OO,C,15.0
2018/19,Mexico,OO,E,1.5
2018/19,Mexico,OO,I,16.5
2018/19,Mexico,TO,C,20.5
2018/19,Mexico,TO,E,6.5
2018/19,Mexico,TO,I,10.5
2018/19,Mexico,TO,P,15.0
2018/19,Montenegro,OO,C,0.5
2018/19,Montenegro,OO,E,0.0
2018/19,Montenegro,OO,I,0.0
2018/19,Montenegro,OO,P,0.5
2018/19,Montenegro,TO,C,0.0
2018/19,Montenegro,TO,E,0.0
2018/19,Montenegro,TO,I,0.0
2018/19,Montenegro,TO,P,0.0
2018/19,Morocco,OO,C,150.0
2018/19,Morocco,OO,E,28.0
2018/19,Morocco,OO,I,5.5
2018/19,Morocco,OO,P,200.0
2018/19,Morocco,TO,C,32.0
2018/19,Morocco,TO,E,98.5
2018/19,Morocco,TO,I,1.0
2018/19,Morocco,TO,P,130.0
2018/19,Netherlands,OO,C,18.3
2018/19,Netherlands,OO,E,1.8
2018/19,Netherlands,OO,I,1.1
2018/19,Netherlands,TO,C,15.5
2018/19,Netherlands,TO,E,1.1
2018/19,Netherlands,TO,I,2.1
2018/19,Norway,OO,C,4.0
2018/19,Norway,OO,I,4.0
2018/19,Oth.non-prod.,OO,C,70.5
2018/19,Oth.non-prod.,OO,I,70.5
2018/19,Oth.non-prod.,TO,C,70.0
2018/19,Oth.non-prod.,TO,E,0.0
2018/19,Oth.non-prod.,TO,I,70.0
2018/19,Other pr.coun.,OO,C,12.5
2018/19,Other pr.coun.,OO,E,5.0
2018/19,Other pr.coun.,OO,I,2.0
2018/19,Other pr.coun.,OO,P,15.5
2018/19,Other pr.coun.,TO,C,25.0
2018/19,Other pr.coun.,TO,E,0.0
2018/19,Other pr.coun.,TO,I,10.0
2018/19,Other pr.coun.,TO,P,15.0
2018/19,Ouzbékistan,TO,E,0.0
2018/19,Palestine,OO,C,12.5
2018/19,Palestine,OO,E,2.5
2018/19,Palestine,OO,I,0.0
2018/19,Palestine,OO,P,15.0
2018/19,Palestine,TO,C,9.0
2018/19,Palestine,TO,E,0.0
2018/19,Palestine,TO,I,0.5
2018/19,Palestine,TO,P,9.0
2018/19,Peru,TO,C,90.0
2018/19,Peru,TO,E,38.5
2018/19,Peru,TO,I,0.0
2018/19,Peru,TO,P,124.0
2018/19,Poland,OO,C,9.6
2018/19,Poland,OO,E,0.7
2018/19,Poland,OO,I,0.0
2018/19,Poland,TO,C,11.7
2018/19,Poland,TO,E,1.2
2018/19,Poland,TO,I,0.3
2018/19,Portugal,OO,C,54.4
2018/19,Portugal,OO,E,64.9
2018/19,Portugal,OO,I,0.7
2018/19,Portugal,OO,P,100.3
2018/19,Portugal,TO,C,9.6
2018/19,Portugal,TO,E,15.7
2018/19,Portugal,TO,I,0.1
2018/19,Portugal,TO,P,22.5
2018/19,Romania,OO,C,3.9
2018/19,Romania,OO,E,0.0
2018/19,Romania,OO,I,0.0
2018/19,Romania,TO,C,27.2
2018/19,Romania,TO,E,0.1
2018/19,Romania,TO,I,14.2
2018/19,Russia,OO,C,24.0
2018/19,Russia,OO,I,24.0
2018/19,Russia,TO,C,28.0
2018/19,Russia,TO,E,0.0
2018/19,Russia,TO,I,28.0
2018/19,Saudi Arabia,OO,C,37.5
2018/19,Saudi Arabia,OO,E,0.5
2018/19,Saudi Arabia,OO,I,34.5
2018/19,Saudi Arabia,OO,P,3.0
2018/19,Saudi Arabia,TO,C,31.0
2018/19,Saudi Arabia,TO,E,0.0
2018/19,Saudi Arabia,TO,I,26.5
2018/19,Saudi Arabia,TO,P,4.5
2018/19,Slovakia,OO,C,2.0
2018/19,Slovakia,OO,E,0.0
2018/19,Slovakia,OO,I,0.0
2018/19,Slovakia,TO,C,1.9
2018/19,Slovakia,TO,E,0.0
2018/19,Slovakia,TO,I,0.0
2018/19,Slovenia,OO,C,2.4
2018/19,Slovenia,OO,E,0.0
2018/19,Slovenia,OO,I,0.1
2018/19,Slovenia,OO,P,0.9
2018/19,Slovenia,TO,C,0.8
2018/19,Slovenia,TO,E,0.0
2018/19,Slovenia,TO,I,0.0
2018/19,Slovenia,TO,P,0.0
2018/19,Spain,OO,C,525.7
2018/19,Spain,OO,E,355.8
2018/19,Spain,OO,I,84.0
2018/19,Spain,OO,P,1789.9
2018/19,Spain,TO,C,190.9
2018/19,Spain,TO,E,188.1
2018/19,Spain,TO,I,10.3
2018/19,Spain,TO,P,591.1
2018/19,Sweden,OO,C,10.0
2018/19,Sweden,OO,E,0.0
2018/19,Sweden,OO,I,0.2
2018/19,Sweden,TO,C,9.5
2018/19,Sweden,TO,E,0.0
2018/19,Sweden,TO,I,1.2
2018/19,Switzerland,OO,C,15.0
2018/19,Switzerland,OO,I,15.0
2018/19,Switzerland,TO,C,7.5
2018/19,Switzerland,TO,E,0.0
2018/19,Switzerland,TO,I,7.5
2018/19,Syria,OO,C,136.0
2018/19,Syria,OO,E,18.0
2018/19,Syria,OO,I,0.0
2018/19,Syria,OO,P,154.0
2018/19,Syria,TO,C,157.0
2018/19,Syria,TO,E,5.5
2018/19,Syria,TO,I,0.0
2018/19,Syria,TO,P,162.5
2018/19,Taiwan,OO,C,8.0
2018/19,Taiwan,OO,I,8.0
2018/19,Tunisia,OO,C,40.0
2018/19,Tunisia,OO,E,160.0
2018/19,Tunisia,OO,I,0.0
2018/19,Tunisia,OO,P,140.0
2018/19,Tunisia,TO,C,24.0
2018/19,Tunisia,TO,E,0.0
2018/19,Tunisia,TO,I,0.0
2018/19,Tunisia,TO,P,23.0
2018/19,Türkiye,OO,C,163.0
2018/19,Türkiye,OO,E,55.0
2018/19,Türkiye,OO,I,0.0
2018/19,Türkiye,OO,P,193.5
2018/19,Türkiye,TO,C,349.0
2018/19,Türkiye,TO,E,90.0
2018/19,Türkiye,TO,I,0.0
2018/19,Türkiye,TO,P,423.0
2018/19,United King.,OO,C,63.5
2018/19,United King.,OO,E,0.7
2018/19,United King.,OO,I,0.2
2018/19,United King.,TO,C,37.4
2018/19,United King.,TO,E,0.5
2018/19,United King.,TO,I,3.5
2018/19,Uruguay,OO,C,2.0
2018/19,Uruguay,OO,E,0.0
2018/19,Uruguay,OO,I,1.0
2018/19,Uruguay,OO,P,0.5
2018/19,Uruguay,TO,C,2.5
2018/19,Uruguay,TO,E,0.0
2018/19,Uruguay,TO,I,2.5
2018/19,Uruguay,TO,P,0.0
2018/19,USA,OO,C,351.0
2018/19,USA,OO,E,6.5
2018/19,USA,OO,I,346.5
2018/19,USA,OO,P,16.0
2018/19,USA,TO,C,182.0
2018/19,USA,TO,E,5.5
2018/19,USA,TO,I,171.5
2018/19,USA,TO,P,15.5
2018/19,Uzbekistan,OO,C,0.0
2018/19,Uzbekistan,OO,E,0.0
2018/19,Uzbekistan,OO,I,0.0
2018/19,Uzbekistan,TO,C,0.0
2018/19,Uzbekistan,TO,I,0.0
2018/19,Uzbekistan,TO,P,0.0
2019/20,Albania,OO,C,13.0
2019/20,Albania,OO,E,0.0
2019/20,Albania,OO,I,1.5
2019/20,Albania,OO,P,11.5
2019/20,Albania,TO,C,29.5
2019/20,Albania,TO,E,8.5
2019/20,Albania,TO,I,7.5
2019/20,Albania,TO,P,30.0
2019/20,Algeria,OO,C,115.0
2019/20,Algeria,OO,E,0.0
2019/20,Algeria,OO,I,0.0
2019/20,Algeria,OO,P,126.0
2019/20,Algeria,TO,C,329.0
2019/20,Algeria,TO,E,0.0
2019/20,Algeria,TO,I,0.5
2019/20,Algeria,TO,P,327.0
2019/20,Argentina,OO,C,7.5
2019/20,Argentina,OO,E,23.0
2019/20,Argentina,OO,I,0.5
2019/20,Argentina,OO,P,30.0
2019/20,Argentina,TO,C,25.0
2019/20,Argentina,TO,E,54.5
2019/20,Argentina,TO,I,0.0
2019/20,Argentina,TO,P,80.0
2019/20,Australia,OO,C,42.5
2019/20,Australia,OO,E,2.5
2019/20,Australia,OO,I,36.0
2019/20,Australia,OO,P,8.5
2019/20,Australia,TO,C,17.0
2019/20,Australia,TO,E,0.0
2019/20,Australia,TO,I,16.5
2019/20,Australia,TO,P,0.5
2019/20,Austria,OO,C,9.6
2019/20,Austria,OO,E,0.8
2019/20,Austria,OO,I,0.1
2019/20,Austria,TO,C,4.7
2019/20,Austria,TO,E,0.1
2019/20,Austria,TO,I,0.6
2019/20,Belgium,OO,C,18.5
2019/20,Belgium,OO,E,0.4
2019/20,Belgium,OO,I,1.7
2019/20,Belgium,TO,C,19.9
2019/20,Belgium,TO,E,0.1
2019/20,Belgium,TO,I,15.0
2019/20,Brazil,OO,C,104.0
2019/20,Brazil,OO,E,0.0
2019/20,Brazil,OO,I,104.0
2019/20,Brazil,TO,C,124.5
2019/20,Brazil,TO,E,0.0
2019/20,Brazil,TO,I,124.5
2019/20,Bulgaria,OO,C,3.5
2019/20,Bulgaria,OO,E,0.1
2019/20,Bulgaria,OO,I,0.1
2019/20,Bulgaria,TO,C,12.6
2019/20,Bulgaria,TO,E,0.2
2019/20,Bulgaria,TO,I,6.0
2019/20,Canada,OO,C,57.5
2019/20,Canada,OO,I,57.5
2019/20,Canada,TO,C,32.0
2019/20,Canada,TO,E,0.0
2019/20,Canada,TO,I,32.0
2019/20,Chile,OO,C,8.5
2019/20,Chile,OO,E,15.5
2019/20,Chile,OO,I,1.5
2019/20,Chile,OO,P,22.5
2019/20,Chile,TO,C,30.5
2019/20,Chile,TO,E,0.5
2019/20,Chile,TO,I,19.0
2019/20,Chile,TO,P,13.0
2019/20,China,OO,C,57.5
2019/20,China,OO,I,50.5
2019/20,China,OO,P,7.0
2019/20,Croatia,OO,C,7.8
2019/20,Croatia,OO,E,0.1
2019/20,Croatia,OO,I,0.0
2019/20,Croatia,OO,P,4.1
2019/20,Croatia,TO,C,2.1
2019/20,Croatia,TO,E,0.1
2019/20,Croatia,TO,I,0.0
2019/20,Croatia,TO,P,0.6
2019/20,Cyprus,OO,C,7.0
2019/20,Cyprus,OO,E,0.1
2019/20,Cyprus,OO,I,0.0
2019/20,Cyprus,OO,P,4.9
2019/20,Cyprus,TO,C,5.7
2019/20,Cyprus,TO,E,0.0
2019/20,Cyprus,TO,I,0.0
2019/20,Cyprus,TO,P,4.9
2019/20,Czech. Rep.,OO,C,4.2
2019/20,Czech. Rep.,OO,E,0.0
2019/20,Czech. Rep.,OO,I,0.0
2019/20,Czech. Rep.,TO,C,4.1
2019/20,Czech. Rep.,TO,E,0.0
2019/20,Czech. Rep.,TO,I,0.0
2019/20,Denmark,OO,C,7.3
2019/20,Denmark,OO,E,0.1
2019/20,Denmark,OO,I,0.4
2019/20,Denmark,TO,C,3.2
2019/20,Denmark,TO,E,0.1
2019/20,Denmark,TO,I,0.5
2019/20,Egypt,OO,C,43.0
2019/20,Egypt,OO,E,1.0
2019/20,Egypt,OO,I,4.5
2019/20,Egypt,OO,P,40.0
2019/20,Egypt,TO,C,600.0
2019/20,Egypt,TO,E,97.5
2019/20,Egypt,TO,I,0.0
2019/20,Egypt,TO,P,650.0
2019/20,Estonia,OO,C,0.9
2019/20,Estonia,OO,E,0.0
2019/20,Estonia,OO,I,0.0
2019/20,Estonia,TO,C,0.3
2019/20,Estonia,TO,E,0.1
2019/20,Estonia,TO,I,0.0
2019/20,EU,OO,C,79.0
2019/20,EU,OO,E,746.5
2019/20,EU,OO,I,250.5
2019/20,EU,OO,P,1920.0
2019/20,EU,TO,C,596.0
2019/20,EU,TO,E,271.5
2019/20,EU,TO,I,114.0
2019/20,EU,TO,P,771.0
2019/20,Finland,OO,C,3.4
2019/20,Finland,OO,E,0.0
2019/20,Finland,OO,I,0.0
2019/20,Finland,TO,C,1.9
2019/20,Finland,TO,E,0.0
2019/20,Finland,TO,I,0.0
2019/20,France,OO,C,129.6
2019/20,France,OO,E,2.3
2019/20,France,OO,I,9.2
2019/20,France,OO,P,3.4
2019/20,France,TO,C,86.0
2019/20,France,TO,E,1.5
2019/20,France,TO,I,30.0
2019/20,France,TO,P,0.5
2019/20,Georgia,OO,C,0.5
2019/20,Georgia,OO,E,0.0
2019/20,Georgia,OO,I,0.5
2019/20,Georgia,TO,C,1.5
2019/20,Georgia,TO,E,0.0
2019/20,Georgia,TO,I,1.5
2019/20,Georgia,TO,P,0.0
2019/20,Germany,OO,C,75.7
2019/20,Germany,OO,E,0.9
2019/20,Germany,OO,I,0.9
2019/20,Germany,TO,C,46.8
2019/20,Germany,TO,E,0.7
2019/20,Germany,TO,I,8.7
2019/20,Greece,OO,C,114.3
2019/20,Greece,OO,E,20.8
2019/20,Greece,OO,I,0.0
2019/20,Greece,OO,P,275.0
2019/20,Greece,TO,C,9.0
2019/20,Greece,TO,E,62.1
2019/20,Greece,TO,I,8.5
2019/20,Greece,TO,P,222.0
2019/20,Hungary,OO,C,3.4
2019/20,Hungary,OO,E,0.0
2019/20,Hungary,OO,I,0.0
2019/20,Hungary,TO,C,3.7
2019/20,Hungary,TO,E,0.2
2019/20,Hungary,TO,I,0.1
2019/20,Iran,OO,C,11.0
2019/20,Iran,OO,E,0.0
2019/20,Iran,OO,I,3.0
2019/20,Iran,OO,P,9.0
2019/20,Iran,TO,C,61.0
2019/20,Iran,TO,E,1.5
2019/20,Iran,TO,I,0.0
2019/20,Iran,TO,P,62.5
2019/20,Iraq,OO,C,1.5
2019/20,Iraq,OO,E,0.0
2019/20,Iraq,OO,I,1.5
2019/20,Iraq,TO,C,21.5
2019/20,Iraq,TO,E,0.0
2019/20,Iraq,TO,I,10.5
2019/20,Iraq,TO,P,11.0
2019/20,Ireland,OO,C,4.8
2019/20,Ireland,OO,E,0.0
2019/20,Ireland,OO,I,0.0
2019/20,Ireland,TO,C,2.5
2019/20,Ireland,TO,E,0.0
2019/20,Ireland,TO,I,0.0
2019/20,Israel,OO,C,28.0
2019/20,Israel,OO,E,0.0
2019/20,Israel,OO,I,12.5
2019/20,Israel,OO,P,19.0
2019/20,Israel,TO,C,20.0
2019/20,Israel,TO,E,0.0
2019/20,Israel,TO,I,4.0
2019/20,Israel,TO,P,16.0
2019/20,Italy,OO,C,407.6
2019/20,Italy,OO,E,214.8
2019/20,Italy,OO,I,81.8
2019/20,Italy,OO,P,366.5
2019/20,Italy,TO,C,107.2
2019/20,Italy,TO,E,13.0
2019/20,Italy,TO,I,8.8
2019/20,Italy,TO,P,60.0
2019/20,Japan,OO,C,69.5
2019/20,Japan,OO,I,69.5
2019/20,Japan,TO,C,4.0
2019/20,Japan,TO,E,0.0
2019/20,Japan,TO,I,4.0
2019/20,Japan,TO,P,0.0
2019/20,Jordan,OO,C,34.0
2019/20,Jordan,OO,E,0.5
2019/20,Jordan,OO,I,0.0
2019/20,Jordan,OO,P,34.5
2019/20,Jordan,TO,C,40.5
2019/20,Jordan,TO,E,5.0
2019/20,Jordan,TO,I,4.5
2019/20,Jordan,TO,P,41.5
2019/20,Latvia,OO,C,1.3
2019/20,Latvia,OO,E,0.3
2019/20,Latvia,OO,I,0.0
2019/20,Latvia,TO,C,1.2
2019/20,Latvia,TO,E,0.1
2019/20,Latvia,TO,I,0.0
2019/20,Lebanon,OO,C,7.5
2019/20,Lebanon,OO,E,6.5
2019/20,Lebanon,OO,I,0.0
2019/20,Lebanon,OO,P,14.0
2019/20,Lebanon,TO,C,10.0
2019/20,Lebanon,TO,E,2.5
2019/20,Lebanon,TO,I,1.5
2019/20,Lebanon,TO,P,11.0
2019/20,Libya,OO,C,17.0
2019/20,Libya,OO,E,0.0
2019/20,Libya,OO,I,0.0
2019/20,Libya,OO,P,17.0
2019/20,Libya,TO,C,16.0
2019/20,Libya,TO,E,0.0
2019/20,Libya,TO,I,13.0
2019/20,Libya,TO,P,3.0
2019/20,Lithuania,OO,C,1.5
2019/20,Lithuania,OO,E,1.1
2019/20,Lithuania,OO,I,0.1
2019/20,Lithuania,TO,C,1.5
2019/20,Lithuania,TO,E,1.0
2019/20,Lithuania,TO,I,0.0
2019/20,Luxembourg,OO,C,1.7
2019/20,Luxembourg,OO,E,0.0
2019/20,Luxembourg,OO,I,0.0
2019/20,Luxembourg,TO,C,1.8
2019/20,Luxembourg,TO,E,0.0
2019/20,Luxembourg,TO,I,0.0
2019/20,Malta,OO,C,1.0
2019/20,Malta,OO,E,0.0
2019/20,Malta,OO,I,0.1
2019/20,Malta,OO,P,0.0
2019/20,Malta,TO,C,0.8
2019/20,Malta,TO,E,0.0
2019/20,Malta,TO,I,0.1
2019/20,Malta,TO,P,0.0
2019/20,Mexico,OO,C,17.0
2019/20,Mexico,OO,E,1.5
2019/20,Mexico,OO,I,20.5
2019/20,Mexico,TO,C,25.5
2019/20,Mexico,TO,E,7.0
2019/20,Mexico,TO,I,10.5
2019/20,Mexico,TO,P,25.5
2019/20,Montenegro,OO,C,0.5
2019/20,Montenegro,OO,E,0.0
2019/20,Montenegro,OO,I,0.0
2019/20,Montenegro,OO,P,0.5
2019/20,Montenegro,TO,C,0.0
2019/20,Montenegro,TO,E,0.0
2019/20,Montenegro,TO,I,0.0
2019/20,Montenegro,TO,P,0.0
2019/20,Morocco,OO,C,140.0
2019/20,Morocco,OO,E,10.5
2019/20,Morocco,OO,I,6.5
2019/20,Morocco,OO,P,145.0
2019/20,Morocco,TO,C,35.0
2019/20,Morocco,TO,E,85.0
2019/20,Morocco,TO,I,0.5
2019/20,Morocco,TO,P,135.0
2019/20,Netherlands,OO,C,20.1
2019/20,Netherlands,OO,E,1.5
2019/20,Netherlands,OO,I,1.3
2019/20,Netherlands,TO,C,14.1
2019/20,Netherlands,TO,E,1.0
2019/20,Netherlands,TO,I,2.0
2019/20,Norway,OO,C,4.5
2019/20,Norway,OO,I,4.5
2019/20,Oth.non-prod.,OO,C,127.0
2019/20,Oth.non-prod.,OO,I,127.0
2019/20,Oth.non-prod.,TO,C,64.0
2019/20,Oth.non-prod.,TO,E,0.0
2019/20,Oth.non-prod.,TO,I,64.0
2019/20,Other pr.coun.,OO,C,12.5
2019/20,Other pr.coun.,OO,E,5.0
2019/20,Other pr.coun.,OO,I,2.0
2019/20,Other pr.coun.,OO,P,15.5
2019/20,Other pr.coun.,TO,C,25.0
2019/20,Other pr.coun.,TO,E,0.0
2019/20,Other pr.coun.,TO,I,10.0
2019/20,Other pr.coun.,TO,P,15.0
2019/20,Ouzbékistan,TO,E,0.0
2019/20,Palestine,OO,C,17.0
2019/20,Palestine,OO,E,8.0
2019/20,Palestine,OO,I,0.0
2019/20,Palestine,OO,P,39.5
2019/20,Palestine,TO,C,13.0
2019/20,Palestine,TO,E,1.5
2019/20,Palestine,TO,I,0.5
2019/20,Palestine,TO,P,14.0
2019/20,Peru,TO,C,90.0
2019/20,Peru,TO,E,25.0
2019/20,Peru,TO,I,0.0
2019/20,Peru,TO,P,115.0
2019/20,Poland,OO,C,12.2
2019/20,Poland,OO,E,1.2
2019/20,Poland,OO,I,0.0
2019/20,Poland,TO,C,9.8
2019/20,Poland,TO,E,2.1
2019/20,Poland,TO,I,0.1
2019/20,Portugal,OO,C,71.6
2019/20,Portugal,OO,E,80.2
2019/20,Portugal,OO,I,2.3
2019/20,Portugal,OO,P,140.5
2019/20,Portugal,TO,C,3.0
2019/20,Portugal,TO,E,15.4
2019/20,Portugal,TO,I,0.0
2019/20,Portugal,TO,P,24.7
2019/20,Romania,OO,C,5.1
2019/20,Romania,OO,E,0.0
2019/20,Romania,OO,I,0.1
2019/20,Romania,TO,C,27.1
2019/20,Romania,TO,E,0.2
2019/20,Romania,TO,I,12.7
2019/20,Russia,OO,C,27.0
2019/20,Russia,OO,I,27.0
2019/20,Russia,TO,C,28.5
2019/20,Russia,TO,E,0.0
2019/20,Russia,TO,I,28.5
2019/20,Saudi Arabia,OO,C,41.5
2019/20,Saudi Arabia,OO,E,0.0
2019/20,Saudi Arabia,OO,I,38.5
2019/20,Saudi Arabia,OO,P,3.0
2019/20,Saudi Arabia,TO,C,32.5
2019/20,Saudi Arabia,TO,E,0.0
2019/20,Saudi Arabia,TO,I,28.0
2019/20,Saudi Arabia,TO,P,4.5
2019/20,Slovakia,OO,C,2.1
2019/20,Slovakia,OO,E,0.0
2019/20,Slovakia,OO,I,0.0
2019/20,Slovakia,TO,C,6.3
2019/20,Slovakia,TO,E,0.0
2019/20,Slovakia,TO,I,0.0
2019/20,Slovenia,OO,C,2.5
2019/20,Slovenia,OO,E,0.1
2019/20,Slovenia,OO,I,0.0
2019/20,Slovenia,OO,P,0.3
2019/20,Slovenia,TO,C,0.8
2019/20,Slovenia,TO,E,0.0
2019/20,Slovenia,TO,I,0.0
2019/20,Slovenia,TO,P,0.0
2019/20,Spain,OO,C,518.6
2019/20,Spain,OO,E,420.7
2019/20,Spain,OO,I,151.9
2019/20,Spain,OO,P,1125.3
2019/20,Spain,TO,C,176.9
2019/20,Spain,TO,E,173.3
2019/20,Spain,TO,I,18.1
2019/20,Spain,TO,P,458.2
2019/20,Sweden,OO,C,12.5
2019/20,Sweden,OO,E,0.0
2019/20,Sweden,OO,I,0.4
2019/20,Sweden,TO,C,9.5
2019/20,Sweden,TO,E,0.0
2019/20,Sweden,TO,I,1.4
2019/20,Switzerland,OO,C,18.0
2019/20,Switzerland,OO,I,18.0
2019/20,Switzerland,TO,C,6.0
2019/20,Switzerland,TO,E,0.0
2019/20,Switzerland,TO,I,6.0
2019/20,Syria,OO,C,103.5
2019/20,Syria,OO,E,15.0
2019/20,Syria,OO,I,0.5
2019/20,Syria,OO,P,118.0
2019/20,Syria,TO,C,100.0
2019/20,Syria,TO,E,5.0
2019/20,Syria,TO,I,0.0
2019/20,Syria,TO,P,105.0
2019/20,Taiwan,OO,C,9.5
2019/20,Taiwan,OO,I,9.5
2019/20,Tunisia,OO,C,38.0
2019/20,Tunisia,OO,E,355.0
2019/20,Tunisia,OO,I,0.0
2019/20,Tunisia,OO,P,440.0
2019/20,Tunisia,TO,C,31.0
2019/20,Tunisia,TO,E,0.0
2019/20,Tunisia,TO,I,0.0
2019/20,Tunisia,TO,P,36.0
2019/20,Türkiye,OO,C,170.0
2019/20,Türkiye,OO,E,45.0
2019/20,Türkiye,OO,I,0.0
2019/20,Türkiye,OO,P,230.0
2019/20,Türkiye,TO,C,340.0
2019/20,Türkiye,TO,E,80.0
2019/20,Türkiye,TO,I,0.0
2019/20,Türkiye,TO,P,414.0
2019/20,United King.,OO,C,72.3
2019/20,United King.,OO,E,0.7
2019/20,United King.,OO,I,0.2
2019/20,United King.,TO,C,33.5
2019/20,United King.,TO,E,0.2
2019/20,United King.,TO,I,1.3
2019/20,Uruguay,OO,C,2.0
2019/20,Uruguay,OO,E,1.0
2019/20,Uruguay,OO,I,1.0
2019/20,Uruguay,OO,P,2.5
2019/20,Uruguay,TO,C,2.5
2019/20,Uruguay,TO,E,0.0
2019/20,Uruguay,TO,I,2.5
2019/20,Uruguay,TO,P,0.0
2019/20,USA,OO,C,402.5
2019/20,USA,OO,E,3.5
2019/20,USA,OO,I,391.0
2019/20,USA,OO,P,16.0
2019/20,USA,TO,C,221.5
2019/20,USA,TO,E,4.5
2019/20,USA,TO,I,146.5
2019/20,USA,TO,P,80.5
2019/20,Uzbekistan,OO,C,0.5
2019/20,Uzbekistan,OO,E,0.0
2019/20,Uzbekistan,OO,I,0.5
2019/20,Uzbekistan,TO,C,0.5
2019/20,Uzbekistan,TO,I,0.5
2019/20,Uzbekistan,TO,P,0.0
2020/21,Albania,OO,C,14.5
2020/21,Albania,OO,E,0.0
2020/21,Albania,OO,I,1.5
2020/21,Albania,OO,P,13.0
2020/21,Albania,TO,C,29.5
2020/21,Albania,TO,E,9.5
2020/21,Albania,TO,I,11.0
2020/21,Albania,TO,P,28.0
2020/21,Algeria,OO,C,80.0
2020/21,Algeria,OO,E,0.5
2020/21,Algeria,OO,I,0.0
2020/21,Algeria,OO,P,70.5
2020/21,Algeria,TO,C,275.0
2020/21,Algeria,TO,E,0.5
2020/21,Algeria,TO,I,1.0
2020/21,Algeria,TO,P,272.5
2020/21,Argentina,OO,C,7.5
2020/21,Argentina,OO,E,23.0
2020/21,Argentina,OO,I,1.0
2020/21,Argentina,OO,P,30.0
2020/21,Argentina,TO,C,25.0
2020/21,Argentina,TO,E,53.5
2020/21,Argentina,TO,I,0.0
2020/21,Argentina,TO,P,78.0
2020/21,Australia,OO,C,56.0
2020/21,Australia,OO,E,2.0
2020/21,Australia,OO,I,36.0
2020/21,Australia,OO,P,23.0
2020/21,Australia,TO,C,23.0
2020/21,Australia,TO,E,0.0
2020/21,Australia,TO,I,19.5
2020/21,Australia,TO,P,3.5
2020/21,Austria,OO,C,8.7
2020/21,Austria,OO,E,1.0
2020/21,Austria,OO,I,0.1
2020/21,Austria,TO,C,4.1
2020/21,Austria,TO,E,0.2
2020/21,Austria,TO,I,0.6
2020/21,Belgium,OO,C,11.1
2020/21,Belgium,OO,E,5.7
2020/21,Belgium,OO,I,2.8
2020/21,Belgium,TO,C,19.0
2020/21,Belgium,TO,E,1.0
2020/21,Belgium,TO,I,13.7
2020/21,Brazil,OO,C,106.5
2020/21,Brazil,OO,E,0.0
2020/21,Brazil,OO,I,106.5
2020/21,Brazil,TO,C,130.0
2020/21,Brazil,TO,E,0.0
2020/21,Brazil,TO,I,130.0
2020/21,Bulgaria,OO,C,5.3
2020/21,Bulgaria,OO,E,0.0
2020/21,Bulgaria,OO,I,0.3
2020/21,Bulgaria,TO,C,11.9
2020/21,Bulgaria,TO,E,0.1
2020/21,Bulgaria,TO,I,5.2
2020/21,Canada,OO,C,58.0
2020/21,Canada,OO,I,58.0
2020/21,Canada,TO,C,39.5
2020/21,Canada,TO,E,0.0
2020/21,Canada,TO,I,39.5
2020/21,Chile,OO,C,14.0
2020/21,Chile,OO,E,13.0
2020/21,Chile,OO,I,2.0
2020/21,Chile,OO,P,25.5
2020/21,Chile,TO,C,39.0
2020/21,Chile,TO,E,0.0
2020/21,Chile,TO,I,28.0
2020/21,Chile,TO,P,13.0
2020/21,China,OO,C,53.0
2020/21,China,OO,I,45.5
2020/21,China,OO,P,7.5
2020/21,Croatia,OO,C,7.6
2020/21,Croatia,OO,E,0.3
2020/21,Croatia,OO,I,0.0
2020/21,Croatia,OO,P,3.7
2020/21,Croatia,TO,C,3.3
2020/21,Croatia,TO,E,0.1
2020/21,Croatia,TO,I,0.0
2020/21,Croatia,TO,P,0.6
2020/21,Cyprus,OO,C,5.3
2020/21,Cyprus,OO,E,0.2
2020/21,Cyprus,OO,I,0.0
2020/21,Cyprus,OO,P,4.5
2020/21,Cyprus,TO,C,5.1
2020/21,Cyprus,TO,E,0.0
2020/21,Cyprus,TO,I,0.1
2020/21,Cyprus,TO,P,4.4
2020/21,Czech. Rep.,OO,C,5.0
2020/21,Czech. Rep.,OO,E,0.0
2020/21,Czech. Rep.,OO,I,0.0
2020/21,Czech. Rep.,TO,C,4.1
2020/21,Czech. Rep.,TO,E,0.0
2020/21,Czech. Rep.,TO,I,0.0
2020/21,Denmark,OO,C,6.0
2020/21,Denmark,OO,E,0.1
2020/21,Denmark,OO,I,0.1
2020/21,Denmark,TO,C,3.4
2020/21,Denmark,TO,E,0.0
2020/21,Denmark,TO,I,0.4
2020/21,Egypt,OO,C,42.0
2020/21,Egypt,OO,E,1.0
2020/21,Egypt,OO,I,4.5
2020/21,Egypt,OO,P,38.0
2020/21,Egypt,TO,C,569.0
2020/21,Egypt,TO,E,124.0
2020/21,Egypt,TO,I,0.0
2020/21,Egypt,TO,P,650.0
2020/21,Estonia,OO,C,0.8
2020/21,Estonia,OO,E,0.0
2020/21,Estonia,OO,I,0.0
2020/21,Estonia,TO,C,0.4
2020/21,Estonia,TO,E,0.1
2020/21,Estonia,TO,I,0.0
2020/21,EU,OO,C,1.0
2020/21,EU,OO,E,804.0
2020/21,EU,OO,I,167.5
2020/21,EU,OO,P,2051.0
2020/21,EU,TO,C,581.0
2020/21,EU,TO,E,311.5
2020/21,EU,TO,I,116.0
2020/21,EU,TO,P,881.0
2020/21,Finland,OO,C,2.9
2020/21,Finland,OO,E,0.0
2020/21,Finland,OO,I,0.1
2020/21,Finland,TO,C,1.6
2020/21,Finland,TO,E,0.0
2020/21,Finland,TO,I,0.0
2020/21,France,OO,C,139.9
2020/21,France,OO,E,3.1
2020/21,France,OO,I,8.3
2020/21,France,OO,P,4.5
2020/21,France,TO,C,88.0
2020/21,France,TO,E,1.8
2020/21,France,TO,I,31.3
2020/21,France,TO,P,1.2
2020/21,Georgia,OO,C,0.5
2020/21,Georgia,OO,E,0.0
2020/21,Georgia,OO,I,0.5
2020/21,Georgia,TO,C,1.0
2020/21,Georgia,TO,E,0.0
2020/21,Georgia,TO,I,1.0
2020/21,Georgia,TO,P,0.0
2020/21,Germany,OO,C,82.0
2020/21,Germany,OO,E,1.0
2020/21,Germany,OO,I,0.8
2020/21,Germany,TO,C,46.7
2020/21,Germany,TO,E,0.7
2020/21,Germany,TO,I,9.9
2020/21,Greece,OO,C,108.6
2020/21,Greece,OO,E,24.5
2020/21,Greece,OO,I,0.1
2020/21,Greece,OO,P,275.0
2020/21,Greece,TO,C,10.0
2020/21,Greece,TO,E,90.2
2020/21,Greece,TO,I,10.9
2020/21,Greece,TO,P,230.0
2020/21,Hungary,OO,C,3.3
2020/21,Hungary,OO,E,0.0
2020/21,Hungary,OO,I,0.0
2020/21,Hungary,TO,C,3.9
2020/21,Hungary,TO,E,0.1
2020/21,Hungary,TO,I,0.1
2020/21,Iran,OO,C,11.5
2020/21,Iran,OO,E,0.0
2020/21,Iran,OO,I,4.0
2020/21,Iran,OO,P,7.5
2020/21,Iran,TO,C,60.0
2020/21,Iran,TO,E,1.0
2020/21,Iran,TO,I,0.0
2020/21,Iran,TO,P,61.5
2020/21,Iraq,OO,C,1.0
2020/21,Iraq,OO,E,0.0
2020/21,Iraq,OO,I,1.0
2020/21,Iraq,TO,C,23.5
2020/21,Iraq,TO,E,0.0
2020/21,Iraq,TO,I,14.5
2020/21,Iraq,TO,P,9.0
2020/21,Ireland,OO,C,3.7
2020/21,Ireland,OO,E,0.1
2020/21,Ireland,OO,I,0.5
2020/21,Ireland,TO,C,3.0
2020/21,Ireland,TO,E,0.0
2020/21,Ireland,TO,I,0.8
2020/21,Israel,OO,C,25.0
2020/21,Israel,OO,E,0.0
2020/21,Israel,OO,I,10.0
2020/21,Israel,OO,P,12.0
2020/21,Israel,TO,C,22.0
2020/21,Israel,TO,E,0.0
2020/21,Israel,TO,I,4.0
2020/21,Israel,TO,P,14.0
2020/21,Italy,OO,C,421.9
2020/21,Italy,OO,E,222.6
2020/21,Italy,OO,I,51.2
2020/21,Italy,OO,P,273.5
2020/21,Italy,TO,C,122.5
2020/21,Italy,TO,E,18.6
2020/21,Italy,TO,I,8.8
2020/21,Italy,TO,P,83.0
2020/21,Japan,OO,C,59.0
2020/21,Japan,OO,I,59.0
2020/21,Japan,TO,C,4.5
2020/21,Japan,TO,E,0.0
2020/21,Japan,TO,I,4.5
2020/21,Japan,TO,P,0.0
2020/21,Jordan,OO,C,21.0
2020/21,Jordan,OO,E,3.5
2020/21,Jordan,OO,I,0.0
2020/21,Jordan,OO,P,24.5
2020/21,Jordan,TO,C,27.0
2020/21,Jordan,TO,E,7.5
2020/21,Jordan,TO,I,2.5
2020/21,Jordan,TO,P,29.0
2020/21,Latvia,OO,C,0.7
2020/21,Latvia,OO,E,0.3
2020/21,Latvia,OO,I,0.0
2020/21,Latvia,TO,C,0.9
2020/21,Latvia,TO,E,0.1
2020/21,Latvia,TO,I,0.0
2020/21,Lebanon,OO,C,7.5
2020/21,Lebanon,OO,E,6.5
2020/21,Lebanon,OO,I,0.0
2020/21,Lebanon,OO,P,14.0
2020/21,Lebanon,TO,C,10.0
2020/21,Lebanon,TO,E,2.5
2020/21,Lebanon,TO,I,1.5
2020/21,Lebanon,TO,P,11.0
2020/21,Libya,OO,C,16.0
2020/21,Libya,OO,E,0.0
2020/21,Libya,OO,I,0.0
2020/21,Libya,OO,P,16.5
2020/21,Libya,TO,C,13.0
2020/21,Libya,TO,E,0.0
2020/21,Libya,TO,I,10.0
2020/21,Libya,TO,P,3.0
2020/21,Lithuania,OO,C,1.2
2020/21,Lithuania,OO,E,1.2
2020/21,Lithuania,OO,I,0.0
2020/21,Lithuania,TO,C,1.0
2020/21,Lithuania,TO,E,0.7
2020/21,Lithuania,TO,I,0.0
2020/21,Luxembourg,OO,C,1.6
2020/21,Luxembourg,OO,E,0.0
2020/21,Luxembourg,OO,I,0.0
2020/21,Luxembourg,TO,C,1.8
2020/21,Luxembourg,TO,E,0.0
2020/21,Luxembourg,TO,I,0.0
2020/21,Malta,OO,C,1.1
2020/21,Malta,OO,E,0.0
2020/21,Malta,OO,I,0.1
2020/21,Malta,OO,P,0.0
2020/21,Malta,TO,C,0.8
2020/21,Malta,TO,E,0.0
2020/21,Malta,TO,I,0.1
2020/21,Malta,TO,P,0.0
2020/21,Mexico,OO,C,19.0
2020/21,Mexico,OO,E,1.5
2020/21,Mexico,OO,I,21.5
2020/21,Mexico,TO,C,30.0
2020/21,Mexico,TO,E,6.5
2020/21,Mexico,TO,I,10.0
2020/21,Mexico,TO,P,26.5
2020/21,Montenegro,OO,C,0.5
2020/21,Montenegro,OO,E,0.0
2020/21,Montenegro,OO,I,0.0
2020/21,Montenegro,OO,P,0.5
2020/21,Montenegro,TO,C,0.0
2020/21,Montenegro,TO,E,0.0
2020/21,Montenegro,TO,I,0.0
2020/21,Montenegro,TO,P,0.0
2020/21,Morocco,OO,C,140.0
2020/21,Morocco,OO,E,10.0
2020/21,Morocco,OO,I,7.5
2020/21,Morocco,OO,P,160.0
2020/21,Morocco,TO,C,36.0
2020/21,Morocco,TO,E,109.0
2020/21,Morocco,TO,I,0.5
2020/21,Morocco,TO,P,130.0
2020/21,Netherlands,OO,C,21.0
2020/21,Netherlands,OO,E,1.7
2020/21,Netherlands,OO,I,1.5
2020/21,Netherlands,TO,C,16.8
2020/21,Netherlands,TO,E,1.7
2020/21,Netherlands,TO,I,2.8
2020/21,Norway,OO,C,4.0
2020/21,Norway,OO,I,4.0
2020/21,Oth.non-prod.,OO,C,145.0
2020/21,Oth.non-prod.,OO,I,145.0
2020/21,Oth.non-prod.,TO,C,80.5
2020/21,Oth.non-prod.,TO,E,0.0
2020/21,Oth.non-prod.,TO,I,80.5
2020/21,Other pr.coun.,OO,C,12.5
2020/21,Other pr.coun.,OO,E,5.0
2020/21,Other pr.coun.,OO,I,2.0
2020/21,Other pr.coun.,OO,P,15.5
2020/21,Other pr.coun.,TO,C,25.0
2020/21,Other pr.coun.,TO,E,0.0
2020/21,Other pr.coun.,TO,I,10.0
2020/21,Other pr.coun.,TO,P,15.0
2020/21,Ouzbékistan,TO,E,0.0
2020/21,Palestine,OO,C,16.0
2020/21,Palestine,OO,E,6.0
2020/21,Palestine,OO,I,0.0
2020/21,Palestine,OO,P,14.5
2020/21,Palestine,TO,C,11.0
2020/21,Palestine,TO,E,0.5
2020/21,Palestine,TO,I,0.5
2020/21,Palestine,TO,P,11.0
2020/21,Peru,TO,C,85.0
2020/21,Peru,TO,E,30.0
2020/21,Peru,TO,I,0.0
2020/21,Peru,TO,P,91.0
2020/21,Poland,OO,C,11.2
2020/21,Poland,OO,E,1.2
2020/21,Poland,OO,I,0.0
2020/21,Poland,TO,C,11.8
2020/21,Poland,TO,E,1.3
2020/21,Poland,TO,I,0.4
2020/21,Portugal,OO,C,61.8
2020/21,Portugal,OO,E,76.1
2020/21,Portugal,OO,I,0.4
2020/21,Portugal,OO,P,100.0
2020/21,Portugal,TO,C,11.7
2020/21,Portugal,TO,E,15.0
2020/21,Portugal,TO,I,0.0
2020/21,Portugal,TO,P,15.6
2020/21,Romania,OO,C,5.9
2020/21,Romania,OO,E,0.0
2020/21,Romania,OO,I,0.1
2020/21,Romania,TO,C,29.8
2020/21,Romania,TO,E,0.4
2020/21,Romania,TO,I,12.8
2020/21,Russia,OO,C,32.0
2020/21,Russia,OO,I,32.0
2020/21,Russia,TO,C,25.0
2020/21,Russia,TO,E,0.0
2020/21,Russia,TO,I,25.0
2020/21,Saudi Arabia,OO,C,33.0
2020/21,Saudi Arabia,OO,E,0.5
2020/21,Saudi Arabia,OO,I,28.0
2020/21,Saudi Arabia,OO,P,3.0
2020/21,Saudi Arabia,TO,C,32.5
2020/21,Saudi Arabia,TO,E,0.0
2020/21,Saudi Arabia,TO,I,28.0
2020/21,Saudi Arabia,TO,P,4.5
2020/21,Slovakia,OO,C,2.9
2020/21,Slovakia,OO,E,0.0
2020/21,Slovakia,OO,I,0.0
2020/21,Slovakia,TO,C,2.8
2020/21,Slovakia,TO,E,0.0
2020/21,Slovakia,TO,I,0.0
2020/21,Slovenia,OO,C,2.8
2020/21,Slovenia,OO,E,0.1
2020/21,Slovenia,OO,I,0.0
2020/21,Slovenia,OO,P,0.9
2020/21,Slovenia,TO,C,0.1
2020/21,Slovenia,TO,E,0.0
2020/21,Slovenia,TO,I,0.0
2020/21,Slovenia,TO,P,0.0
2020/21,Spain,OO,C,541.1
2020/21,Spain,OO,E,464.6
2020/21,Spain,OO,I,100.7
2020/21,Spain,OO,P,1389.0
2020/21,Spain,TO,C,167.9
2020/21,Spain,TO,E,179.4
2020/21,Spain,TO,I,16.4
2020/21,Spain,TO,P,546.3
2020/21,Sweden,OO,C,13.2
2020/21,Sweden,OO,E,0.1
2020/21,Sweden,OO,I,0.3
2020/21,Sweden,TO,C,8.8
2020/21,Sweden,TO,E,0.0
2020/21,Sweden,TO,I,1.6
2020/21,Switzerland,OO,C,18.0
2020/21,Switzerland,OO,I,18.0
2020/21,Switzerland,TO,C,15.0
2020/21,Switzerland,TO,E,0.0
2020/21,Switzerland,TO,I,15.0
2020/21,Syria,OO,C,124.5
2020/21,Syria,OO,E,18.5
2020/21,Syria,OO,I,0.0
2020/21,Syria,OO,P,143.0
2020/21,Syria,TO,C,102.5
2020/21,Syria,TO,E,2.5
2020/21,Syria,TO,I,0.0
2020/21,Syria,TO,P,105.0
2020/21,Taiwan,OO,C,10.5
2020/21,Taiwan,OO,I,10.5
2020/21,Tunisia,OO,C,30.0
2020/21,Tunisia,OO,E,205.0
2020/21,Tunisia,OO,I,0.0
2020/21,Tunisia,OO,P,140.0
2020/21,Tunisia,TO,C,24.5
2020/21,Tunisia,TO,E,0.5
2020/21,Tunisia,TO,I,0.0
2020/21,Tunisia,TO,P,20.0
2020/21,Türkiye,OO,C,150.0
2020/21,Türkiye,OO,E,42.0
2020/21,Türkiye,OO,I,0.0
2020/21,Türkiye,OO,P,193.5
2020/21,Türkiye,TO,C,330.0
2020/21,Türkiye,TO,E,50.0
2020/21,Türkiye,TO,I,0.0
2020/21,Türkiye,TO,P,360.0
2020/21,Uruguay,OO,C,1.5
2020/21,Uruguay,OO,E,0.5
2020/21,Uruguay,OO,I,1.0
2020/21,Uruguay,OO,P,0.5
2020/21,Uruguay,TO,C,2.5
2020/21,Uruguay,TO,E,0.0
2020/21,Uruguay,TO,I,2.5
2020/21,Uruguay,TO,P,0.0
2020/21,USA,OO,C,389.0
2020/21,USA,OO,E,4.0
2020/21,USA,OO,I,379.5
2020/21,USA,OO,P,16.0
2020/21,USA,TO,C,175.5
2020/21,USA,TO,E,5.0
2020/21,USA,TO,I,159.0
2020/21,USA,TO,P,21.0
2020/21,Uzbekistan,OO,C,0.5
2020/21,Uzbekistan,OO,E,0.0
2020/21,Uzbekistan,OO,I,0.5
2020/21,Uzbekistan,TO,C,0.5
2020/21,Uzbekistan,TO,I,0.5
2020/21,Uzbekistan,TO,P,0.0
2021/22,Albania,OO,C,18.0
2021/22,Albania,OO,E,0.0
2021/22,Albania,OO,I,1.5
2021/22,Albania,OO,P,16.5
2021/22,Albania,TO,C,34.0
2021/22,Albania,TO,E,9.5
2021/22,Albania,TO,I,9.5
2021/22,Albania,TO,P,34.0
2021/22,Algeria,OO,C,95.0
2021/22,Algeria,OO,E,0.0
2021/22,Algeria,OO,I,0.0
2021/22,Algeria,OO,P,94.5
2021/22,Algeria,TO,C,307.0
2021/22,Algeria,TO,E,0.0
2021/22,Algeria,TO,I,0.0
2021/22,Algeria,TO,P,306.5
2021/22,Argentina,OO,C,7.5
2021/22,Argentina,OO,E,27.0
2021/22,Argentina,OO,I,1.5
2021/22,Argentina,OO,P,33.0
2021/22,Argentina,TO,C,25.0
2021/22,Argentina,TO,E,49.5
2021/22,Argentina,TO,I,0.0
2021/22,Argentina,TO,P,75.0
2021/22,Australia,OO,C,50.0
2021/22,Australia,OO,E,4.0
2021/22,Australia,OO,I,33.5
2021/22,Australia,OO,P,19.5
2021/22,Australia,TO,C,22.0
2021/22,Australia,TO,E,0.0
2021/22,Australia,TO,I,19.0
2021/22,Australia,TO,P,3.0
2021/22,Austria,OO,C,9.8
2021/22,Austria,OO,E,0.8
2021/22,Austria,OO,I,0.1
2021/22,Austria,TO,C,4.4
2021/22,Austria,TO,E,0.1
2021/22,Austria,TO,I,0.6
2021/22,Belgium,OO,C,14.7
2021/22,Belgium,OO,E,9.0
2021/22,Belgium,OO,I,2.0
2021/22,Belgium,TO,C,17.2
2021/22,Belgium,TO,E,1.2
2021/22,Belgium,TO,I,12.1
2021/22,Brazil,OO,C,103.5
2021/22,Brazil,OO,E,0.0
2021/22,Brazil,OO,I,103.5
2021/22,Brazil,TO,C,125.5
2021/22,Brazil,TO,E,0.0
2021/22,Brazil,TO,I,125.5
2021/22,Bulgaria,OO,C,5.5
2021/22,Bulgaria,OO,E,0.3
2021/22,Bulgaria,OO,I,0.0
2021/22,Bulgaria,TO,C,12.7
2021/22,Bulgaria,TO,E,0.2
2021/22,Bulgaria,TO,I,6.6
2021/22,Canada,OO,C,53.5
2021/22,Canada,OO,I,53.5
2021/22,Canada,TO,C,35.5
2021/22,Canada,TO,E,0.0
2021/22,Canada,TO,I,35.5
2021/22,Chile,OO,C,8.0
2021/22,Chile,OO,E,16.0
2021/22,Chile,OO,I,3.0
2021/22,Chile,OO,P,16.5
2021/22,Chile,TO,C,36.5
2021/22,Chile,TO,E,1.0
2021/22,Chile,TO,I,25.0
2021/22,Chile,TO,P,13.0
2021/22,China,OO,C,57.5
2021/22,China,OO,I,49.5
2021/22,China,OO,P,8.0
2021/22,Croatia,OO,C,8.5
2021/22,Croatia,OO,E,0.2
2021/22,Croatia,OO,I,0.0
2021/22,Croatia,OO,P,2.9
2021/22,Croatia,TO,C,2.7
2021/22,Croatia,TO,E,0.2
2021/22,Croatia,TO,I,0.0
2021/22,Croatia,TO,P,0.5
2021/22,Cyprus,OO,C,5.4
2021/22,Cyprus,OO,E,0.2
2021/22,Cyprus,OO,I,0.0
2021/22,Cyprus,OO,P,4.0
2021/22,Cyprus,TO,C,5.5
2021/22,Cyprus,TO,E,0.0
2021/22,Cyprus,TO,I,0.0
2021/22,Cyprus,TO,P,4.7
2021/22,Czech. Rep.,OO,C,4.6
2021/22,Czech. Rep.,OO,E,0.0
2021/22,Czech. Rep.,OO,I,0.0
2021/22,Czech. Rep.,TO,C,5.4
2021/22,Czech. Rep.,TO,E,0.0
2021/22,Czech. Rep.,TO,I,0.0
2021/22,Denmark,OO,C,5.5
2021/22,Denmark,OO,E,0.1
2021/22,Denmark,OO,I,0.0
2021/22,Denmark,TO,C,3.3
2021/22,Denmark,TO,E,0.1
2021/22,Denmark,TO,I,0.2
2021/22,Egypt,OO,C,45.0
2021/22,Egypt,OO,E,0.0
2021/22,Egypt,OO,I,2.0
2021/22,Egypt,OO,P,48.5
2021/22,Egypt,TO,C,500.0
2021/22,Egypt,TO,E,144.5
2021/22,Egypt,TO,I,2.0
2021/22,Egypt,TO,P,650.0
2021/22,Estonia,OO,C,0.7
2021/22,Estonia,OO,E,0.0
2021/22,Estonia,OO,I,0.0
2021/22,Estonia,TO,C,0.4
2021/22,Estonia,TO,E,0.0
2021/22,Estonia,TO,I,0.0
2021/22,EU,OO,C,918.0
2021/22,EU,OO,E,820.5
2021/22,EU,OO,I,151.5
2021/22,EU,OO,P,2273.0
2021/22,EU,TO,C,585.5
2021/22,EU,TO,E,318.5
2021/22,EU,TO,I,111.5
2021/22,EU,TO,P,928.5
2021/22,Finland,OO,C,3.1
2021/22,Finland,OO,E,0.1
2021/22,Finland,OO,I,0.1
2021/22,Finland,TO,C,2.2
2021/22,Finland,TO,E,0.0
2021/22,Finland,TO,I,0.0
2021/22,France,OO,C,142.5
2021/22,France,OO,E,3.6
2021/22,France,OO,I,8.2
2021/22,France,OO,P,5.8
2021/22,France,TO,C,89.0
2021/22,France,TO,E,1.6
2021/22,France,TO,I,31.3
2021/22,France,TO,P,1.1
2021/22,Georgia,OO,C,0.5
2021/22,Georgia,OO,E,0.0
2021/22,Georgia,OO,I,0.5
2021/22,Georgia,TO,C,2.0
2021/22,Georgia,TO,E,0.0
2021/22,Georgia,TO,I,2.0
2021/22,Georgia,TO,P,0.0
2021/22,Germany,OO,C,77.0
2021/22,Germany,OO,E,0.7
2021/22,Germany,OO,I,1.0
2021/22,Germany,TO,C,44.3
2021/22,Germany,TO,E,0.8
2021/22,Germany,TO,I,8.2
2021/22,Greece,OO,C,105.5
2021/22,Greece,OO,E,24.5
2021/22,Greece,OO,I,0.0
2021/22,Greece,OO,P,232.0
2021/22,Greece,TO,C,12.0
2021/22,Greece,TO,E,90.8
2021/22,Greece,TO,I,12.5
2021/22,Greece,TO,P,175.0
2021/22,Hungary,OO,C,3.4
2021/22,Hungary,OO,E,0.0
2021/22,Hungary,OO,I,0.0
2021/22,Hungary,TO,C,4.4
2021/22,Hungary,TO,E,0.1
2021/22,Hungary,TO,I,0.1
2021/22,Iran,OO,C,17.0
2021/22,Iran,OO,E,0.0
2021/22,Iran,OO,I,4.0
2021/22,Iran,OO,P,13.5
2021/22,Iran,TO,C,54.0
2021/22,Iran,TO,E,2.5
2021/22,Iran,TO,I,0.0
2021/22,Iran,TO,P,59.5
2021/22,Iraq,OO,C,1.0
2021/22,Iraq,OO,E,0.0
2021/22,Iraq,OO,I,1.0
2021/22,Iraq,TO,C,26.0
2021/22,Iraq,TO,E,0.0
2021/22,Iraq,TO,I,20.5
2021/22,Iraq,TO,P,10.0
2021/22,Ireland,OO,C,5.1
2021/22,Ireland,OO,E,0.2
2021/22,Ireland,OO,I,1.6
2021/22,Ireland,TO,C,4.5
2021/22,Ireland,TO,E,0.0
2021/22,Ireland,TO,I,2.6
2021/22,Israel,OO,C,24.0
2021/22,Israel,OO,E,0.0
2021/22,Israel,OO,I,11.0
2021/22,Israel,OO,P,12.0
2021/22,Israel,TO,C,23.5
2021/22,Israel,TO,E,0.0
2021/22,Israel,TO,I,2.0
2021/22,Israel,TO,P,22.0
2021/22,Italy,OO,C,457.1
2021/22,Italy,OO,E,234.7
2021/22,Italy,OO,I,51.5
2021/22,Italy,OO,P,329.0
2021/22,Italy,TO,C,116.5
2021/22,Italy,TO,E,20.1
2021/22,Italy,TO,I,9.1
2021/22,Italy,TO,P,62.5
2021/22,Japan,OO,C,62.5
2021/22,Japan,OO,I,62.5
2021/22,Japan,TO,C,4.0
2021/22,Japan,TO,E,0.0
2021/22,Japan,TO,I,4.0
2021/22,Japan,TO,P,0.0
2021/22,Jordan,OO,C,19.5
2021/22,Jordan,OO,E,4.5
2021/22,Jordan,OO,I,0.0
2021/22,Jordan,OO,P,23.5
2021/22,Jordan,TO,C,22.5
2021/22,Jordan,TO,E,7.0
2021/22,Jordan,TO,I,1.5
2021/22,Jordan,TO,P,28.0
2021/22,Latvia,OO,C,1.1
2021/22,Latvia,OO,E,0.3
2021/22,Latvia,OO,I,0.0
2021/22,Latvia,TO,C,0.6
2021/22,Latvia,TO,E,0.1
2021/22,Latvia,TO,I,0.0
2021/22,Lebanon,OO,C,13.5
2021/22,Lebanon,OO,E,4.5
2021/22,Lebanon,OO,I,0.0
2021/22,Lebanon,OO,P,18.0
2021/22,Lebanon,TO,C,24.5
2021/22,Lebanon,TO,E,5.5
2021/22,Lebanon,TO,I,4.5
2021/22,Lebanon,TO,P,25.5
2021/22,Libya,OO,C,17.0
2021/22,Libya,OO,E,0.0
2021/22,Libya,OO,I,0.0
2021/22,Libya,OO,P,17.0
2021/22,Libya,TO,C,13.5
2021/22,Libya,TO,E,0.0
2021/22,Libya,TO,I,10.5
2021/22,Libya,TO,P,3.0
2021/22,Lithuania,OO,C,1.0
2021/22,Lithuania,OO,E,1.2
2021/22,Lithuania,OO,I,0.0
2021/22,Lithuania,TO,C,1.1
2021/22,Lithuania,TO,E,0.9
2021/22,Lithuania,TO,I,0.0
2021/22,Luxembourg,OO,C,1.7
2021/22,Luxembourg,OO,E,0.0
2021/22,Luxembourg,OO,I,0.0
2021/22,Luxembourg,TO,C,1.7
2021/22,Luxembourg,TO,E,0.0
2021/22,Luxembourg,TO,I,0.0
2021/22,Malta,OO,C,1.7
2021/22,Malta,OO,E,0.0
2021/22,Malta,OO,I,0.0
2021/22,Malta,OO,P,0.0
2021/22,Malta,TO,C,0.9
2021/22,Malta,TO,E,0.0
2021/22,Malta,TO,I,0.0
2021/22,Malta,TO,P,0.0
2021/22,Mexico,OO,C,22.5
2021/22,Mexico,OO,E,1.0
2021/22,Mexico,OO,I,23.5
2021/22,Mexico,TO,C,23.5
2021/22,Mexico,TO,E,5.0
2021/22,Mexico,TO,I,13.0
2021/22,Mexico,TO,P,21.5
2021/22,Montenegro,OO,C,1.0
2021/22,Montenegro,OO,E,0.0
2021/22,Montenegro,OO,I,0.5
2021/22,Montenegro,OO,P,0.5
2021/22,Montenegro,TO,C,0.5
2021/22,Montenegro,TO,E,0.0
2021/22,Montenegro,TO,I,0.5
2021/22,Montenegro,TO,P,0.0
2021/22,Morocco,OO,C,170.0
2021/22,Morocco,OO,E,14.5
2021/22,Morocco,OO,I,5.0
2021/22,Morocco,OO,P,190.0
2021/22,Morocco,TO,C,38.0
2021/22,Morocco,TO,E,76.5
2021/22,Morocco,TO,I,0.5
2021/22,Morocco,TO,P,130.0
2021/22,Netherlands,OO,C,18.2
2021/22,Netherlands,OO,E,1.9
2021/22,Netherlands,OO,I,1.2
2021/22,Netherlands,TO,C,15.9
2021/22,Netherlands,TO,E,1.9
2021/22,Netherlands,TO,I,2.1
2021/22,Norway,OO,C,5.0
2021/22,Norway,OO,I,5.0
2021/22,Oth.non-prod.,OO,C,177.0
2021/22,Oth.non-prod.,OO,I,177.0
2021/22,Oth.non-prod.,TO,C,139.0
2021/22,Oth.non-prod.,TO,E,0.0
2021/22,Oth.non-prod.,TO,I,139.0
2021/22,Other pr.coun.,OO,C,12.5
2021/22,Other pr.coun.,OO,E,5.0
2021/22,Other pr.coun.,OO,I,2.0
2021/22,Other pr.coun.,OO,P,15.5
2021/22,Other pr.coun.,TO,C,25.0
2021/22,Other pr.coun.,TO,E,0.0
2021/22,Other pr.coun.,TO,I,10.0
2021/22,Other pr.coun.,TO,P,15.0
2021/22,Ouzbékistan,TO,E,0.0
2021/22,Palestine,OO,C,17.0
2021/22,Palestine,OO,E,7.5
2021/22,Palestine,OO,I,0.0
2021/22,Palestine,OO,P,14.5
2021/22,Palestine,TO,C,8.0
2021/22,Palestine,TO,E,0.5
2021/22,Palestine,TO,I,0.5
2021/22,Palestine,TO,P,8.0
2021/22,Peru,TO,C,95.0
2021/22,Peru,TO,E,33.5
2021/22,Peru,TO,I,0.5
2021/22,Peru,TO,P,149.0
2021/22,Poland,OO,C,17.3
2021/22,Poland,OO,E,1.6
2021/22,Poland,OO,I,0.0
2021/22,Poland,TO,C,11.9
2021/22,Poland,TO,E,2.1
2021/22,Poland,TO,I,1.3
2021/22,Portugal,OO,C,59.3
2021/22,Portugal,OO,E,72.7
2021/22,Portugal,OO,I,0.0
2021/22,Portugal,OO,P,206.2
2021/22,Portugal,TO,C,5.8
2021/22,Portugal,TO,E,11.4
2021/22,Portugal,TO,I,0.0
2021/22,Portugal,TO,P,25.5
2021/22,Romania,OO,C,4.9
2021/22,Romania,OO,E,0.1
2021/22,Romania,OO,I,0.1
2021/22,Romania,TO,C,28.0
2021/22,Romania,TO,E,0.3
2021/22,Romania,TO,I,16.0
2021/22,Russia,OO,C,19.5
2021/22,Russia,OO,I,19.5
2021/22,Russia,TO,C,30.0
2021/22,Russia,TO,E,0.0
2021/22,Russia,TO,I,30.0
2021/22,Saudi Arabia,OO,C,36.5
2021/22,Saudi Arabia,OO,E,0.5
2021/22,Saudi Arabia,OO,I,35.5
2021/22,Saudi Arabia,OO,P,5.0
2021/22,Saudi Arabia,TO,C,32.5
2021/22,Saudi Arabia,TO,E,0.0
2021/22,Saudi Arabia,TO,I,29.0
2021/22,Saudi Arabia,TO,P,4.5
2021/22,Slovakia,OO,C,1.8
2021/22,Slovakia,OO,E,0.0
2021/22,Slovakia,OO,I,0.0
2021/22,Slovakia,TO,C,4.2
2021/22,Slovakia,TO,E,0.0
2021/22,Slovakia,TO,I,0.0
2021/22,Slovenia,OO,C,2.2
2021/22,Slovenia,OO,E,0.1
2021/22,Slovenia,OO,I,0.0
2021/22,Slovenia,OO,P,0.3
2021/22,Slovenia,TO,C,0.8
2021/22,Slovenia,TO,E,0.0
2021/22,Slovenia,TO,I,0.0
2021/22,Slovenia,TO,P,0.0
2021/22,Spain,OO,C,579.9
2021/22,Spain,OO,E,468.1
2021/22,Spain,OO,I,85.6
2021/22,Spain,OO,P,1493.0
2021/22,Spain,TO,C,180.4
2021/22,Spain,TO,E,186.7
2021/22,Spain,TO,I,7.7
2021/22,Spain,TO,P,659.5
2021/22,Sweden,OO,C,11.9
2021/22,Sweden,OO,E,0.0
2021/22,Sweden,OO,I,0.2
2021/22,Sweden,TO,C,9.6
2021/22,Sweden,TO,E,0.0
2021/22,Sweden,TO,I,1.1
2021/22,Switzerland,OO,C,17.5
2021/22,Switzerland,OO,I,17.5
2021/22,Switzerland,TO,C,12.5
2021/22,Switzerland,TO,E,0.0
2021/22,Switzerland,TO,I,12.5
2021/22,Syria,OO,C,81.5
2021/22,Syria,OO,E,23.5
2021/22,Syria,OO,I,0.0
2021/22,Syria,OO,P,105.0
2021/22,Syria,TO,C,101.0
2021/22,Syria,TO,E,2.0
2021/22,Syria,TO,I,0.0
2021/22,Syria,TO,P,105.0
2021/22,Taiwan,OO,C,13.0
2021/22,Taiwan,OO,I,13.0
2021/22,Tunisia,OO,C,30.0
2021/22,Tunisia,OO,E,187.0
2021/22,Tunisia,OO,I,0.0
2021/22,Tunisia,OO,P,240.0
2021/22,Tunisia,TO,C,24.5
2021/22,Tunisia,TO,E,0.5
2021/22,Tunisia,TO,I,0.0
2021/22,Tunisia,TO,P,25.0
2021/22,Türkiye,OO,C,170.0
2021/22,Türkiye,OO,E,58.0
2021/22,Türkiye,OO,I,0.0
2021/22,Türkiye,OO,P,235.0
2021/22,Türkiye,TO,C,285.0
2021/22,Türkiye,TO,E,110.0
2021/22,Türkiye,TO,I,0.0
2021/22,Türkiye,TO,P,450.0
2021/22,Uruguay,OO,C,1.5
2021/22,Uruguay,OO,E,0.5
2021/22,Uruguay,OO,I,1.0
2021/22,Uruguay,OO,P,1.5
2021/22,Uruguay,TO,C,2.5
2021/22,Uruguay,TO,E,0.0
2021/22,Uruguay,TO,I,2.5
2021/22,Uruguay,TO,P,0.0
2021/22,USA,OO,C,412.0
2021/22,USA,OO,E,3.5
2021/22,USA,OO,I,399.0
2021/22,USA,OO,P,15.5
2021/22,USA,TO,C,196.5
2021/22,USA,TO,E,5.0
2021/22,USA,TO,I,157.5
2021/22,USA,TO,P,42.0
2021/22,Uzbekistan,OO,C,0.5
2021/22,Uzbekistan,OO,E,0.0
2021/22,Uzbekistan,OO,I,0.5
2021/22,Uzbekistan,OO,P,0.0
2021/22,Uzbekistan,TO,C,0.5
2021/22,Uzbekistan,TO,I,0.5
2021/22,Uzbekistan,TO,P,0.0
2022/23,Albania,OO,C,24.0
2022/23,Albania,OO,E,6.0
2022/23,Albania,OO,I,1.0
2022/23,Albania,OO,P,29.0
2022/23,Albania,TO,C,26.0
2022/23,Albania,TO,E,14.5
2022/23,Albania,TO,I,11.5
2022/23,Albania,TO,P,29.0
2022/23,Algeria,OO,C,75.0
2022/23,Algeria,OO,E,0.0
2022/23,Algeria,OO,I,0.0
2022/23,Algeria,OO,P,75.5
2022/23,Algeria,TO,C,268.0
2022/23,Algeria,TO,E,0.0
2022/23,Algeria,TO,I,2.0
2022/23,Algeria,TO,P,256.5
2022/23,Argentina,OO,C,7.5
2022/23,Argentina,OO,E,26.5
2022/23,Argentina,OO,I,3.5
2022/23,Argentina,OO,P,32.0
2022/23,Argentina,TO,C,25.0
2022/23,Argentina,TO,E,55.5
2022/23,Argentina,TO,I,0.0
2022/23,Argentina,TO,P,80.0
2022/23,Australia,OO,C,41.0
2022/23,Australia,OO,E,4.5
2022/23,Australia,OO,I,27.5
2022/23,Australia,OO,P,17.5
2022/23,Australia,TO,C,20.5
2022/23,Australia,TO,E,0.0
2022/23,Australia,TO,I,17.5
2022/23,Australia,TO,P,3.0
2022/23,Austria,OO,C,9.6
2022/23,Austria,OO,E,0.4
2022/23,Austria,OO,I,0.1
2022/23,Austria,TO,C,4.9
2022/23,Austria,TO,E,0.1
2022/23,Austria,TO,I,0.6
2022/23,Azerbaïdjan,OO,C,2.5
2022/23,Azerbaïdjan,OO,E,0.0
2022/23,Azerbaïdjan,OO,I,0.5
2022/23,Azerbaïdjan,OO,P,2.0
2022/23,Azerbaïdjan,TO,C,5.0
2022/23,Azerbaïdjan,TO,E,0.0
2022/23,Azerbaïdjan,TO,I,1.5
2022/23,Azerbaïdjan,TO,P,3.0
2022/23,Belgium,OO,C,9.6
2022/23,Belgium,OO,E,7.4
2022/23,Belgium,OO,I,1.9
2022/23,Belgium,TO,C,14.5
2022/23,Belgium,TO,E,1.4
2022/23,Belgium,TO,I,10.7
2022/23,Bosnie-Herzégovine,OO,C,0.5
2022/23,Bosnie-Herzégovine,OO,E,0.0
2022/23,Bosnie-Herzégovine,OO,I,0.5
2022/23,Bosnie-Herzégovine,OO,P,0.0
2022/23,Bosnie-Herzégovine,TO,C,1.5
2022/23,Bosnie-Herzégovine,TO,E,0.0
2022/23,Bosnie-Herzégovine,TO,I,1.0
2022/23,Bosnie-Herzégovine,TO,P,0.5
2022/23,Brazil,OO,C,91.0
2022/23,Brazil,OO,E,0.0
2022/23,Brazil,OO,I,91.0
2022/23,Brazil,TO,C,123.0
2022/23,Brazil,TO,E,0.0
2022/23,Brazil,TO,I,123.0
2022/23,Bulgaria,OO,C,4.0
2022/23,Bulgaria,OO,E,0.1
2022/23,Bulgaria,OO,I,0.0
2022/23,Bulgaria,TO,C,12.5
2022/23,Bulgaria,TO,E,0.2
2022/23,Bulgaria,TO,I,6.9
2022/23,Canada,OO,C,48.0
2022/23,Canada,OO,I,48.0
2022/23,Canada,TO,C,34.0
2022/23,Canada,TO,E,0.0
2022/23,Canada,TO,I,34.0
2022/23,Canada,TO,P,0.0
2022/23,Chile,OO,C,7.5
2022/23,Chile,OO,E,16.5
2022/23,Chile,OO,I,2.5
2022/23,Chile,OO,P,21.0
2022/23,Chile,TO,C,34.5
2022/23,Chile,TO,E,1.0
2022/23,Chile,TO,I,22.5
2022/23,Chile,TO,P,14.0
2022/23,China,OO,C,43.5
2022/23,China,OO,I,34.0
2022/23,China,OO,P,9.5
2022/23,Croatia,OO,C,8.5
2022/23,Croatia,OO,E,0.1
2022/23,Croatia,OO,I,0.0
2022/23,Croatia,OO,P,5.1
2022/23,Croatia,TO,C,2.5
2022/23,Croatia,TO,E,0.1
2022/23,Croatia,TO,I,0.0
2022/23,Croatia,TO,P,0.6
2022/23,Cyprus,OO,C,5.1
2022/23,Cyprus,OO,E,0.3
2022/23,Cyprus,OO,I,0.0
2022/23,Cyprus,OO,P,4.8
2022/23,Cyprus,TO,C,5.6
2022/23,Cyprus,TO,E,0.0
2022/23,Cyprus,TO,I,0.0
2022/23,Cyprus,TO,P,4.9
2022/23,Czech. Rep.,OO,C,3.7
2022/23,Czech. Rep.,OO,E,0.0
2022/23,Czech. Rep.,OO,I,0.0
2022/23,Czech. Rep.,TO,C,4.0
2022/23,Czech. Rep.,TO,E,0.0
2022/23,Czech. Rep.,TO,I,0.0
2022/23,Denmark,OO,C,5.4
2022/23,Denmark,OO,E,0.1
2022/23,Denmark,OO,I,0.0
2022/23,Denmark,TO,C,3.5
2022/23,Denmark,TO,E,0.1
2022/23,Denmark,TO,I,0.2
2022/23,Egypt,OO,C,54.0
2022/23,Egypt,OO,E,0.5
2022/23,Egypt,OO,I,0.0
2022/23,Egypt,OO,P,49.5
2022/23,Egypt,TO,C,510.0
2022/23,Egypt,TO,E,90.0
2022/23,Egypt,TO,I,1.0
2022/23,Egypt,TO,P,600.0
2022/23,Estonia,OO,C,0.6
2022/23,Estonia,OO,E,0.0
2022/23,Estonia,OO,I,0.0
2022/23,Estonia,TO,C,0.4
2022/23,Estonia,TO,E,0.1
2022/23,Estonia,TO,I,0.0
2022/23,EU,OO,C,1.0
2022/23,EU,OO,E,602.5
2022/23,EU,OO,I,176.0
2022/23,EU,OO,P,1392.0
2022/23,EU,TO,C,593.5
2022/23,EU,TO,E,309.0
2022/23,EU,TO,I,106.5
2022/23,EU,TO,P,830.0
2022/23,Finland,OO,C,2.8
2022/23,Finland,OO,E,0.2
2022/23,Finland,OO,I,0.1
2022/23,Finland,TO,C,2.0
2022/23,Finland,TO,E,0.0
2022/23,Finland,TO,I,0.0
2022/23,France,OO,C,117.5
2022/23,France,OO,E,2.9
2022/23,France,OO,I,6.8
2022/23,France,OO,P,3.5
2022/23,France,TO,C,89.0
2022/23,France,TO,E,1.5
2022/23,France,TO,I,28.5
2022/23,France,TO,P,1.1
2022/23,Georgia,OO,C,0.5
2022/23,Georgia,OO,E,0.0
2022/23,Georgia,OO,I,0.5
2022/23,Georgia,OO,P,0.0
2022/23,Georgia,TO,C,2.5
2022/23,Georgia,TO,E,0.0
2022/23,Georgia,TO,I,2.5
2022/23,Georgia,TO,P,0.0
2022/23,Germany,OO,C,63.3
2022/23,Germany,OO,E,0.7
2022/23,Germany,OO,I,0.7
2022/23,Germany,TO,C,47.9
2022/23,Germany,TO,E,0.8
2022/23,Germany,TO,I,8.4
2022/23,Greece,OO,C,96.5
2022/23,Greece,OO,E,23.3
2022/23,Greece,OO,I,0.2
2022/23,Greece,OO,P,345.0
2022/23,Greece,TO,C,15.0
2022/23,Greece,TO,E,94.3
2022/23,Greece,TO,I,11.5
2022/23,Greece,TO,P,325.0
2022/23,Hungary,OO,C,3.0
2022/23,Hungary,OO,E,0.0
2022/23,Hungary,OO,I,0.0
2022/23,Hungary,TO,C,4.5
2022/23,Hungary,TO,E,0.1
2022/23,Hungary,TO,I,0.1
2022/23,Iran,OO,C,14.5
2022/23,Iran,OO,E,0.0
2022/23,Iran,OO,I,2.0
2022/23,Iran,OO,P,15.0
2022/23,Iran,TO,C,60.5
2022/23,Iran,TO,E,2.0
2022/23,Iran,TO,I,0.0
2022/23,Iran,TO,P,65.0
2022/23,Iraq,OO,C,1.5
2022/23,Iraq,OO,E,0.0
2022/23,Iraq,OO,I,1.5
2022/23,Iraq,OO,P,0.0
2022/23,Iraq,TO,C,28.0
2022/23,Iraq,TO,E,0.0
2022/23,Iraq,TO,I,17.0
2022/23,Iraq,TO,P,10.0
2022/23,Ireland,OO,C,4.5
2022/23,Ireland,OO,E,0.1
2022/23,Ireland,OO,I,0.7
2022/23,Ireland,TO,C,1.6
2022/23,Ireland,TO,E,0.1
2022/23,Ireland,TO,I,0.5
2022/23,Israel,OO,C,31.0
2022/23,Israel,OO,E,0.0
2022/23,Israel,OO,I,10.5
2022/23,Israel,OO,P,45.0
2022/23,Israel,TO,C,28.0
2022/23,Israel,TO,E,0.0
2022/23,Israel,TO,I,26.5
2022/23,Israel,TO,P,16.0
2022/23,Italy,OO,C,433.8
2022/23,Italy,OO,E,186.6
2022/23,Italy,OO,I,64.6
2022/23,Italy,OO,P,240.9
2022/23,Italy,TO,C,134.0
2022/23,Italy,TO,E,19.0
2022/23,Italy,TO,I,9.2
2022/23,Italy,TO,P,67.3
2022/23,Japan,OO,C,52.0
2022/23,Japan,OO,I,52.0
2022/23,Japan,TO,C,4.5
2022/23,Japan,TO,E,0.0
2022/23,Japan,TO,I,4.5
2022/23,Japan,TO,P,0.0
2022/23,Jordan,OO,C,22.0
2022/23,Jordan,OO,E,3.5
2022/23,Jordan,OO,I,0.0
2022/23,Jordan,OO,P,25.5
2022/23,Jordan,TO,C,25.5
2022/23,Jordan,TO,E,5.0
2022/23,Jordan,TO,I,2.0
2022/23,Jordan,TO,P,28.5
2022/23,Latvia,OO,C,0.8
2022/23,Latvia,OO,E,0.3
2022/23,Latvia,OO,I,0.0
2022/23,Latvia,TO,C,0.6
2022/23,Latvia,TO,E,0.3
2022/23,Latvia,TO,I,0.0
2022/23,Lebanon,OO,C,22.0
2022/23,Lebanon,OO,E,8.0
2022/23,Lebanon,OO,I,0.0
2022/23,Lebanon,OO,P,30.0
2022/23,Lebanon,TO,C,25.0
2022/23,Lebanon,TO,E,9.0
2022/23,Lebanon,TO,I,4.0
2022/23,Lebanon,TO,P,30.0
2022/23,Libya,OO,C,16.0
2022/23,Libya,OO,E,0.0
2022/23,Libya,OO,I,0.0
2022/23,Libya,OO,P,15.5
2022/23,Libya,TO,C,12.0
2022/23,Libya,TO,E,0.0
2022/23,Libya,TO,I,9.0
2022/23,Libya,TO,P,3.0
2022/23,Lithuania,OO,C,0.9
2022/23,Lithuania,OO,E,1.0
2022/23,Lithuania,OO,I,0.0
2022/23,Lithuania,TO,C,0.9
2022/23,Lithuania,TO,E,1.6
2022/23,Lithuania,TO,I,0.0
2022/23,Luxembourg,OO,C,1.6
2022/23,Luxembourg,OO,E,0.0
2022/23,Luxembourg,OO,I,0.0
2022/23,Luxembourg,TO,C,2.6
2022/23,Luxembourg,TO,E,0.0
2022/23,Luxembourg,TO,I,0.0
2022/23,Malta,OO,C,0.8
2022/23,Malta,OO,E,0.0
2022/23,Malta,OO,I,0.0
2022/23,Malta,OO,P,0.0
2022/23,Malta,TO,C,1.0
2022/23,Malta,TO,E,0.0
2022/23,Malta,TO,I,0.1
2022/23,Malta,TO,P,0.0
2022/23,Mexico,OO,C,18.0
2022/23,Mexico,OO,I,18.0
2022/23,Mexico,TO,C,31.0
2022/23,Mexico,TO,E,7.0
2022/23,Mexico,TO,I,14.5
2022/23,Mexico,TO,P,23.5
2022/23,Montenegro,OO,C,0.5
2022/23,Montenegro,OO,E,0.0
2022/23,Montenegro,OO,I,0.0
2022/23,Montenegro,OO,P,0.5
2022/23,Montenegro,TO,C,0.5
2022/23,Montenegro,TO,E,0.0
2022/23,Montenegro,TO,I,0.5
2022/23,Montenegro,TO,P,0.0
2022/23,Morocco,OO,C,150.0
2022/23,Morocco,OO,E,7.0
2022/23,Morocco,OO,I,12.0
2022/23,Morocco,OO,P,107.0
2022/23,Morocco,TO,C,40.0
2022/23,Morocco,TO,E,87.0
2022/23,Morocco,TO,I,3.5
2022/23,Morocco,TO,P,120.0
2022/23,Netherlands,OO,C,17.0
2022/23,Netherlands,OO,E,1.3
2022/23,Netherlands,OO,I,0.5
2022/23,Netherlands,TO,C,10.0
2022/23,Netherlands,TO,E,2.0
2022/23,Netherlands,TO,I,2.6
2022/23,Norway,OO,C,4.0
2022/23,Norway,OO,I,4.0
2022/23,Oth.non-prod.,OO,C,136.0
2022/23,Oth.non-prod.,OO,I,163.5
2022/23,Oth.non-prod.,TO,C,67.5
2022/23,Oth.non-prod.,TO,E,0.0
2022/23,Oth.non-prod.,TO,I,67.5
2022/23,Other pr.coun.,OO,C,12.5
2022/23,Other pr.coun.,OO,E,5.0
2022/23,Other pr.coun.,OO,I,2.0
2022/23,Other pr.coun.,OO,P,15.5
2022/23,Other pr.coun.,TO,C,25.0
2022/23,Other pr.coun.,TO,E,0.0
2022/23,Other pr.coun.,TO,I,10.0
2022/23,Other pr.coun.,TO,P,15.0
2022/23,Ouzbékistan,TO,E,0.0
2022/23,Palestine,OO,C,17.0
2022/23,Palestine,OO,E,8.5
2022/23,Palestine,OO,I,0.0
2022/23,Palestine,OO,P,36.0
2022/23,Palestine,TO,C,9.5
2022/23,Palestine,TO,E,0.5
2022/23,Palestine,TO,I,0.5
2022/23,Palestine,TO,P,11.5
2022/23,Peru,TO,C,95.0
2022/23,Peru,TO,E,45.5
2022/23,Peru,TO,I,0.5
2022/23,Peru,TO,P,134.5
2022/23,Poland,OO,C,14.0
2022/23,Poland,OO,E,1.4
2022/23,Poland,OO,I,0.0
2022/23,Poland,TO,C,9.1
2022/23,Poland,TO,E,4.4
2022/23,Poland,TO,I,0.4
2022/23,Portugal,OO,C,39.1
2022/23,Portugal,OO,E,59.0
2022/23,Portugal,OO,I,2.3
2022/23,Portugal,OO,P,126.0
2022/23,Portugal,TO,C,4.0
2022/23,Portugal,TO,E,12.4
2022/23,Portugal,TO,I,0.0
2022/23,Portugal,TO,P,16.9
2022/23,Romania,OO,C,5.0
2022/23,Romania,OO,E,0.1
2022/23,Romania,OO,I,0.0
2022/23,Romania,TO,C,28.2
2022/23,Romania,TO,E,0.3
2022/23,Romania,TO,I,15.3
2022/23,Russia,OO,C,12.0
2022/23,Russia,OO,I,12.0
2022/23,Russia,TO,C,24.5
2022/23,Russia,TO,E,0.0
2022/23,Russia,TO,I,24.5
2022/23,Saudi Arabia,OO,C,66.0
2022/23,Saudi Arabia,OO,E,0.0
2022/23,Saudi Arabia,OO,I,37.0
2022/23,Saudi Arabia,OO,P,29.5
2022/23,Saudi Arabia,TO,C,107.0
2022/23,Saudi Arabia,TO,E,0.0
2022/23,Saudi Arabia,TO,I,47.0
2022/23,Saudi Arabia,TO,P,60.0
2022/23,Slovakia,OO,C,2.0
2022/23,Slovakia,OO,E,0.0
2022/23,Slovakia,OO,I,0.0
2022/23,Slovakia,TO,C,3.6
2022/23,Slovakia,TO,E,0.0
2022/23,Slovakia,TO,I,0.0
2022/23,Slovenia,OO,C,2.3
2022/23,Slovenia,OO,E,0.3
2022/23,Slovenia,OO,I,0.0
2022/23,Slovenia,OO,P,0.7
2022/23,Slovenia,TO,C,0.9
2022/23,Slovenia,TO,E,0.0
2022/23,Slovenia,TO,I,0.0
2022/23,Slovenia,TO,P,0.0
2022/23,Spain,OO,C,363.2
2022/23,Spain,OO,E,316.5
2022/23,Spain,OO,I,97.8
2022/23,Spain,OO,P,665.8
2022/23,Spain,TO,C,181.2
2022/23,Spain,TO,E,170.2
2022/23,Spain,TO,I,10.4
2022/23,Spain,TO,P,414.1
2022/23,Sweden,OO,C,10.8
2022/23,Sweden,OO,E,0.0
2022/23,Sweden,OO,I,0.2
2022/23,Sweden,TO,C,9.4
2022/23,Sweden,TO,E,0.0
2022/23,Sweden,TO,I,1.1
2022/23,Switzerland,OO,C,16.0
2022/23,Switzerland,OO,I,16.0
2022/23,Switzerland,TO,C,12.0
2022/23,Switzerland,TO,E,0.0
2022/23,Switzerland,TO,I,12.0
2022/23,Syria,OO,C,62.5
2022/23,Syria,OO,E,41.0
2022/23,Syria,OO,I,0.0
2022/23,Syria,OO,P,134.0
2022/23,Syria,TO,C,105.0
2022/23,Syria,TO,E,1.5
2022/23,Syria,TO,I,0.0
2022/23,Syria,TO,P,115.0
2022/23,Taiwan,OO,C,9.0
2022/23,Taiwan,OO,I,9.0
2022/23,Tunisia,OO,C,30.0
2022/23,Tunisia,OO,E,198.5
2022/23,Tunisia,OO,I,0.0
2022/23,Tunisia,OO,P,217.0
2022/23,Tunisia,TO,C,26.5
2022/23,Tunisia,TO,E,0.5
2022/23,Tunisia,TO,I,0.0
2022/23,Tunisia,TO,P,28.0
2022/23,Türkiye,OO,C,165.0
2022/23,Türkiye,OO,E,150.0
2022/23,Türkiye,OO,I,0.0
2022/23,Türkiye,OO,P,451.0
2022/23,Türkiye,TO,C,345.0
2022/23,Türkiye,TO,E,100.0
2022/23,Türkiye,TO,I,0.0
2022/23,Türkiye,TO,P,735.0
2022/23,Uruguay,OO,C,2.0
2022/23,Uruguay,OO,E,0.5
2022/23,Uruguay,OO,I,0.5
2022/23,Uruguay,OO,P,1.5
2022/23,Uruguay,TO,C,2.0
2022/23,Uruguay,TO,E,0.0
2022/23,Uruguay,TO,I,2.0
2022/23,Uruguay,TO,P,0.0
2022/23,USA,OO,C,374.0
2022/23,USA,OO,E,5.5
2022/23,USA,OO,I,358.5
2022/23,USA,OO,P,9.0
2022/23,USA,TO,C,176.0
2022/23,USA,TO,E,5.5
2022/23,USA,TO,I,163.5
2022/23,USA,TO,P,18.0
2022/23,Uzbekistan,OO,C,0.5
2022/23,Uzbekistan,OO,E,0.0
2022/23,Uzbekistan,OO,I,0.5
2022/23,Uzbekistan,OO,P,0.0
2022/23,Uzbekistan,TO,C,1.5
2022/23,Uzbekistan,TO,I,1.5
2022/23,Uzbekistan,TO,P,0.0
2023/24,Albania,OO,C,23.5
2023/24,Albania,OO,E,5.5
2023/24,Albania,OO,I,1.0
2023/24,Albania,OO,P,28.5
2023/24,Albania,TO,C,15.0
2023/24,Albania,TO,E,14.5
2023/24,Albania,TO,I,11.5
2023/24,Albania,TO,P,18.0
2023/24,Algeria,OO,C,91.5
2023/24,Algeria,OO,E,0.0
2023/24,Algeria,OO,I,0.0
2023/24,Algeria,OO,P,93.0
2023/24,Algeria,TO,C,285.0
2023/24,Algeria,TO,E,0.0
2023/24,Algeria,TO,I,0.0
2023/24,Algeria,TO,P,286.0
2023/24,Argentina,OO,C,7.5
2023/24,Argentina,OO,E,37.0
2023/24,Argentina,OO,I,0.0
2023/24,Argentina,OO,P,43.0
2023/24,Argentina,TO,C,25.0
2023/24,Argentina,TO,E,56.0
2023/24,Argentina,TO,I,0.0
2023/24,Argentina,TO,P,82.0
2023/24,Australia,OO,C,44.5
2023/24,Australia,OO,E,2.0
2023/24,Australia,OO,I,26.5
2023/24,Australia,OO,P,20.0
2023/24,Australia,TO,C,22.5
2023/24,Australia,TO,E,0.0
2023/24,Australia,TO,I,19.5
2023/24,Australia,TO,P,3.0
2023/24,Austria,OO,C,9.6
2023/24,Austria,OO,E,0.4
2023/24,Austria,OO,I,0.1
2023/24,Austria,TO,C,4.7
2023/24,Austria,TO,E,0.1
2023/24,Austria,TO,I,0.6
2023/24,Azerbaïdjan,OO,C,1.5
2023/24,Azerbaïdjan,OO,E,0.0
2023/24,Azerbaïdjan,OO,I,0.5
2023/24,Azerbaïdjan,OO,P,1.0
2023/24,Azerbaïdjan,TO,C,5.5
2023/24,Azerbaïdjan,TO,E,0.0
2023/24,Azerbaïdjan,TO,I,0.0
2023/24,Azerbaïdjan,TO,P,5.5
2023/24,Belgium,OO,C,13.2
2023/24,Belgium,OO,E,3.8
2023/24,Belgium,OO,I,3.8
2023/24,Belgium,TO,C,13.5
2023/24,Belgium,TO,E,1.5
2023/24,Belgium,TO,I,9.6
2023/24,Bosnie-Herzégovine,OO,C,0.5
2023/24,Bosnie-Herzégovine,OO,E,0.0
2023/24,Bosnie-Herzégovine,OO,I,0.5
2023/24,Bosnie-Herzégovine,OO,P,0.0
2023/24,Bosnie-Herzégovine,TO,C,1.0
2023/24,Bosnie-Herzégovine,TO,E,0.0
2023/24,Bosnie-Herzégovine,TO,I,0.5
2023/24,Bosnie-Herzégovine,TO,P,0.5
2023/24,Brazil,OO,C,79.0
2023/24,Brazil,OO,E,0.0
2023/24,Brazil,OO,I,79.0
2023/24,Brazil,TO,C,128.0
2023/24,Brazil,TO,E,0.0
2023/24,Brazil,TO,I,128.0
2023/24,Bulgaria,OO,C,4.5
2023/24,Bulgaria,OO,E,0.0
2023/24,Bulgaria,OO,I,0.1
2023/24,Bulgaria,TO,C,9.9
2023/24,Bulgaria,TO,E,0.2
2023/24,Bulgaria,TO,I,5.7
2023/24,Canada,OO,C,50.0
2023/24,Canada,OO,I,50.0
2023/24,Canada,TO,C,33.5
2023/24,Canada,TO,E,0.0
2023/24,Canada,TO,I,33.5
2023/24,Canada,TO,P,0.0
2023/24,Chile,OO,C,7.5
2023/24,Chile,OO,E,15.5
2023/24,Chile,OO,I,2.5
2023/24,Chile,OO,P,20.5
2023/24,Chile,TO,C,33.0
2023/24,Chile,TO,E,1.0
2023/24,Chile,TO,I,17.0
2023/24,Chile,TO,P,14.0
2023/24,China,OO,C,27.0
2023/24,China,OO,I,18.0
2023/24,China,OO,P,9.0
2023/24,Croatia,OO,C,8.6
2023/24,Croatia,OO,E,0.1
2023/24,Croatia,OO,I,0.0
2023/24,Croatia,OO,P,3.5
2023/24,Croatia,TO,C,1.0
2023/24,Croatia,TO,E,0.2
2023/24,Croatia,TO,I,0.0
2023/24,Croatia,TO,P,0.7
2023/24,Cyprus,OO,C,3.4
2023/24,Cyprus,OO,E,0.2
2023/24,Cyprus,OO,I,0.0
2023/24,Cyprus,OO,P,2.8
2023/24,Cyprus,TO,C,4.7
2023/24,Cyprus,TO,E,0.0
2023/24,Cyprus,TO,I,0.1
2023/24,Cyprus,TO,P,4.0
2023/24,Czech. Rep.,OO,C,2.8
2023/24,Czech. Rep.,OO,E,0.0
2023/24,Czech. Rep.,OO,I,0.0
2023/24,Czech. Rep.,TO,C,4.2
2023/24,Czech. Rep.,TO,E,0.0
2023/24,Czech. Rep.,TO,I,0.0
2023/24,Denmark,OO,C,8.7
2023/24,Denmark,OO,E,0.1
2023/24,Denmark,OO,I,0.0
2023/24,Denmark,TO,C,3.5
2023/24,Denmark,TO,E,0.1
2023/24,Denmark,TO,I,0.3
2023/24,Egypt,OO,C,46.0
2023/24,Egypt,OO,E,1.5
2023/24,Egypt,OO,I,2.0
2023/24,Egypt,OO,P,45.0
2023/24,Egypt,TO,C,520.0
2023/24,Egypt,TO,E,137.0
2023/24,Egypt,TO,I,1.0
2023/24,Egypt,TO,P,650.0
2023/24,Estonia,OO,C,0.7
2023/24,Estonia,OO,E,0.0
2023/24,Estonia,OO,I,0.0
2023/24,Estonia,TO,C,0.4
2023/24,Estonia,TO,E,0.0
2023/24,Estonia,TO,I,0.0
2023/24,EU,OO,C,905.0
2023/24,EU,OO,E,607.0
2023/24,EU,OO,I,204.5
2023/24,EU,OO,P,1531.5
2023/24,EU,TO,C,572.0
2023/24,EU,TO,E,286.5
2023/24,EU,TO,I,151.0
2023/24,EU,TO,P,620.0
2023/24,Finland,OO,C,3.2
2023/24,Finland,OO,E,0.0
2023/24,Finland,OO,I,0.1
2023/24,Finland,TO,C,1.9
2023/24,Finland,TO,E,0.0
2023/24,Finland,TO,I,0.0
2023/24,France,OO,C,100.2
2023/24,France,OO,E,3.0
2023/24,France,OO,I,8.6
2023/24,France,OO,P,6.5
2023/24,France,TO,C,88.5
2023/24,France,TO,E,1.7
2023/24,France,TO,I,31.3
2023/24,France,TO,P,1.1
2023/24,Georgia,OO,C,0.5
2023/24,Georgia,OO,E,0.0
2023/24,Georgia,OO,I,0.5
2023/24,Georgia,OO,P,0.0
2023/24,Georgia,TO,C,2.0
2023/24,Georgia,TO,E,0.0
2023/24,Georgia,TO,I,2.0
2023/24,Georgia,TO,P,0.0
2023/24,Germany,OO,C,55.6
2023/24,Germany,OO,E,0.9
2023/24,Germany,OO,I,0.8
2023/24,Germany,TO,C,46.3
2023/24,Germany,TO,E,0.8
2023/24,Germany,TO,I,9.8
2023/24,Greece,OO,C,90.5
2023/24,Greece,OO,E,19.6
2023/24,Greece,OO,I,0.3
2023/24,Greece,OO,P,175.0
2023/24,Greece,TO,C,15.0
2023/24,Greece,TO,E,96.0
2023/24,Greece,TO,I,20.4
2023/24,Greece,TO,P,110.0
2023/24,Hungary,OO,C,3.3
2023/24,Hungary,OO,E,0.0
2023/24,Hungary,OO,I,0.0
2023/24,Hungary,TO,C,4.6
2023/24,Hungary,TO,E,0.1
2023/24,Hungary,TO,I,0.1
2023/24,Iran,OO,C,9.0
2023/24,Iran,OO,E,0.0
2023/24,Iran,OO,I,1.0
2023/24,Iran,OO,P,8.5
2023/24,Iran,TO,C,77.0
2023/24,Iran,TO,E,3.0
2023/24,Iran,TO,I,0.0
2023/24,Iran,TO,P,85.0
2023/24,Iraq,OO,C,2.0
2023/24,Iraq,OO,E,0.0
2023/24,Iraq,OO,I,2.0
2023/24,Iraq,OO,P,0.0
2023/24,Iraq,TO,C,24.5
2023/24,Iraq,TO,E,0.0
2023/24,Iraq,TO,I,15.5
2023/24,Iraq,TO,P,10.0
2023/24,Ireland,OO,C,4.8
2023/24,Ireland,OO,E,0.2
2023/24,Ireland,OO,I,1.0
2023/24,Ireland,TO,C,1.9
2023/24,Ireland,TO,E,0.0
2023/24,Ireland,TO,I,0.4
2023/24,Israel,OO,C,33.0
2023/24,Israel,OO,E,0.0
2023/24,Israel,OO,I,9.5
2023/24,Israel,OO,P,11.0
2023/24,Israel,TO,C,35.0
2023/24,Israel,TO,E,0.0
2023/24,Israel,TO,I,29.5
2023/24,Israel,TO,P,11.0
2023/24,Italy,OO,C,411.5
2023/24,Italy,OO,E,188.8
2023/24,Italy,OO,I,68.6
2023/24,Italy,OO,P,328.5
2023/24,Italy,TO,C,119.4
2023/24,Italy,TO,E,20.8
2023/24,Italy,TO,I,13.9
2023/24,Italy,TO,P,77.4
2023/24,Japan,OO,C,45.0
2023/24,Japan,OO,I,45.0
2023/24,Japan,TO,C,4.5
2023/24,Japan,TO,E,0.0
2023/24,Japan,TO,I,4.5
2023/24,Japan,TO,P,0.0
2023/24,Jordan,OO,C,21.0
2023/24,Jordan,OO,E,4.0
2023/24,Jordan,OO,I,0.0
2023/24,Jordan,OO,P,25.0
2023/24,Jordan,TO,C,20.5
2023/24,Jordan,TO,E,6.5
2023/24,Jordan,TO,I,1.5
2023/24,Jordan,TO,P,25.5
2023/24,Latvia,OO,C,0.9
2023/24,Latvia,OO,E,0.2
2023/24,Latvia,OO,I,0.0
2023/24,Latvia,TO,C,0.2
2023/24,Latvia,TO,E,0.1
2023/24,Latvia,TO,I,0.0
2023/24,Lebanon,OO,C,13.0
2023/24,Lebanon,OO,E,3.0
2023/24,Lebanon,OO,I,0.0
2023/24,Lebanon,OO,P,16.0
2023/24,Lebanon,TO,C,12.0
2023/24,Lebanon,TO,E,2.0
2023/24,Lebanon,TO,I,5.0
2023/24,Lebanon,TO,P,9.0
2023/24,Libya,OO,C,15.5
2023/24,Libya,OO,E,0.0
2023/24,Libya,OO,I,0.0
2023/24,Libya,OO,P,15.5
2023/24,Libya,TO,C,13.0
2023/24,Libya,TO,E,0.0
2023/24,Libya,TO,I,10.0
2023/24,Libya,TO,P,3.0
2023/24,Lithuania,OO,C,2.4
2023/24,Lithuania,OO,E,0.4
2023/24,Lithuania,OO,I,0.1
2023/24,Lithuania,TO,C,1.1
2023/24,Lithuania,TO,E,0.6
2023/24,Lithuania,TO,I,0.0
2023/24,Luxembourg,OO,C,1.6
2023/24,Luxembourg,OO,E,0.0
2023/24,Luxembourg,OO,I,0.0
2023/24,Luxembourg,TO,C,2.0
2023/24,Luxembourg,TO,E,0.0
2023/24,Luxembourg,TO,I,0.0
2023/24,Malta,OO,C,0.9
2023/24,Malta,OO,E,0.0
2023/24,Malta,OO,I,0.0
2023/24,Malta,OO,P,0.0
2023/24,Malta,TO,C,0.8
2023/24,Malta,TO,E,0.0
2023/24,Malta,TO,I,0.1
2023/24,Malta,TO,P,0.0
2023/24,Mexico,OO,C,13.0
2023/24,Mexico,OO,I,13.0
2023/24,Mexico,TO,C,25.0
2023/24,Mexico,TO,E,5.0
2023/24,Mexico,TO,I,12.0
2023/24,Mexico,TO,P,14.0
2023/24,Montenegro,OO,C,0.5
2023/24,Montenegro,OO,E,0.0
2023/24,Montenegro,OO,I,0.0
2023/24,Montenegro,OO,P,0.5
2023/24,Montenegro,TO,C,0.0
2023/24,Montenegro,TO,E,0.0
2023/24,Montenegro,TO,I,0.0
2023/24,Montenegro,TO,P,0.0
2023/24,Morocco,OO,C,140.0
2023/24,Morocco,OO,E,8.0
2023/24,Morocco,OO,I,2.5
2023/24,Morocco,OO,P,106.0
2023/24,Morocco,TO,C,40.0
2023/24,Morocco,TO,E,67.5
2023/24,Morocco,TO,I,0.0
2023/24,Morocco,TO,P,120.0
2023/24,Netherlands,OO,C,22.1
2023/24,Netherlands,OO,E,1.2
2023/24,Netherlands,OO,I,0.7
2023/24,Netherlands,TO,C,10.1
2023/24,Netherlands,TO,E,1.6
2023/24,Netherlands,TO,I,2.9
2023/24,Norway,OO,C,4.0
2023/24,Norway,OO,I,4.0
2023/24,Oth.non-prod.,OO,C,126.5
2023/24,Oth.non-prod.,OO,I,126.5
2023/24,Oth.non-prod.,TO,C,86.0
2023/24,Oth.non-prod.,TO,E,0.0
2023/24,Oth.non-prod.,TO,I,86.0
2023/24,Other pr.coun.,OO,C,12.5
2023/24,Other pr.coun.,OO,E,5.0
2023/24,Other pr.coun.,OO,I,2.0
2023/24,Other pr.coun.,OO,P,15.5
2023/24,Other pr.coun.,TO,C,25.0
2023/24,Other pr.coun.,TO,E,0.0
2023/24,Other pr.coun.,TO,I,10.0
2023/24,Other pr.coun.,TO,P,15.0
2023/24,Ouzbékistan,TO,E,0.0
2023/24,Palestine,OO,C,15.0
2023/24,Palestine,OO,E,3.5
2023/24,Palestine,OO,I,0.0
2023/24,Palestine,OO,P,10.5
2023/24,Palestine,TO,C,9.0
2023/24,Palestine,TO,E,0.5
2023/24,Palestine,TO,I,0.5
2023/24,Palestine,TO,P,8.5
2023/24,Peru,TO,C,97.0
2023/24,Peru,TO,E,34.5
2023/24,Peru,TO,I,0.5
2023/24,Peru,TO,P,136.0
2023/24,Poland,OO,C,11.3
2023/24,Poland,OO,E,0.7
2023/24,Poland,OO,I,0.0
2023/24,Poland,TO,C,11.8
2023/24,Poland,TO,E,1.9
2023/24,Poland,TO,I,1.3
2023/24,Portugal,OO,C,60.9
2023/24,Portugal,OO,E,55.1
2023/24,Portugal,OO,I,11.5
2023/24,Portugal,OO,P,160.9
2023/24,Portugal,TO,C,4.0
2023/24,Portugal,TO,E,7.2
2023/24,Portugal,TO,I,0.6
2023/24,Portugal,TO,P,19.7
2023/24,Romania,OO,C,5.3
2023/24,Romania,OO,E,0.0
2023/24,Romania,OO,I,0.1
2023/24,Romania,TO,C,26.1
2023/24,Romania,TO,E,0.3
2023/24,Romania,TO,I,12.8
2023/24,Russia,OO,C,10.0
2023/24,Russia,OO,I,10.0
2023/24,Russia,TO,C,22.0
2023/24,Russia,TO,E,0.0
2023/24,Russia,TO,I,22.0
2023/24,Saudi Arabia,OO,C,66.5
2023/24,Saudi Arabia,OO,E,0.5
2023/24,Saudi Arabia,OO,I,35.0
2023/24,Saudi Arabia,OO,P,32.0
2023/24,Saudi Arabia,TO,C,105.0
2023/24,Saudi Arabia,TO,E,0.0
2023/24,Saudi Arabia,TO,I,40.0
2023/24,Saudi Arabia,TO,P,68.0
2023/24,Slovakia,OO,C,1.6
2023/24,Slovakia,OO,E,0.0
2023/24,Slovakia,OO,I,0.0
2023/24,Slovakia,TO,C,1.9
2023/24,Slovakia,TO,E,0.0
2023/24,Slovakia,TO,I,0.0
2023/24,Slovenia,OO,C,2.6
2023/24,Slovenia,OO,E,0.1
2023/24,Slovenia,OO,I,0.1
2023/24,Slovenia,OO,P,0.5
2023/24,Slovenia,TO,C,0.8
2023/24,Slovenia,TO,E,0.0
2023/24,Slovenia,TO,I,0.0
2023/24,Slovenia,TO,P,0.0
2023/24,Spain,OO,C,402.3
2023/24,Spain,OO,E,332.4
2023/24,Spain,OO,I,108.6
2023/24,Spain,OO,P,854.0
2023/24,Spain,TO,C,184.5
2023/24,Spain,TO,E,153.2
2023/24,Spain,TO,I,39.9
2023/24,Spain,TO,P,407.4
2023/24,Sweden,OO,C,10.4
2023/24,Sweden,OO,E,0.1
2023/24,Sweden,OO,I,0.2
2023/24,Sweden,TO,C,8.9
2023/24,Sweden,TO,E,0.0
2023/24,Sweden,TO,I,1.2
2023/24,Switzerland,OO,C,9.5
2023/24,Switzerland,OO,I,9.5
2023/24,Switzerland,TO,C,7.5
2023/24,Switzerland,TO,E,0.0
2023/24,Switzerland,TO,I,7.5
2023/24,Syria,OO,C,51.0
2023/24,Syria,OO,E,48.0
2023/24,Syria,OO,I,0.0
2023/24,Syria,OO,P,80.0
2023/24,Syria,TO,C,95.0
2023/24,Syria,TO,E,1.5
2023/24,Syria,TO,I,0.0
2023/24,Syria,TO,P,96.5
2023/24,Taiwan,OO,C,7.0
2023/24,Taiwan,OO,I,7.0
2023/24,Tunisia,OO,C,28.0
2023/24,Tunisia,OO,E,196.5
2023/24,Tunisia,OO,I,0.0
2023/24,Tunisia,OO,P,220.0
2023/24,Tunisia,TO,C,24.0
2023/24,Tunisia,TO,E,1.0
2023/24,Tunisia,TO,I,0.0
2023/24,Tunisia,TO,P,24.0
2023/24,Türkiye,OO,C,165.0
2023/24,Türkiye,OO,E,69.0
2023/24,Türkiye,OO,I,0.0
2023/24,Türkiye,OO,P,215.0
2023/24,Türkiye,TO,C,350.0
2023/24,Türkiye,TO,E,100.0
2023/24,Türkiye,TO,I,0.0
2023/24,Türkiye,TO,P,490.0
2023/24,Uruguay,OO,C,2.0
2023/24,Uruguay,OO,E,0.5
2023/24,Uruguay,OO,I,0.5
2023/24,Uruguay,OO,P,2.0
2023/24,Uruguay,TO,C,2.5
2023/24,Uruguay,TO,E,0.0
2023/24,Uruguay,TO,I,2.5
2023/24,Uruguay,TO,P,0.0
2023/24,USA,OO,C,368.5
2023/24,USA,OO,E,9.0
2023/24,USA,OO,I,362.0
2023/24,USA,OO,P,15.0
2023/24,USA,TO,C,185.5
2023/24,USA,TO,E,5.0
2023/24,USA,TO,I,156.5
2023/24,USA,TO,P,34.0
2023/24,Uzbekistan,OO,C,0.5
2023/24,Uzbekistan,OO,E,0.0
2023/24,Uzbekistan,OO,I,0.5
2023/24,Uzbekistan,OO,P,0.0
2023/24,Uzbekistan,TO,C,0.5
2023/24,Uzbekistan,TO,I,0.5
2023/24,Uzbekistan,TO,P,0.0
2024/25,Albania,OO,C,25.0
2024/25,Albania,OO,E,4.0
2024/25,Albania,OO,I,0.5
2024/25,Albania,OO,P,30.0
2024/25,Albania,TO,C,18.5
2024/25,Albania,TO,E,13.0
2024/25,Albania,TO,I,11.5
2024/25,Albania,TO,P,20.0
2024/25,Algeria,OO,C,90.5
2024/25,Algeria,OO,E,0.0
2024/25,Algeria,OO,I,0.0
2024/25,Algeria,OO,P,85.0
2024/25,Algeria,TO,C,267.5
2024/25,Algeria,TO,E,0.0
2024/25,Algeria,TO,I,0.0
2024/25,Algeria,TO,P,263.5
2024/25,Argentina,OO,C,7.5
2024/25,Argentina,OO,E,25.0
2024/25,Argentina,OO,I,0.5
2024/25,Argentina,OO,P,32.0
2024/25,Argentina,TO,C,25.0
2024/25,Argentina,TO,E,50.0
2024/25,Argentina,TO,I,0.0
2024/25,Argentina,TO,P,75.0
2024/25,Australia,OO,C,51.5
2024/25,Australia,OO,E,2.0
2024/25,Australia,OO,I,33.0
2024/25,Australia,OO,P,20.5
2024/25,Australia,TO,C,22.5
2024/25,Australia,TO,E,0.0
2024/25,Australia,TO,I,19.5
2024/25,Australia,TO,P,3.0
2024/25,Austria,OO,C,9.8
2024/25,Austria,OO,E,0.3
2024/25,Austria,OO,I,0.2
2024/25,Austria,TO,C,4.4
2024/25,Austria,TO,E,0.1
2024/25,Austria,TO,I,0.7
2024/25,Azerbaïdjan,OO,C,2.5
2024/25,Azerbaïdjan,OO,E,0.0
2024/25,Azerbaïdjan,OO,I,0.5
2024/25,Azerbaïdjan,OO,P,2.0
2024/25,Azerbaïdjan,TO,C,5.0
2024/25,Azerbaïdjan,TO,E,0.0
2024/25,Azerbaïdjan,TO,I,0.0
2024/25,Azerbaïdjan,TO,P,5.0
2024/25,Belgium,OO,C,14.2
2024/25,Belgium,OO,E,3.5
2024/25,Belgium,OO,I,1.7
2024/25,Belgium,TO,C,14.9
2024/25,Belgium,TO,E,1.3
2024/25,Belgium,TO,I,13.1
2024/25,Bosnie-Herzégovine,OO,C,0.5
2024/25,Bosnie-Herzégovine,OO,E,0.0
2024/25,Bosnie-Herzégovine,OO,I,0.5
2024/25,Bosnie-Herzégovine,OO,P,0.0
2024/25,Bosnie-Herzégovine,TO,C,1.0
2024/25,Bosnie-Herzégovine,TO,E,0.0
2024/25,Bosnie-Herzégovine,TO,I,0.5
2024/25,Bosnie-Herzégovine,TO,P,0.5
2024/25,Brazil,OO,C,95.0
2024/25,Brazil,OO,E,0.0
2024/25,Brazil,OO,I,95.0
2024/25,Brazil,TO,C,122.5
2024/25,Brazil,TO,E,0.0
2024/25,Brazil,TO,I,122.5
2024/25,Bulgaria,OO,C,4.1
2024/25,Bulgaria,OO,E,0.0
2024/25,Bulgaria,OO,I,0.1
2024/25,Bulgaria,TO,C,12.6
2024/25,Bulgaria,TO,E,0.2
2024/25,Bulgaria,TO,I,5.5
2024/25,Canada,OO,C,54.5
2024/25,Canada,OO,I,54.5
2024/25,Canada,TO,C,36.5
2024/25,Canada,TO,E,0.0
2024/25,Canada,TO,I,36.5
2024/25,Canada,TO,P,0.0
2024/25,Chile,OO,C,9.0
2024/25,Chile,OO,E,16.5
2024/25,Chile,OO,I,3.0
2024/25,Chile,OO,P,22.5
2024/25,Chile,TO,C,33.0
2024/25,Chile,TO,E,1.0
2024/25,Chile,TO,I,17.5
2024/25,Chile,TO,P,14.5
2024/25,China,OO,C,53.0
2024/25,China,OO,I,44.0
2024/25,China,OO,P,9.0
2024/25,Croatia,OO,C,8.0
2024/25,Croatia,OO,E,0.3
2024/25,Croatia,OO,I,0.0
2024/25,Croatia,OO,P,3.5
2024/25,Croatia,TO,C,3.4
2024/25,Croatia,TO,E,0.2
2024/25,Croatia,TO,I,0.0
2024/25,Croatia,TO,P,0.7
2024/25,Cyprus,OO,C,3.7
2024/25,Cyprus,OO,E,0.1
2024/25,Cyprus,OO,I,0.0
2024/25,Cyprus,OO,P,3.8
2024/25,Cyprus,TO,C,5.6
2024/25,Cyprus,TO,E,0.0
2024/25,Cyprus,TO,I,0.1
2024/25,Cyprus,TO,P,4.0
2024/25,Czech. Rep.,OO,C,2.8
2024/25,Czech. Rep.,OO,E,0.0
2024/25,Czech. Rep.,OO,I,0.0
2024/25,Czech. Rep.,TO,C,4.7
2024/25,Czech. Rep.,TO,E,0.0
2024/25,Czech. Rep.,TO,I,0.0
2024/25,Denmark,OO,C,8.3
2024/25,Denmark,OO,E,0.1
2024/25,Denmark,OO,I,0.0
2024/25,Denmark,TO,C,3.6
2024/25,Denmark,TO,E,0.1
2024/25,Denmark,TO,I,0.4
2024/25,Egypt,OO,C,41.0
2024/25,Egypt,OO,E,1.0
2024/25,Egypt,OO,I,2.0
2024/25,Egypt,OO,P,40.0
2024/25,Egypt,TO,C,500.0
2024/25,Egypt,TO,E,103.5
2024/25,Egypt,TO,I,1.0
2024/25,Egypt,TO,P,600.0
2024/25,Estonia,OO,C,0.7
2024/25,Estonia,OO,E,0.0
2024/25,Estonia,OO,I,0.0
2024/25,Estonia,TO,C,0.4
2024/25,Estonia,TO,E,0.0
2024/25,Estonia,TO,I,0.0
2024/25,EU,OO,C,1.0
2024/25,EU,OO,E,715.0
2024/25,EU,OO,I,215.0
2024/25,EU,OO,P,1973.0
2024/25,EU,TO,C,602.5
2024/25,EU,TO,E,309.0
2024/25,EU,TO,I,112.0
2024/25,EU,TO,P,795.0
2024/25,Finland,OO,C,3.2
2024/25,Finland,OO,E,0.0
2024/25,Finland,OO,I,0.1
2024/25,Finland,TO,C,2.0
2024/25,Finland,TO,E,0.0
2024/25,Finland,TO,I,0.0
2024/25,France,OO,C,111.7
2024/25,France,OO,E,1.3
2024/25,France,OO,I,7.9
2024/25,France,OO,P,6.3
2024/25,France,TO,C,89.0
2024/25,France,TO,E,1.6
2024/25,France,TO,I,29.0
2024/25,France,TO,P,1.1
2024/25,Georgia,OO,C,0.5
2024/25,Georgia,OO,E,0.0
2024/25,Georgia,OO,I,0.5
2024/25,Georgia,OO,P,0.0
2024/25,Georgia,TO,C,2.0
2024/25,Georgia,TO,E,0.0
2024/25,Georgia,TO,I,2.0
2024/25,Georgia,TO,P,0.0
2024/25,Germany,OO,C,55.7
2024/25,Germany,OO,E,0.7
2024/25,Germany,OO,I,1.0
2024/25,Germany,TO,C,46.4
2024/25,Germany,TO,E,0.9
2024/25,Germany,TO,I,8.7
2024/25,Greece,OO,C,110.0
2024/25,Greece,OO,E,20.0
2024/25,Greece,OO,I,0.0
2024/25,Greece,OO,P,250.0
2024/25,Greece,TO,C,15.5
2024/25,Greece,TO,E,97.1
2024/25,Greece,TO,I,12.5
2024/25,Greece,TO,P,238.5
2024/25,Hungary,OO,C,3.2
2024/25,Hungary,OO,E,0.0
2024/25,Hungary,OO,I,0.0
2024/25,Hungary,TO,C,4.2
2024/25,Hungary,TO,E,0.1
2024/25,Hungary,TO,I,0.0
2024/25,Iran,OO,C,15.0
2024/25,Iran,OO,E,1.0
2024/25,Iran,OO,I,1.5
2024/25,Iran,OO,P,16.5
2024/25,Iran,TO,C,81.0
2024/25,Iran,TO,E,4.0
2024/25,Iran,TO,I,0.0
2024/25,Iran,TO,P,91.0
2024/25,Iraq,OO,C,2.0
2024/25,Iraq,OO,E,0.0
2024/25,Iraq,OO,I,2.0
2024/25,Iraq,OO,P,0.0
2024/25,Iraq,TO,C,25.0
2024/25,Iraq,TO,E,0.0
2024/25,Iraq,TO,I,16.0
2024/25,Iraq,TO,P,10.5
2024/25,Ireland,OO,C,5.2
2024/25,Ireland,OO,E,0.1
2024/25,Ireland,OO,I,1.3
2024/25,Ireland,TO,C,3.9
2024/25,Ireland,TO,E,0.0
2024/25,Ireland,TO,I,0.5
2024/25,Israel,OO,C,33.5
2024/25,Israel,OO,E,0.0
2024/25,Israel,OO,I,10.0
2024/25,Israel,OO,P,15.0
2024/25,Israel,TO,C,35.5
2024/25,Israel,TO,E,0.0
2024/25,Israel,TO,I,24.5
2024/25,Israel,TO,P,16.0
2024/25,Italy,OO,C,395.0
2024/25,Italy,OO,E,210.5
2024/25,Italy,OO,I,95.0
2024/25,Italy,OO,P,224.0
2024/25,Italy,TO,C,120.5
2024/25,Italy,TO,E,17.5
2024/25,Italy,TO,I,11.5
2024/25,Italy,TO,P,61.5
2024/25,Japan,OO,C,58.0
2024/25,Japan,OO,I,58.0
2024/25,Japan,TO,C,4.5
2024/25,Japan,TO,E,0.0
2024/25,Japan,TO,I,4.5
2024/25,Japan,TO,P,0.0
2024/25,Jordan,OO,C,23.5
2024/25,Jordan,OO,E,4.0
2024/25,Jordan,OO,I,0.0
2024/25,Jordan,OO,P,27.5
2024/25,Jordan,TO,C,24.5
2024/25,Jordan,TO,E,6.5
2024/25,Jordan,TO,I,1.5
2024/25,Jordan,TO,P,29.5
2024/25,Latvia,OO,C,0.8
2024/25,Latvia,OO,E,0.1
2024/25,Latvia,OO,I,0.0
2024/25,Latvia,TO,C,0.9
2024/25,Latvia,TO,E,0.1
2024/25,Latvia,TO,I,0.0
2024/25,Lebanon,OO,C,14.5
2024/25,Lebanon,OO,E,4.5
2024/25,Lebanon,OO,I,0.0
2024/25,Lebanon,OO,P,19.0
2024/25,Lebanon,TO,C,14.5
2024/25,Lebanon,TO,E,3.5
2024/25,Lebanon,TO,I,3.5
2024/25,Lebanon,TO,P,15.5
2024/25,Libya,OO,C,15.5
2024/25,Libya,OO,E,0.0
2024/25,Libya,OO,I,0.0
2024/25,Libya,OO,P,16.0
2024/25,Libya,TO,C,12.0
2024/25,Libya,TO,E,0.0
2024/25,Libya,TO,I,8.5
2024/25,Libya,TO,P,3.5
2024/25,Lithuania,OO,C,2.4
2024/25,Lithuania,OO,E,0.3
2024/25,Lithuania,OO,I,0.1
2024/25,Lithuania,TO,C,1.0
2024/25,Lithuania,TO,E,0.9
2024/25,Lithuania,TO,I,0.0
2024/25,Luxembourg,OO,C,1.6
2024/25,Luxembourg,OO,E,0.0
2024/25,Luxembourg,OO,I,0.0
2024/25,Luxembourg,TO,C,2.0
2024/25,Luxembourg,TO,E,0.0
2024/25,Luxembourg,TO,I,0.0
2024/25,Malta,OO,C,1.0
2024/25,Malta,OO,E,0.0
2024/25,Malta,OO,I,0.1
2024/25,Malta,OO,P,0.0
2024/25,Malta,TO,C,1.0
2024/25,Malta,TO,E,0.0
2024/25,Malta,TO,I,0.1
2024/25,Malta,TO,P,0.0
2024/25,Mexico,OO,C,13.0
2024/25,Mexico,OO,I,12.0
2024/25,Mexico,TO,C,25.5
2024/25,Mexico,TO,E,5.0
2024/25,Mexico,TO,I,12.5
2024/25,Mexico,TO,P,13.5
2024/25,Montenegro,OO,C,0.5
2024/25,Montenegro,OO,E,0.0
2024/25,Montenegro,OO,I,0.0
2024/25,Montenegro,OO,P,0.5
2024/25,Montenegro,TO,C,0.0
2024/25,Montenegro,TO,E,0.0
2024/25,Montenegro,TO,I,0.0
2024/25,Montenegro,TO,P,0.0
2024/25,Morocco,OO,C,140.0
2024/25,Morocco,OO,E,3.0
2024/25,Morocco,OO,I,30.0
2024/25,Morocco,OO,P,90.0
2024/25,Morocco,TO,C,40.0
2024/25,Morocco,TO,E,88.0
2024/25,Morocco,TO,I,0.0
2024/25,Morocco,TO,P,120.0
2024/25,Netherlands,OO,C,22.1
2024/25,Netherlands,OO,E,1.0
2024/25,Netherlands,OO,I,0.6
2024/25,Netherlands,TO,C,13.9
2024/25,Netherlands,TO,E,1.5
2024/25,Netherlands,TO,I,2.6
2024/25,Norway,OO,C,4.0
2024/25,Norway,OO,I,4.0
2024/25,Oth.non-prod.,OO,C,168.0
2024/25,Oth.non-prod.,OO,I,168.0
2024/25,Oth.non-prod.,TO,C,115.0
2024/25,Oth.non-prod.,TO,E,0.0
2024/25,Oth.non-prod.,TO,I,115.0
2024/25,Other pr.coun.,OO,C,12.5
2024/25,Other pr.coun.,OO,E,5.0
2024/25,Other pr.coun.,OO,I,2.0
2024/25,Other pr.coun.,OO,P,15.5
2024/25,Other pr.coun.,TO,C,25.0
2024/25,Other pr.coun.,TO,E,0.0
2024/25,Other pr.coun.,TO,I,10.0
2024/25,Other pr.coun.,TO,P,15.0
2024/25,Ouzbékistan,TO,E,0.0
2024/25,Palestine,OO,C,16.5
2024/25,Palestine,OO,E,4.0
2024/25,Palestine,OO,I,0.0
2024/25,Palestine,OO,P,22.0
2024/25,Palestine,TO,C,9.5
2024/25,Palestine,TO,E,0.5
2024/25,Palestine,TO,I,0.5
2024/25,Palestine,TO,P,9.5
2024/25,Peru,TO,C,95.5
2024/25,Peru,TO,E,30.5
2024/25,Peru,TO,I,0.5
2024/25,Peru,TO,P,130.5
2024/25,Poland,OO,C,11.0
2024/25,Poland,OO,E,0.8
2024/25,Poland,OO,I,0.0
2024/25,Poland,TO,C,15.0
2024/25,Poland,TO,E,2.6
2024/25,Poland,TO,I,0.6
2024/25,Portugal,OO,C,72.4
2024/25,Portugal,OO,E,60.0
2024/25,Portugal,OO,I,13.7
2024/25,Portugal,OO,P,195.0
2024/25,Portugal,TO,C,5.0
2024/25,Portugal,TO,E,13.2
2024/25,Portugal,TO,I,0.2
2024/25,Portugal,TO,P,21.0
2024/25,Romania,OO,C,5.2
2024/25,Romania,OO,E,0.0
2024/25,Romania,OO,I,0.1
2024/25,Romania,TO,C,29.8
2024/25,Romania,TO,E,0.3
2024/25,Romania,TO,I,15.0
2024/25,Russia,OO,C,16.0
2024/25,Russia,OO,I,16.0
2024/25,Russia,TO,C,21.5
2024/25,Russia,TO,E,0.0
2024/25,Russia,TO,I,21.5
2024/25,Saudi Arabia,OO,C,70.0
2024/25,Saudi Arabia,OO,E,0.5
2024/25,Saudi Arabia,OO,I,37.0
2024/25,Saudi Arabia,OO,P,33.5
2024/25,Saudi Arabia,TO,C,110.0
2024/25,Saudi Arabia,TO,E,0.0
2024/25,Saudi Arabia,TO,I,40.0
2024/25,Saudi Arabia,TO,P,74.0
2024/25,Slovakia,OO,C,1.5
2024/25,Slovakia,OO,E,0.0
2024/25,Slovakia,OO,I,0.0
2024/25,Slovakia,TO,C,3.2
2024/25,Slovakia,TO,E,0.0
2024/25,Slovakia,TO,I,0.0
2024/25,Slovenia,OO,C,2.6
2024/25,Slovenia,OO,E,0.1
2024/25,Slovenia,OO,I,0.0
2024/25,Slovenia,OO,P,0.6
2024/25,Slovenia,TO,C,0.8
2024/25,Slovenia,TO,E,0.0
2024/25,Slovenia,TO,I,0.0
2024/25,Slovenia,TO,P,0.0
2024/25,Spain,OO,C,460.0
2024/25,Spain,OO,E,415.5
2024/25,Spain,OO,I,92.8
2024/25,Spain,OO,P,1289.9
2024/25,Spain,TO,C,190.0
2024/25,Spain,TO,E,171.5
2024/25,Spain,TO,I,10.5
2024/25,Spain,TO,P,468.3
2024/25,Sweden,OO,C,10.4
2024/25,Sweden,OO,E,0.0
2024/25,Sweden,OO,I,0.3
2024/25,Sweden,TO,C,9.0
2024/25,Sweden,TO,E,0.0
2024/25,Sweden,TO,I,1.3
2024/25,Switzerland,OO,C,10.0
2024/25,Switzerland,OO,I,12.5
2024/25,Switzerland,TO,C,7.5
2024/25,Switzerland,TO,E,0.0
2024/25,Switzerland,TO,I,8.0
2024/25,Syria,OO,C,58.5
2024/25,Syria,OO,E,38.0
2024/25,Syria,OO,I,0.0
2024/25,Syria,OO,P,105.0
2024/25,Syria,TO,C,105.0
2024/25,Syria,TO,E,1.5
2024/25,Syria,TO,I,0.0
2024/25,Syria,TO,P,109.0
2024/25,Taiwan,OO,C,7.0
2024/25,Taiwan,OO,I,7.0
2024/25,Tunisia,OO,C,30.0
2024/25,Tunisia,OO,E,310.0
2024/25,Tunisia,OO,I,0.0
2024/25,Tunisia,OO,P,340.0
2024/25,Tunisia,TO,C,26.0
2024/25,Tunisia,TO,E,1.0
2024/25,Tunisia,TO,I,0.0
2024/25,Tunisia,TO,P,28.0
2024/25,Türkiye,OO,C,200.0
2024/25,Türkiye,OO,E,150.0
2024/25,Türkiye,OO,I,0.0
2024/25,Türkiye,OO,P,450.0
2024/25,Türkiye,TO,C,395.0
2024/25,Türkiye,TO,E,125.0
2024/25,Türkiye,TO,I,0.0
2024/25,Türkiye,TO,P,700.0
2024/25,Uruguay,OO,C,1.0
2024/25,Uruguay,OO,E,0.0
2024/25,Uruguay,OO,I,0.0
2024/25,Uruguay,OO,P,1.0
2024/25,Uruguay,TO,C,1.5
2024/25,Uruguay,TO,E,0.0
2024/25,Uruguay,TO,I,1.5
2024/25,Uruguay,TO,P,0.0
2024/25,USA,OO,C,398.0
2024/25,USA,OO,E,10.0
2024/25,USA,OO,I,398.0
2024/25,USA,OO,P,10.0
2024/25,USA,TO,C,190.0
2024/25,USA,TO,E,5.0
2024/25,USA,TO,I,164.0
2024/25,USA,TO,P,36.0
2024/25,Uzbekistan,OO,C,0.5
2024/25,Uzbekistan,OO,E,0.0
2024/25,Uzbekistan,OO,I,0.5
2024/25,Uzbekistan,OO,P,0.0
2024/25,Uzbekistan,TO,C,0.5
2024/25,Uzbekistan,TO,I,0.5
2024/25,Uzbekistan,TO,P,0.0
